Id,Start,Name,Impact,Currency
4927bb21-432d-4cb1-86a1-bc3e9bce887a,10/02/2026 19:30:00,CFTC AUD NC Net Positions,LOW,AUD
675b606a-eaec-459b-b28f-58e09abe530c,10/02/2026 19:30:00,CFTC EUR NC Net Positions,LOW,EUR
9fce7576-f77f-46b0-94dd-db031fa8dd3d,10/02/2026 19:30:00,CFTC JPY NC Net Positions,LOW,JPY
c4330f33-3f30-4aed-b4dd-be690b35d1c7,10/02/2026 19:30:00,CFTC GBP NC Net Positions,LOW,GBP
631221c6-e9c9-420a-a931-e8764c3c50e1,10/02/2026 19:30:00,CFTC Gold NC Net Positions,LOW,USD
9fcb7700-69a3-4ede-bf34-ec1d56df3838,10/02/2026 19:30:00,CFTC Oil NC Net Positions,LOW,USD
fb067288-309c-4190-b752-c8647b8a616d,10/02/2026 19:30:00,CFTC S&P 500 NC Net Positions,LOW,USD
2f843693-b4fe-4966-a985-6c04a180ca23,10/02/2026 19:35:00,ECB's Nagel speech,MEDIUM,EUR
47eedde4-58a4-46ed-9cfb-eebc3edc814e,10/02/2026 22:00:00,Day of German Unity,NONE,EUR
44ee58b8-9ee5-4713-ad3f-14f815a8e7c0,10/03/2026 16:00:00,Daylight Saving Time,NONE,AUD
4b351276-7919-43c0-b513-993b250ac4cc,10/03/2026 16:00:00,National Day,NONE,CNY
4f37eb0e-1640-4c5d-b32a-df5c64ca5f9f,10/04/2026 14:00:00,Labour Day,NONE,AUD
438dba20-d588-4626-a3ce-78731ec431d9,10/04/2026 16:00:00,National Day,NONE,CNY
563cd6f4-2063-40fa-8403-ebaa3f325c33,10/04/2026 23:00:00,S&P Global Composite PMI,MEDIUM,AUD
567fb19c-53be-49ec-ae2e-0f01ac38ef4e,10/04/2026 23:00:00,S&P Global Services PMI,MEDIUM,AUD
5064de46-dfec-4fb9-95c3-24569518e20f,10/05/2026 00:00:00,TD-MI Inflation Gauge (MoM),LOW,AUD
0597b00a-9389-4cdc-8072-0d3cc6316a76,10/05/2026 00:00:00,TD-MI Inflation Gauge (YoY),MEDIUM,AUD
812d511d-27ef-4e78-95d6-d9bf7fdc5e0f,10/05/2026 00:00:00,ANZ Commodity Price,LOW,NZD
9b6d343b-37ae-4586-9396-37e52714956a,10/05/2026 00:30:00,ANZ Job Advertisements,LOW,AUD
889f6094-9947-4cde-9722-1e3e7b8fc41f,10/05/2026 00:30:00,Jibun Bank Services PMI,LOW,JPY
a7691e1b-87d0-4d96-894a-bb8d34944d98,10/05/2026 05:00:00,Consumer Confidence Index,LOW,JPY
ad0b54cf-3480-4f1f-936b-44c577456d0c,10/05/2026 07:15:00,HCOB Services PMI,MEDIUM,EUR
f665e713-f69c-4bdb-8573-88bc87c275e1,10/05/2026 07:45:00,ECB's Nagel speech,MEDIUM,EUR
36a1dec6-ef05-4e07-aefa-f18c93efab6e,10/05/2026 07:45:00,HCOB Services PMI,LOW,EUR
c58661bb-287e-4e10-b695-8dba4b280a71,10/05/2026 07:50:00,HCOB Composite PMI,LOW,EUR
30524aec-f7f4-4c94-b55f-c21024d521fb,10/05/2026 07:50:00,HCOB Services PMI,LOW,EUR
9caa0dc2-3a6d-4f02-8d37-d60407adf37b,10/05/2026 07:55:00,HCOB Composite PMI,MEDIUM,EUR
017a9cc4-0be5-4e59-83a9-f4c063129b83,10/05/2026 07:55:00,HCOB Services PMI,MEDIUM,EUR
32907180-59e3-4e80-9c52-c330cdd04522,10/05/2026 08:00:00,ECB's Lane speech,MEDIUM,EUR
dee1f692-0e26-4d34-b947-5a179d393367,10/05/2026 08:00:00,HCOB Composite PMI,MEDIUM,EUR
e9086c45-894e-4841-9dd0-5d7e7484590d,10/05/2026 08:00:00,HCOB Services PMI,LOW,EUR
2cecc584-ee61-4581-bc2f-08e369c512b7,10/05/2026 08:00:00,Public Deficit/GDP,LOW,EUR
3491b4b1-07fe-4240-90d6-fb6381341f64,10/05/2026 08:30:00,Sentix Investor Confidence,MEDIUM,EUR
c5359a4e-475f-44ad-942c-a56bad91ae98,10/05/2026 08:30:00,S&P Global Composite PMI,LOW,GBP
467ba32a-2df2-4f10-b844-f9884224e8fe,10/05/2026 08:30:00,S&P Global Services PMI,LOW,GBP
dbe133ab-7adc-4742-997e-e6103e557751,10/05/2026 09:00:00,ECB's Schnabel speech,MEDIUM,EUR
c3c416bc-2de0-43f0-bf18-70686abea7d3,10/05/2026 09:00:00,Producer Price Index (MoM),MEDIUM,EUR
93ee0549-cffe-49b7-a567-81520b25d56b,10/05/2026 09:00:00,Producer Price Index (YoY),MEDIUM,EUR
f1d2d784-e5fb-416c-b388-54feae2ce150,10/05/2026 13:45:00,S&P Global Composite PMI,MEDIUM,USD
7256a289-5529-4ad9-a998-7abe47a05bbe,10/05/2026 13:45:00,S&P Global Services PMI,LOW,USD
c8608ec5-696d-426d-a2df-6c2fa03fccfb,10/05/2026 14:00:00,ISM Services Employment Index,MEDIUM,USD
b87c6f73-f35c-42b1-a4c1-0b6585af8b18,10/05/2026 14:00:00,ISM Services New Orders Index,MEDIUM,USD
01cb6076-cca0-46ff-b8a7-98f6bd803237,10/05/2026 14:00:00,ISM Services PMI,HIGH,USD
34f9de14-a9da-4cd7-a945-f2836056421c,10/05/2026 14:00:00,ISM Services Prices Paid,MEDIUM,USD
53e2320b-2dff-4c53-b5f9-261943877f24,10/05/2026 15:30:00,3-Month Bill Auction,LOW,USD
9df4e31f-66c2-4e6c-9104-679b28a0a278,10/05/2026 15:30:00,6-Month Bill Auction,LOW,USD
e9836b46-f3be-41ac-a589-cd49cd3f3ece,10/05/2026 16:00:00,National Day,NONE,CNY
34f7a4ca-06ff-4e26-ae6e-2475b5027d47,10/05/2026 21:00:00,NZIER Business Confidence (QoQ),MEDIUM,NZD
f6edd1bb-33ea-40a2-addf-f13faafce6e6,10/06/2026 03:35:00,10-y Bond Auction,LOW,JPY
d34f3b96-9b86-4fa2-85aa-4b6da32f8ea6,10/06/2026 06:00:00,Factory Orders n.s.a. (YoY),MEDIUM,EUR
e2304e47-45b6-4201-b7f6-66ca420a2f8a,10/06/2026 06:00:00,Factory Orders s.a. (MoM),MEDIUM,EUR
e2c43716-6943-4b1e-b5f3-b90c464da174,10/06/2026 06:45:00,Budget Balance,LOW,EUR
5e9c480c-6903-4d5e-ba58-b9552e21f9a9,10/06/2026 06:45:00,Industrial Output (MoM),LOW,EUR
4eb0aedf-8f3c-4d33-9ae6-cac10216c074,10/06/2026 07:00:00,Industrial Output Cal Adjusted (YoY),LOW,EUR
ec5dcbc5-e596-499f-ab06-9ad39da5047f,10/06/2026 08:00:00,Unemployment Rate s.a (MoM),LOW,CHF
29be0f8c-284d-472b-bd4f-bba3bacd0427,10/06/2026 08:30:00,S&P Global Construction PMI,LOW,GBP
0996affb-c3fd-47a4-84b5-dfb7fb7780bd,10/06/2026 08:40:00,12-Month Letras Auction,LOW,EUR
5e6326c8-a82b-4093-b097-f9cfac44daaf,10/06/2026 08:40:00,6-Month Letras Auction,LOW,EUR
cd63d43d-f583-4947-9123-1114613f4404,10/06/2026 08:40:00,BoE's Mann speech,MEDIUM,GBP
2cfbef2a-5123-4517-8e60-0f638c1c4cbd,10/06/2026 09:00:00,Retail Sales (MoM),MEDIUM,EUR
11a428a1-d3b5-41e5-a37c-f6da12204950,10/06/2026 09:00:00,Retail Sales (YoY),HIGH,EUR
e4b88b30-59ab-4cb5-a794-94a2ffada5b0,10/06/2026 12:15:00,ADP Employment Change 4-week average,MEDIUM,USD
28d0ed94-330b-4a72-9d02-309a472abeae,10/06/2026 12:30:00,Exports,LOW,CAD
83254e97-25df-4c77-8886-e65c264fc164,10/06/2026 12:30:00,Imports,LOW,CAD
f6846434-0b31-4e85-a23e-1dd3bad16389,10/06/2026 12:30:00,International Merchandise Trade,LOW,CAD
043eedaf-7651-4d10-b6f6-5f4ab4e3ee86,10/06/2026 12:30:00,Goods and Services Trade Balance,LOW,USD
720e24e2-ec25-4fe2-b547-d60cc88991b0,10/06/2026 12:30:00,Goods Trade Balance,LOW,USD
c9fca93e-b534-41bc-bf13-9c13452686b8,10/06/2026 12:55:00,Redbook Index (YoY),LOW,USD
5ba3d0cc-1559-4cd6-9647-31f5021346bf,10/06/2026 13:00:00,ECB's Cipollone speech,MEDIUM,EUR
b83d6347-bac4-43c4-905e-79bd3f8c13df,10/06/2026 13:00:00,ECB's Elderson speech,MEDIUM,EUR
bbbf280a-03cf-4abb-afd6-02f2c7332d6e,10/06/2026 13:05:00,Fed's Williams speech,MEDIUM,USD
9444c2f7-132e-4593-8fd9-df41c526d519,10/06/2026 14:00:00,Ivey Purchasing Managers Index,MEDIUM,CAD
030cf7c5-a8a2-4ba1-b03a-5df3d6b11845,10/06/2026 14:00:00,Ivey Purchasing Managers Index s.a,MEDIUM,CAD
8cc392b4-519e-4db5-b578-461453747c11,10/06/2026 14:00:00,RealClearMarkets/TIPP Economic Optimism (MoM),LOW,USD
10955351-2dc7-4bc8-bba3-b9739e76dc69,10/06/2026 14:45:00,Fed's Bowman speech,MEDIUM,USD
335e51ba-e609-40c9-ab93-4f838f5628e2,10/06/2026 15:00:00,GDT Price Index,LOW,NZD
608b64df-30d0-4381-b286-289e1768ac7f,10/06/2026 16:00:00,National Day,NONE,CNY
fdc2a609-1fb4-4ff7-90f4-60a97d83d00d,10/06/2026 17:00:00,3-Year Note Auction,LOW,USD
bdc7801d-8510-4744-a489-fb70eac99dad,10/06/2026 20:30:00,API Weekly Crude Oil Stock,LOW,USD
e0bc3041-cf42-4f21-8ea7-b7e9180872ba,10/06/2026 22:00:00,Ai Group Construction PMI,LOW,AUD
0e63bd92-b1eb-4ab0-996a-8b9200762332,10/06/2026 22:00:00,Ai Group Manufacturing PMI,LOW,AUD
6646591f-f289-492a-9dd6-4da49945fc01,10/06/2026 22:00:00,AiG Industry Index,MEDIUM,AUD
799c49a6-84d0-4492-983d-2e159620b40e,10/06/2026 23:30:00,Labor Cash Earnings (YoY),MEDIUM,JPY
21d0078f-3933-4cfc-9995-23b6c2fb53d2,10/06/2026 23:50:00,JP Foreign Reserves,LOW,JPY
ccc70f45-dbeb-4acd-9106-77024af5bc38,10/07/2026 05:00:00,ECB's Cipollone speech,MEDIUM,EUR
22fce68b-a300-44cb-ac58-a20b347aac66,10/07/2026 05:00:00,Coincident Index,LOW,JPY
0cc3fef9-6249-40cf-9087-90cd70113fdf,10/07/2026 05:00:00,Leading Economic Index,LOW,JPY
37feb17d-a9bc-49cd-a856-835e468b3fc1,10/07/2026 06:00:00,Industrial Production n.s.a. w.d.a. (YoY),MEDIUM,EUR
6c099015-225c-41c7-a1a1-8a2f70affedb,10/07/2026 06:00:00,Industrial Production s.a. (MoM),MEDIUM,EUR
afabfe00-ec93-4e56-bc54-79a8cb9105d4,10/07/2026 06:00:00,Lloyds House Price Index (MoM),LOW,GBP
899f110c-d6e1-4cbc-b630-c76d3040f3ac,10/07/2026 06:00:00,Lloyds House Price Index (YoY),LOW,GBP
3550e6e6-59a4-44aa-af33-e7b34937793b,10/07/2026 06:45:00,Current Account,LOW,EUR
1ec8e5c1-50b7-4906-a0ac-4ce4bf960df5,10/07/2026 06:45:00,"Exports, EUR",LOW,EUR
80596902-f6b3-467a-81c5-b9522235143b,10/07/2026 06:45:00,"Imports, EUR",LOW,EUR
1247c297-cd48-4f0e-ab6b-e7df95773d82,10/07/2026 06:45:00,Trade Balance EUR,LOW,EUR
2c0ae527-6c9a-4035-a1d7-5fa772db080e,10/07/2026 07:00:00,Foreign Currency Reserves,LOW,CHF
9800e2a3-03da-46d8-97ae-291ecf32dfee,10/07/2026 07:20:00,ECB's Vujčić speech,MEDIUM,EUR
4317e367-b4a8-48f2-be30-bc868d7cf93c,10/07/2026 08:00:00,Foreign Exchange Reserves (MoM),LOW,CNY
2d100fe1-5948-4741-ad42-44e4a50226ff,10/07/2026 11:00:00,MBA Mortgage Applications,LOW,USD
23d4f861-ceb4-415f-a8fc-202439295086,10/07/2026 14:30:00,EIA Crude Oil Stocks Change,LOW,USD
a5a4945a-eca7-4fbf-ad9d-ba81cb5d2d92,10/07/2026 14:30:00,EIA Distillate Stocks Change,LOW,USD
ec2a1495-6a2a-4459-ad57-f561bc0c91bc,10/07/2026 14:30:00,EIA Gasoline Stocks Change,LOW,USD
4994df27-6854-45a7-89c2-4bd4957dee31,10/07/2026 14:30:00,EIA Heating Oil Stocks Change,LOW,USD
87e53130-4beb-489a-96d1-3b482f574310,10/07/2026 17:00:00,10-Year Note Auction,LOW,USD
5660f332-f569-4ed9-805a-9a0b0eed9b63,10/07/2026 17:30:00,ECB's Vujčić speech,MEDIUM,EUR
02a53a33-4794-47f5-9def-bc39d26272b3,10/07/2026 18:00:00,FOMC Minutes,HIGH,USD
729d32d5-c19b-4601-a071-8e149563d435,10/07/2026 19:00:00,Consumer Credit Change,LOW,USD
f60d239e-a2b6-45df-a8bc-f423c81f68c7,10/07/2026 23:01:00,RICS Housing Price Balance,LOW,GBP
53d9e979-30b7-46ed-956d-bd379c8732ed,10/07/2026 23:50:00,Current Account n.s.a.,MEDIUM,JPY
7a3a3e00-ea67-49f1-9dd8-090f58251c17,10/07/2026 23:50:00,Foreign Bond Investment,LOW,JPY
f45e07c3-da50-4959-9e24-86d0b43db468,10/07/2026 23:50:00,Foreign Investment in Japan Stocks,LOW,JPY
ecdf515b-ba4f-4bab-bc45-08c28d3f2aba,10/07/2026 23:50:00,Trade Balance - BOP Basis,LOW,JPY
8d565384-6230-443e-8299-614fd64f39c3,10/08/2026 05:00:00,Eco Watchers Survey: Current,LOW,JPY
5822c98c-d50e-4bd3-8c6d-66409d7eddf9,10/08/2026 05:00:00,Eco Watchers Survey: Outlook,LOW,JPY
e72e6290-c24c-437a-97a8-7723d787d310,10/08/2026 06:00:00,Exports (MoM),LOW,EUR
4d32725c-6fcd-4082-8518-2b83b8f4b9e9,10/08/2026 06:00:00,Imports (MoM),LOW,EUR
47b61a07-2bd6-48d2-9e1a-59823a516083,10/08/2026 06:00:00,Trade Balance s.a.,MEDIUM,EUR
76b44761-ac80-47ca-b28c-9b10d8605d9e,10/08/2026 08:00:00,Eurogroup Meeting,MEDIUM,EUR
b6bdd8c9-325f-4388-89fa-61a389eb948d,10/08/2026 08:00:00,RBNZ's Breman speech,HIGH,NZD
84a59dbf-c873-44fb-ad49-6fce68b08661,10/08/2026 08:30:00,BoE Credit Conditions Survey,LOW,GBP
06b28a61-5faa-4dd6-911e-283ed3a1ef49,10/08/2026 10:00:00,ECB's Lane speech,MEDIUM,EUR
6c63df0d-dc73-4fc9-b38c-cb1261a234ff,10/08/2026 11:30:00,ECB Monetary Policy Meeting Accounts,HIGH,EUR
ca5d9523-c7af-4346-b865-5f1464c7c4b3,10/08/2026 12:30:00,Continuing Jobless Claims,LOW,USD
9b347ce9-d89e-44e3-92c1-a530ea21db90,10/08/2026 12:30:00,Initial Jobless Claims,MEDIUM,USD
234f33ed-4ee3-490f-be7b-0c6f7209edc1,10/08/2026 12:30:00,Initial Jobless Claims 4-week average,LOW,USD
c462d5a0-294f-4213-a33e-9d1a5775dd57,10/08/2026 13:00:00,BoE's Lombardelli speech,MEDIUM,GBP
44ec4b6c-5af1-4ea3-a27c-679ca06bc44b,10/08/2026 14:00:00,Wholesale Inventories,LOW,USD
0b480de8-55e4-428e-a596-d64567bef557,10/08/2026 14:30:00,EIA Natural Gas Storage Change,LOW,USD
1294be93-8582-43af-8556-bff30b4d7f4f,10/08/2026 15:30:00,4-Week Bill Auction,LOW,USD
ea8dd0f6-6efc-4a7b-ac69-a84310157370,10/08/2026 17:00:00,30-Year Bond Auction,LOW,USD
73398fea-be48-4b81-92b0-b65d4f0ab4db,10/08/2026 17:40:00,Fed's Musalem speech,MEDIUM,USD
6c40c52d-bd98-4b06-84cf-9ba0000675e5,10/08/2026 23:30:00,Overall Household Spending (YoY),LOW,JPY
c1a6fdf1-45e3-472a-bd2c-c936b50286a1,10/09/2026 08:00:00,EcoFin Meeting,MEDIUM,EUR
74644dda-73a8-47e6-bacd-ed1fd9fd48ae,10/09/2026 08:00:00,Industrial Output s.a. (MoM),LOW,EUR
63ed7678-130e-4857-a2a3-61ac4e102b4c,10/09/2026 08:00:00,Industrial Output w.d.a (YoY),LOW,EUR
0a8e9dd4-e334-47e2-8b79-b08443ebc592,10/09/2026 12:30:00,Average Hourly Wages (YoY),MEDIUM,CAD
beb43555-5621-4b3b-8c5b-6110443e9ce7,10/09/2026 12:30:00,Net Change in Employment,MEDIUM,CAD
d94b70a4-94d7-427a-b74e-e7e5743610ac,10/09/2026 12:30:00,Participation Rate,LOW,CAD
407585b8-2351-4d13-b0bd-2ff8ae3ec458,10/09/2026 12:30:00,Unemployment Rate,HIGH,CAD
25bed085-7106-40a7-af6e-ffe204040362,10/09/2026 14:00:00,Michigan Consumer Expectations Index,MEDIUM,USD
43c05090-4826-452f-bcb9-232a1c32cf38,10/09/2026 14:00:00,Michigan Consumer Sentiment Index,HIGH,USD
9e6fdf07-7ef9-4265-9fb6-c369830059c8,10/09/2026 14:00:00,UoM 1-year Consumer Inflation Expectations,MEDIUM,USD
3aba6f1e-e841-4b9e-a867-73a42cc6fc96,10/09/2026 14:00:00,UoM 5-year Consumer Inflation Expectation,MEDIUM,USD
4e82f33b-f4c5-4da3-9d0e-d68e8086dc15,10/09/2026 16:00:00,USDA WASDE Report,LOW,USD
f20de3dd-9f91-4d7f-9be9-ef1682a200b0,10/09/2026 17:00:00,Baker Hughes US Oil Rig Count,LOW,USD
f73cb51a-c722-4ece-a1df-02136dee1528,10/09/2026 19:30:00,CFTC AUD NC Net Positions,LOW,AUD
8a3278af-8b07-4ba0-801a-4ab821f2e2b4,10/09/2026 19:30:00,CFTC EUR NC Net Positions,LOW,EUR
af409a84-54eb-425d-9787-dc70cd0e942b,10/09/2026 19:30:00,CFTC JPY NC Net Positions,LOW,JPY
c5ec23ed-d05e-4979-8965-e78ac5a79b36,10/09/2026 19:30:00,CFTC GBP NC Net Positions,LOW,GBP
b7f5af83-7cad-4bb9-b850-52fa3e78b305,10/09/2026 19:30:00,CFTC Gold NC Net Positions,LOW,USD
6be6fde5-a346-43f2-bd51-ca0f7534298e,10/09/2026 19:30:00,CFTC Oil NC Net Positions,LOW,USD
9914478c-8c91-48eb-8eea-c43b15c85815,10/09/2026 19:30:00,CFTC S&P 500 NC Net Positions,LOW,USD
18400d33-83a9-4c23-a97d-179f49bc5c52,10/11/2026 15:00:00,Health-Sports Day,NONE,JPY
ce051e86-1788-4e51-9419-216837ba992e,10/11/2026 22:00:00,Spanish National Day,NONE,EUR
a07e6ac5-50fb-4ed1-8f83-ae563f7a278f,10/12/2026 00:00:00,IMF Meeting,MEDIUM,USD
a70a3baf-f16f-4bb0-8e7a-a906ddb6d352,10/12/2026 05:00:00,Thanksgiving Day,NONE,CAD
0ac8900e-02b4-421c-a744-ad24866d4875,10/12/2026 05:00:00,Columbus Day,NONE,USD
1ceae08c-e53f-423a-bc24-555371b9c869,10/12/2026 16:50:00,Fed's Hammack speech,MEDIUM,USD
1d5a44a5-7b52-40b5-8d79-05f497c9dcf6,10/12/2026 23:01:00,BRC Like-For-Like Retail Sales (YoY),MEDIUM,GBP
8b196348-700c-432c-93d0-35a0aa15b48a,10/12/2026 23:30:00,Westpac Consumer Confidence,MEDIUM,AUD
9dd7f94a-3a5c-4439-b4b8-0f0623f7b251,10/12/2026 23:50:00,Bank Lending (YoY),LOW,JPY
ab465417-cb3e-4f68-b107-644a4b8a922a,10/12/2026 23:50:00,Producer Price Index (MoM),LOW,JPY
cc0aa5f9-ab54-4401-92fd-441f0700806e,10/12/2026 23:50:00,Producer Price Index (YoY),LOW,JPY
02ab7e59-f4b0-4d18-b43d-22f2fbe9d2f7,10/13/2026 00:00:00,IMF Meeting,MEDIUM,USD
d37d1358-f4cd-4c19-a24f-7b916e63eaff,10/13/2026 00:30:00,National Australia Bank's Business Conditions,LOW,AUD
a3b4cf64-4187-4cf4-9d61-6c57bacd9cfa,10/13/2026 00:30:00,National Australia Bank's Business Confidence,LOW,AUD
518da2d5-3093-4cb0-84e6-1979d2285d27,10/13/2026 00:30:00,RBA Meeting Minutes,HIGH,AUD
7b3cc937-e765-4547-af96-bf73b281d738,10/13/2026 06:00:00,Consumer Price Index (MoM),LOW,EUR
72649091-3592-4be6-a316-753972fe535b,10/13/2026 06:00:00,Consumer Price Index (YoY),LOW,EUR
7aee7eb6-0a06-4d22-9a94-0e4024053eed,10/13/2026 06:00:00,Harmonized Index of Consumer Prices (MoM),MEDIUM,EUR
3464375f-a0f0-45fa-bb3c-9d1c3e03000a,10/13/2026 06:00:00,Harmonized Index of Consumer Prices (YoY),HIGH,EUR
aa1a8640-0557-4aa5-be75-3f6c68b0e4af,10/13/2026 06:00:00,Machine Tool Orders (YoY),LOW,JPY
9ea35836-faa6-4bea-9e04-167b7b7c290a,10/13/2026 08:40:00,3-Month Letras Auction,LOW,EUR
90ffe5fa-9e96-438f-809a-66d4aa2ab90d,10/13/2026 08:40:00,9-Month Letras Auction,LOW,EUR
1044be72-fa33-4fec-b6a0-fb0593d57dcf,10/13/2026 09:30:00,5-y Note Auction,LOW,EUR
47d609df-f446-4a7e-900f-39bd2d297526,10/13/2026 10:00:00,M2 Money Supply (YoY),LOW,CNY
0240757c-eaca-4434-906e-b7f608a18459,10/13/2026 10:00:00,New Loans,LOW,CNY
2511ac33-c08a-471e-aa3b-8c04796164df,10/13/2026 10:00:00,NFIB Business Optimism Index,LOW,USD
296f4279-48db-4941-9b30-8505a637ed61,10/13/2026 12:15:00,ADP Employment Change 4-week average,MEDIUM,USD
ece274e7-a30d-4e4c-96d9-ed0842dfb1bf,10/13/2026 12:30:00,Current Account n.s.a.,LOW,EUR
f2a530b3-a35b-4fea-a9f1-dcf224a4a7d9,10/13/2026 12:55:00,Redbook Index (YoY),LOW,USD
70bb1cda-41c9-4622-927e-e87115dc61a9,10/13/2026 14:00:00,Existing Home Sales (MoM),LOW,USD
d26dcd6d-e4cf-4e86-b6ba-354dd99c8b26,10/13/2026 14:00:00,Existing Home Sales Change (MoM),MEDIUM,USD
0d25e56f-12ca-430f-997c-cfd240e5631f,10/13/2026 15:30:00,3-Month Bill Auction,LOW,USD
15864a26-d75b-40d4-8751-b448012f6db8,10/13/2026 15:30:00,6-Month Bill Auction,LOW,USD
8292c36b-4806-4a20-9e73-0dc891fa5e5e,10/13/2026 18:00:00,Monthly Budget Statement,MEDIUM,USD
9281da62-064a-48df-9a32-918c47d15843,10/13/2026 23:50:00,Money Supply M2+CD (YoY),LOW,JPY
74e44f7f-7c8f-4073-8bc6-edcfcfeb22c2,10/14/2026 00:00:00,IMF Meeting,MEDIUM,USD
aa331164-992d-4e99-8c1a-63dd522bc5f1,10/14/2026 01:30:00,Consumer Price Index (MoM),MEDIUM,CNY
9c9530d4-77e3-4bc0-abe0-e5aae4b8767a,10/14/2026 01:30:00,Consumer Price Index (YoY),HIGH,CNY
681a1f51-fc91-4a43-b5c2-9624673f74da,10/14/2026 01:30:00,Producer Price Index (YoY),MEDIUM,CNY
664725d8-a4d0-409a-a672-54cf784ada1e,10/14/2026 03:00:00,Exports (YoY),MEDIUM,CNY
9203417b-50a6-4e56-934e-21194006b0a8,10/14/2026 03:00:00,Exports (YoY) CNY,MEDIUM,CNY
38703363-3a3c-4550-a4c9-fead6340b376,10/14/2026 03:00:00,Imports (YoY),MEDIUM,CNY
bea0353f-c926-4a67-b451-030fbfbf545b,10/14/2026 03:00:00,Imports (YoY) CNY,MEDIUM,CNY
fc99e49e-aa01-49f1-a981-5121022ad963,10/14/2026 03:00:00,Trade Balance CNY,MEDIUM,CNY
c4e4817f-90f2-4e27-9974-910f3bc89951,10/14/2026 03:00:00,Trade Balance USD,MEDIUM,CNY
7bd74517-4e98-460b-a381-233e01a5e198,10/14/2026 06:00:00,Wholesale Price Index (MoM),LOW,EUR
65157e98-c046-4309-9850-ff102745d881,10/14/2026 06:00:00,Wholesale Price Index (YoY),LOW,EUR
bb3c2b75-c1b6-4134-99b9-3050dce06174,10/14/2026 07:00:00,Consumer Price Index (MoM),LOW,EUR
d928b02d-56e0-4b8a-ae0b-68abd3d5446e,10/14/2026 07:00:00,Consumer Price Index (YoY),LOW,EUR
345cf97a-bfe5-439a-b92b-f665a2758308,10/14/2026 07:00:00,Harmonized Index of Consumer Prices (MoM),LOW,EUR
987b9715-35b7-4390-ba94-3bff072942fb,10/14/2026 07:00:00,Harmonized Index of Consumer Prices (YoY),MEDIUM,EUR
815fa896-7774-486e-8275-b104dde63711,10/14/2026 09:30:00,30-y Bond Auction,LOW,EUR
964100b8-f7ac-4e13-9b15-29ad7873f4d8,10/14/2026 11:00:00,NIESR GDP Estimate (3M),LOW,GBP
73a47a59-1614-4614-92b2-2b3e0ad94e42,10/14/2026 11:00:00,MBA Mortgage Applications,LOW,USD
b9267ff4-62be-4507-b351-87608f633cb8,10/14/2026 12:30:00,Building Permits (MoM),LOW,CAD
cbe30686-e724-42b1-b883-36bd8925fe5a,10/14/2026 12:30:00,Consumer Price Index (MoM),HIGH,USD
1e25f809-a3a8-4256-a9f1-de86b4f61f4a,10/14/2026 12:30:00,Consumer Price Index (YoY),HIGH,USD
304b4d0b-73ba-49d5-b2be-76d7c75f7bd4,10/14/2026 12:30:00,Consumer Price Index Core s.a,LOW,USD
cfaffea7-7471-4647-926d-581b3eecb400,10/14/2026 12:30:00,Consumer Price Index ex Food & Energy (MoM),HIGH,USD
e3111bf6-764b-4b93-9319-9fe860d7bf34,10/14/2026 12:30:00,Consumer Price Index ex Food & Energy (YoY),HIGH,USD
34b98fc0-3d41-4392-a238-1cf098d02347,10/14/2026 12:30:00,Consumer Price Index n.s.a (MoM),LOW,USD
81fd484e-0151-4d62-a4fd-7e234d8f330a,10/14/2026 18:00:00,Fed's Beige Book,MEDIUM,USD
2d915a99-15fa-4291-a644-16797294a77d,10/14/2026 20:30:00,API Weekly Crude Oil Stock,LOW,USD
f18f812c-c44e-4523-9f87-302840631110,10/14/2026 21:45:00,Visitor Arrivals (YoY),LOW,NZD
b84c4ae3-02c2-4b1a-8a4c-057641f8131a,10/14/2026 23:50:00,Machinery Orders (MoM),LOW,JPY
f59df0e3-13f9-4ccb-b556-448dd60162b0,10/14/2026 23:50:00,Machinery Orders (YoY),LOW,JPY
27e551fd-01ed-489d-ab21-99862042ecc6,10/15/2026 00:00:00,Consumer Inflation Expectations,MEDIUM,AUD
b724b18d-2303-49f0-9c5b-314211a7cb9c,10/15/2026 00:00:00,IMF Meeting,MEDIUM,USD
24deb0b5-7859-487b-a8bf-c9ba578c5d4a,10/15/2026 00:30:00,Employment Change s.a.,HIGH,AUD
237b17a4-c342-4d88-8023-5171f2f2d884,10/15/2026 00:30:00,Full-Time Employment,MEDIUM,AUD
bf8c59f6-937e-49fc-9e61-4216a13e335d,10/15/2026 00:30:00,National Australia Bank's Business Confidence (QoQ),MEDIUM,AUD
317c2298-8304-4757-a64b-8943bac1b672,10/15/2026 00:30:00,Part-Time Employment,MEDIUM,AUD
9ab7df07-5e54-49f3-8cbc-e0a4cde6ec15,10/15/2026 00:30:00,Participation Rate,MEDIUM,AUD
53c49d70-06aa-48b2-9023-4299940afe21,10/15/2026 00:30:00,Unemployment Rate s.a.,HIGH,AUD
865726b4-9081-4661-a2eb-905008d7e620,10/15/2026 01:30:00,"House Price Index ",LOW,CNY
6da72dfc-68fe-45ee-9af1-26dd27791c9c,10/15/2026 01:30:00,BoJ's Koeda speech,MEDIUM,JPY
b73669a9-3a47-4a6d-ba8b-876893921813,10/15/2026 06:00:00,Goods Trade Balance,LOW,GBP
b8fb7531-361f-4303-9303-5388d9ee19e0,10/15/2026 06:00:00,Gross Domestic Product (MoM),MEDIUM,GBP
5e17fd82-068b-4494-b79a-99106f9b77b0,10/15/2026 06:00:00,Index of Services (3M/3M),LOW,GBP
e3b3752e-7319-4b6f-8c31-f16b5fe2cf89,10/15/2026 06:00:00,Industrial Production (MoM),MEDIUM,GBP
c062bf39-1155-498d-a2e7-9b6e75b81f91,10/15/2026 06:00:00,Industrial Production (YoY),LOW,GBP
2c66dae7-71f3-46d0-b2b5-7e0e54ae7383,10/15/2026 06:00:00,Manufacturing Production (MoM),MEDIUM,GBP
19dcc683-aba4-4265-9c43-91c3e6b87e97,10/15/2026 06:00:00,Manufacturing Production (YoY),LOW,GBP
28757285-93c1-482f-90fd-355ceaf8054f,10/15/2026 06:00:00,Total Trade Balance,LOW,GBP
308a9d95-05e9-4a9f-9261-f548da4ecb95,10/15/2026 06:00:00,Trade Balance; non-EU,LOW,GBP
74c7e316-1542-4fbf-b954-7493f59a99b9,10/15/2026 06:30:00,Producer and Import Prices (MoM),LOW,CHF
b41c989a-0d51-449a-bec5-6621ca6ee584,10/15/2026 06:30:00,Producer and Import Prices (YoY),LOW,CHF
11e803e5-59c5-4296-a106-60a9c0f9f24a,10/15/2026 06:45:00,Consumer Price Index (EU norm) (MoM),LOW,EUR
d6cf5ba5-4c7c-4af6-8408-fb90b6638422,10/15/2026 06:45:00,Consumer Price Index (EU norm) (YoY),MEDIUM,EUR
e0f069c7-900d-4868-8343-b5d7241f7010,10/15/2026 06:45:00,Inflation ex-tobacco (MoM),LOW,EUR
f1c8028c-0d3b-4f2f-b80d-83c09b632e69,10/15/2026 08:40:00,10-y Obligaciones Auction,LOW,EUR
fb152150-b3ea-405d-bfda-f52021d7fb70,10/15/2026 08:40:00,3-y Bond Auction,LOW,EUR
0154f25c-e8e4-40c6-a2a5-bedd34cd3445,10/15/2026 08:40:00,5-y Bond Auction,LOW,EUR
8d8e18b4-30a0-4dad-985e-b2275332ecbc,10/15/2026 09:00:00,Industrial Production s.a. (MoM),MEDIUM,EUR
4e43faef-6c26-4997-971b-7f930f905bcf,10/15/2026 09:00:00,Industrial Production w.d.a. (YoY),LOW,EUR
e5c15ac5-3df5-4c8a-ace2-26c31846d23e,10/15/2026 12:30:00,Manufacturing Sales (MoM),LOW,CAD
9a769215-27a6-445e-aee1-0b1f5e746b70,10/15/2026 12:30:00,Wholesale Sales (MoM),LOW,CAD
5ad23a01-47f5-4f05-be2d-db6209a5f31c,10/15/2026 12:30:00,Continuing Jobless Claims,LOW,USD
435eda76-2a80-4b67-b056-c2bbac99285d,10/15/2026 12:30:00,Initial Jobless Claims,MEDIUM,USD
2ddaa993-714c-401d-b8ea-e091911470f8,10/15/2026 12:30:00,Initial Jobless Claims 4-week average,LOW,USD
98e45dbd-d01c-4808-8474-3207e659a5db,10/15/2026 12:30:00,Philadelphia Fed Manufacturing Survey,MEDIUM,USD
2d0bbcd3-6092-48de-86d7-023f244e4ca0,10/15/2026 12:30:00,Producer Price Index (MoM),MEDIUM,USD
7498f22c-411d-41af-97d7-87a8382bbf09,10/15/2026 12:30:00,Producer Price Index (YoY),MEDIUM,USD
ab3fea1a-0630-4e3a-9659-96f66d1e30d4,10/15/2026 12:30:00,Producer Price Index ex Food & Energy (MoM),MEDIUM,USD
bddcb0ff-7ede-4f39-b61b-5ccbb8ac4fa9,10/15/2026 12:30:00,Producer Price Index ex Food & Energy (YoY),HIGH,USD
9453b39f-605b-4293-b963-452070d91eb0,10/15/2026 12:30:00,Retail Sales (MoM),HIGH,USD
95561f2f-2e55-4024-84ec-1205855137d4,10/15/2026 12:30:00,Retail Sales (YoY),LOW,USD
1113728e-7e61-44c9-acd2-393d3ac0f9cc,10/15/2026 12:30:00,Retail Sales Control Group,HIGH,USD
8baac253-a360-4a8d-8217-fcdeec454348,10/15/2026 12:30:00,Retail Sales ex Autos (MoM),MEDIUM,USD
1698428e-8f29-41e4-ac5a-d78cf5602211,10/15/2026 14:00:00,Business Inventories,LOW,USD
39e21979-d006-4f79-b687-8e47211d5857,10/15/2026 14:30:00,EIA Natural Gas Storage Change,LOW,USD
19b97168-a079-4a4c-b8d7-32b741e2b1a3,10/15/2026 15:30:00,4-Week Bill Auction,LOW,USD
e5e2c65e-a4cb-4b9b-8b85-127ba986f584,10/15/2026 16:00:00,EIA Crude Oil Stocks Change,LOW,USD
b05fbba4-4537-4cca-9b3b-1efdc576e06a,10/15/2026 16:00:00,EIA Distillate Stocks Change,LOW,USD
e844eb06-2739-4ae4-a1cc-04b19bbff976,10/15/2026 16:00:00,EIA Gasoline Stocks Change,LOW,USD
6eaf5af8-3a8b-43ef-824d-be76819d9b8f,10/15/2026 16:00:00,EIA Heating Oil Stocks Change,LOW,USD
732483ed-a026-4962-937a-532dab0f54ad,10/15/2026 17:15:00,RBNZ's Breman speech,HIGH,NZD
8ea6dd49-b95d-4d68-ad06-db62abea6c3a,10/15/2026 20:30:00,Fed's Hammack speech,MEDIUM,USD
07200f28-76bf-432b-88df-392620290b9f,10/15/2026 21:30:00,Business NZ PMI,MEDIUM,NZD
25e919b1-4231-4df6-88ac-dec0fa882d88,10/15/2026 21:45:00,Electronic Card Retail Sales  (MoM),LOW,NZD
18e91523-adf0-48d3-9627-35b84893f199,10/15/2026 21:45:00,Electronic Card Retail Sales (YoY),LOW,NZD
d87674ee-3c49-46a5-b59f-7f7537ced154,10/15/2026 21:45:00,Food Price Index (MoM),LOW,NZD
23e6dc08-e7e1-4b32-9216-7f2231f1ded0,10/15/2026 23:50:00,Foreign Bond Investment,LOW,JPY
0bc635ae-ac3d-46fe-80d2-e6ddbeaee073,10/15/2026 23:50:00,Foreign Investment in Japan Stocks,LOW,JPY
e66bf6f6-db63-4051-91fc-9eebc0f2972e,10/16/2026 00:00:00,IMF Meeting,MEDIUM,USD
76d5b84f-8a82-4e59-9889-78702fe99d5c,10/16/2026 02:00:00,Fixed Asset Investment (YTD) (YoY),LOW,CNY
a884bf0f-756e-47e6-9132-d5e9c964cad2,10/16/2026 02:00:00,Gross Domestic Product (QoQ),HIGH,CNY
07cc3d1b-5831-497c-8dc4-9dece55dcd1f,10/16/2026 02:00:00,Gross Domestic Product (YoY),HIGH,CNY
97342a5f-312c-459e-8b5a-b9d25ca6f0e4,10/16/2026 02:00:00,Industrial Production (YoY),HIGH,CNY
29828179-e070-43ee-b7cb-14bdb805bf65,10/16/2026 02:00:00,Retail Sales (YoY),HIGH,CNY
e6acf525-451b-4855-b680-fe9012e21848,10/16/2026 04:30:00,Capacity Utilization,LOW,JPY
6b3070af-f638-4aa4-87f4-72455f547823,10/16/2026 04:30:00,Industrial Production (MoM),LOW,JPY
c067962f-6f71-448f-9188-f61f006c0c37,10/16/2026 04:30:00,Industrial Production (YoY),LOW,JPY
22dfa5da-5ebe-4d3d-8b52-c46eabdbaf89,10/16/2026 08:00:00,Global Trade Balance,LOW,EUR
cc3b951b-7798-4c26-af22-13e81dfd230a,10/16/2026 08:00:00,Trade Balance EU,LOW,EUR
f1f9a2de-bc5a-44d5-b34c-3ecbf391b11d,10/16/2026 09:00:00,Core Harmonized Index of Consumer Prices (MoM),MEDIUM,EUR
81d87d8d-dcd1-4dc9-84fe-943829c6c25e,10/16/2026 09:00:00,Core Harmonized Index of Consumer Prices (YoY),MEDIUM,EUR
aa1463fc-c6ea-45cb-98dd-b052bb5d274a,10/16/2026 09:00:00,Harmonized Index of Consumer Prices (MoM),MEDIUM,EUR
d5891534-4292-4cda-a4e5-3dfed8b4ef35,10/16/2026 09:00:00,Harmonized Index of Consumer Prices (YoY),LOW,EUR
72a466e3-feea-45a0-9bf6-9be86d4305e2,10/16/2026 09:00:00,Trade Balance n.s.a.,LOW,EUR
00e21f83-7cff-444c-aa57-c68d3592c09d,10/16/2026 09:00:00,Trade Balance s.a.,LOW,EUR
06fd2749-3087-492e-bb4c-09c94b329315,10/16/2026 09:00:00,Consumer Price Index (EU Norm) (MoM),LOW,EUR
e214f95c-4253-44ca-9b7e-eb61582caeb7,10/16/2026 09:00:00,Consumer Price Index (EU Norm) (YoY),MEDIUM,EUR
1f6c2480-eff3-44a2-a75d-6319351693b8,10/16/2026 09:00:00,Consumer Price Index (MoM),LOW,EUR
534e3a65-df13-4e7c-a4af-8e71b1d62ddd,10/16/2026 09:00:00,Consumer Price Index (YoY),MEDIUM,EUR
6b8b796d-75e9-4f1b-a9fa-033ffa44aefb,10/16/2026 12:15:00,Housing Starts s.a (YoY),LOW,CAD
f6f8cf22-fd8f-4675-a8f4-e54f77ce387a,10/16/2026 12:30:00,Canadian Portfolio Investment in Foreign Securities,LOW,CAD
4af05aeb-bd90-46da-a6e8-94b957cc3663,10/16/2026 12:30:00,Foreign Portfolio Investment in Canadian Securities,LOW,CAD
949ef7ae-e98a-42ff-9876-fc25dfa435f0,10/16/2026 12:30:00,Export Price Index (MoM),LOW,USD
1f2ffb7f-7d87-4f71-be90-73e3d4490c7b,10/16/2026 12:30:00,Export Price Index (YoY),LOW,USD
89e82b74-ea53-4c35-8604-aa30a4acf3d6,10/16/2026 12:30:00,Import Price Index (MoM),LOW,USD
3f166b9b-caba-46f9-98bf-9d0053086b88,10/16/2026 12:30:00,Import Price Index (YoY),LOW,USD
8a2e7507-3680-40f6-a50e-5958b94ee8ff,10/16/2026 12:30:00,NY Empire State Manufacturing Index,MEDIUM,USD
c91ceeeb-682a-46ff-959d-9a69e0850068,10/16/2026 13:15:00,Capacity Utilization,LOW,USD
9f26e494-782b-4668-b0c6-b278b3d0a020,10/16/2026 13:15:00,Industrial Production (MoM),MEDIUM,USD
0456252c-6b68-4ca0-a14e-a0b916ee0645,10/16/2026 17:00:00,Baker Hughes US Oil Rig Count,LOW,USD
13647b30-5de1-4af7-823a-77ce77d2419c,10/16/2026 19:30:00,CFTC AUD NC Net Positions,LOW,AUD
3a2bfd97-f6c2-4f85-8a87-eb4f31738131,10/16/2026 19:30:00,CFTC EUR NC Net Positions,LOW,EUR
a57876e7-2c83-494c-8ab0-e5df910fcb00,10/16/2026 19:30:00,CFTC JPY NC Net Positions,LOW,JPY
4c04de07-7a04-4b4a-91a1-142660006374,10/16/2026 19:30:00,CFTC GBP NC Net Positions,LOW,GBP
0a41c129-5ba3-4b6f-be56-3cde5e6312df,10/16/2026 19:30:00,CFTC Gold NC Net Positions,LOW,USD
84f3e5f8-4ad6-4c1a-a661-ea75410c31c3,10/16/2026 19:30:00,CFTC Oil NC Net Positions,LOW,USD
ec933303-971d-45a1-8ba9-92bdd5ece81b,10/16/2026 19:30:00,CFTC S&P 500 NC Net Positions,LOW,USD
07cff94f-7b4a-44ab-a65e-b98c6edc904d,10/16/2026 20:00:00,Net Long-Term TIC Flows,LOW,USD
8b9dd364-8bf0-4482-a74d-a95eb0e53882,10/16/2026 20:00:00,Total Net TIC Flows,LOW,USD
a2caf4ac-c154-4084-98ba-42c3762a62f0,10/17/2026 00:00:00,IMF Meeting,MEDIUM,USD
c2b53cd8-632c-406f-be98-b9a8c1259436,10/18/2026 00:00:00,IMF Meeting,MEDIUM,USD
a1d8a36e-6fa7-49dd-91b9-65588219c47d,10/18/2026 16:00:00,"Chung Yeung Festival ",NONE,CNY
701c636f-31d6-4d85-af26-df23b1cadcb5,10/18/2026 21:30:00,Business NZ PSI,MEDIUM,NZD
ba61560b-399e-4811-b49a-284a28641606,10/18/2026 21:45:00,Exports,MEDIUM,NZD
960ad5f5-065d-40d3-b98b-aac6833883d1,10/18/2026 21:45:00,Imports,MEDIUM,NZD
e5d4f0ab-478b-4daf-8a49-6253ce22de62,10/18/2026 21:45:00,Trade Balance NZD (MoM),LOW,NZD
7a9d0231-c377-4c10-8ea2-8b763eaaa4c3,10/18/2026 21:45:00,Trade Balance NZD (YoY),MEDIUM,NZD
03a3da7a-4ab8-4881-a3ac-fbaa6c926eca,10/18/2026 23:01:00,Rightmove House Price Index (MoM),LOW,GBP
5e53bb90-abfa-4e50-bc52-890a43833cdc,10/18/2026 23:01:00,Rightmove House Price Index (YoY),LOW,GBP
2a55ba86-1e73-4912-9537-980f3209c4e9,10/19/2026 04:30:00,Tertiary Industry Index (MoM),LOW,JPY
1e9dfdc0-3ee3-43f1-82b7-51b3c7dd643f,10/19/2026 09:00:00,FDI - Foreign Direct Investment (YTD) (YoY),LOW,CNY
88a888bb-6440-42ad-ac6f-72aeb6b8500e,10/19/2026 10:00:00,German Buba Monthly Report,MEDIUM,EUR
0bcef3c0-08bc-45fd-9e3b-dea851b2593f,10/19/2026 12:30:00,BoC Consumer Price Index Core (MoM),MEDIUM,CAD
5c23a309-494b-46fe-bdd8-ddbde0e05ca3,10/19/2026 12:30:00,BoC Consumer Price Index Core (YoY),HIGH,CAD
d33e41dd-91cb-4555-9934-6446bea25438,10/19/2026 12:30:00,Consumer Price Index - Core (MoM),LOW,CAD
1c13d46d-f8ef-4c5e-9c39-ab6bf9a15c73,10/19/2026 12:30:00,Consumer Price Index (MoM),MEDIUM,CAD
47a521e9-988a-4932-9cf4-0658ef86a122,10/19/2026 12:30:00,Consumer Price Index (YoY),HIGH,CAD
9ad5695f-a60e-4745-88bf-939023b332b0,10/19/2026 14:00:00,NAHB Housing Market Index,LOW,USD
4a9d7ee1-6761-485a-8372-d20a7d73cace,10/19/2026 14:30:00,Bank of Canada Business Outlook Survey,MEDIUM,CAD
2f4ec87c-02bc-43f3-b59b-09914f04af7b,10/19/2026 15:30:00,3-Month Bill Auction,LOW,USD
42d17e91-5bd2-47a9-af83-47cf0f372ca0,10/19/2026 15:30:00,6-Month Bill Auction,LOW,USD
b9ed8146-9766-4b6c-a8fd-9f2ad7cf0ce2,10/20/2026 06:00:00,Exports (MoM),LOW,CHF
a29ee280-91b6-4771-8012-07d006d2ad9d,10/20/2026 06:00:00,Imports (MoM),LOW,CHF
84f9b0aa-b7b6-49f8-9e4f-59526840d972,10/20/2026 06:00:00,Trade Balance,LOW,CHF
060f43de-ad06-4210-9c63-dd80744de87a,10/20/2026 06:00:00,Producer Price Index (MoM),MEDIUM,EUR
51111593-79ef-4962-872b-bf308ff59d2b,10/20/2026 06:00:00,Producer Price Index (YoY),MEDIUM,EUR
cbf57517-1655-4bda-b85f-db6b0833e2cb,10/20/2026 06:00:00,Average Earnings Excluding Bonus (3Mo/Yr),MEDIUM,GBP
983217b1-2999-4794-8460-993f5903d30c,10/20/2026 06:00:00,Average Earnings Including Bonus (3Mo/Yr),MEDIUM,GBP
5ccf44c5-efff-4308-afcb-a4c5fabc10a2,10/20/2026 06:00:00,Claimant Count Change,HIGH,GBP
1eeb3b04-6a3f-40be-9102-7b70cccd390c,10/20/2026 06:00:00,Claimant Count Rate,MEDIUM,GBP
5eec6003-85fa-431f-91e9-e5aca96fa611,10/20/2026 06:00:00,Employment Change (3M),HIGH,GBP
054d9476-966a-4cd1-8578-0871cd59baec,10/20/2026 06:00:00,ILO Unemployment Rate (3M),HIGH,GBP
4476865d-a0af-4578-a103-b1d5be6cd949,10/20/2026 08:00:00,Current Account n.s.a,LOW,EUR
a916fb73-87d2-4e75-a816-607a90a4ed33,10/20/2026 08:00:00,Current Account s.a,LOW,EUR
eace7dfe-5c70-44ef-8e0b-85cf7a516185,10/20/2026 09:00:00,ZEW Survey – Current Situation,MEDIUM,EUR
bb41a99b-c00a-4385-91c7-fc273097caa8,10/20/2026 09:00:00,ZEW Survey – Economic Sentiment,MEDIUM,EUR
35dad185-c71a-4a6f-b004-850587ed2a06,10/20/2026 09:00:00,Construction Output  s.a (MoM),LOW,EUR
1e2b014b-92bb-4887-8759-139107782d07,10/20/2026 09:00:00,Construction Output w.d.a (YoY),LOW,EUR
59c1ccd7-753a-452e-8002-3312e429e693,10/20/2026 09:00:00,ZEW Survey – Economic Sentiment,MEDIUM,EUR
770e9c28-0a7f-485e-b31b-ddacbe262639,10/20/2026 12:15:00,ADP Employment Change 4-week average,MEDIUM,USD
4a1649f8-52cb-4136-9d62-fe6dd7d2b539,10/20/2026 12:30:00,Building Permits (MoM),MEDIUM,USD
75fe45d3-0c1d-4e6d-b284-ac2506246f5b,10/20/2026 12:30:00,Building Permits Change,LOW,USD
f9a0c5b3-62e6-48c3-a788-c1a579aa6c62,10/20/2026 12:30:00,Housing Starts (MoM),MEDIUM,USD
e0d72288-19aa-42cc-9d8a-4bfaa051745b,10/20/2026 12:30:00,Housing Starts Change,LOW,USD
e6aec4f5-d117-40e6-80cd-52fb069b34c9,10/20/2026 12:55:00,Redbook Index (YoY),LOW,USD
803d57c4-4125-4d9f-8297-6ed6d04b1af8,10/20/2026 15:00:00,GDT Price Index,LOW,NZD
f271341c-9693-428a-81cd-cb8e1bf3c373,10/20/2026 20:30:00,API Weekly Crude Oil Stock,LOW,USD
78c2fde4-2215-44b8-ada3-36b90485881c,10/20/2026 23:50:00,Adjusted Merchandise Trade Balance,MEDIUM,JPY
e5fa4dda-456b-4d35-8051-b9d960bc118c,10/20/2026 23:50:00,Exports (YoY),MEDIUM,JPY
5e2a3937-5ea0-47e5-972a-239a2ff33daf,10/20/2026 23:50:00,Imports (YoY),MEDIUM,JPY
3bb1cb75-6dd2-4bea-9ec8-c5d3ddd97676,10/20/2026 23:50:00,Merchandise Trade Balance Total,MEDIUM,JPY
93cd533c-0291-4d19-be9f-337cd9425c84,10/21/2026 00:00:00,Westpac Leading Index (MoM),LOW,AUD
12db7941-a021-4503-a46d-5491e5968220,10/21/2026 01:15:00,PBoC Interest Rate Decision,MEDIUM,CNY
548d098a-b5a5-42dd-b916-446e1f636e92,10/21/2026 06:00:00,Consumer Price Index (MoM),HIGH,GBP
1d330f51-3349-4feb-8dd9-0567b74c7e46,10/21/2026 06:00:00,Consumer Price Index (YoY),HIGH,GBP
e4fb558f-0675-4631-adc4-066bf13fba21,10/21/2026 06:00:00,Core Consumer Price Index (YoY),HIGH,GBP
f2945e08-ce20-49bb-aeca-7bb6d28bca25,10/21/2026 06:00:00,PPI Core Output (MoM) n.s.a,MEDIUM,GBP
e3a43908-cde7-421a-9216-6c8388d71725,10/21/2026 06:00:00,"PPI Core Output (YoY) n.s.a ",MEDIUM,GBP
3a041cfa-931b-409d-97d9-d75961337e6a,10/21/2026 06:00:00,Producer Price Index - Input (MoM) n.s.a,LOW,GBP
f7e2cca7-c8b6-490a-aead-34e5100fa02d,10/21/2026 06:00:00,Producer Price Index - Input (YoY) n.s.a,LOW,GBP
b07d980c-bb3f-4910-9633-60e7ec30c0de,10/21/2026 06:00:00,Producer Price Index - Output (MoM) n.s.a,MEDIUM,GBP
6adde0f3-133a-4789-bfb9-479fbe93ff8d,10/21/2026 06:00:00,Producer Price Index - Output (YoY) n.s.a,LOW,GBP
fd67442c-cf5b-4fd5-a990-a731732b2e18,10/21/2026 06:00:00,Public Sector Net Borrowing,LOW,GBP
29a18024-8473-4ff8-a3e4-59c51a67224d,10/21/2026 06:00:00,Retail Price Index (MoM),MEDIUM,GBP
bf0d51a4-4c0b-4a24-af74-d55d44b20ced,10/21/2026 06:00:00,Retail Price Index (YoY),MEDIUM,GBP
db041505-fc75-45e5-a6a4-ef5a8be25c02,10/21/2026 08:30:00,DCLG House Price Index (YoY),LOW,GBP
782485cf-22b8-466a-9eda-868d52a6fee5,10/21/2026 11:00:00,MBA Mortgage Applications,LOW,USD
4fed02f5-bac3-4552-9a1e-40438e609d02,10/21/2026 14:30:00,EIA Crude Oil Stocks Change,LOW,USD
f48c3675-4daa-4107-bc7e-9ef5c29f6131,10/21/2026 14:30:00,EIA Distillate Stocks Change,LOW,USD
76a91eee-03ad-4c94-a66a-6b3ffed6d5fc,10/21/2026 14:30:00,EIA Gasoline Stocks Change,LOW,USD
f2146d01-1a52-4e0e-afea-9bd453d8981a,10/21/2026 14:30:00,EIA Heating Oil Stocks Change,LOW,USD
2d8d6fd0-ae06-4fe0-98bb-8ae50e478daf,10/21/2026 17:00:00,20-Year Bond Auction,LOW,USD
51f28c3f-b1ae-45d0-9ff6-c59cd6d72f2a,10/21/2026 21:45:00,Consumer Price Index (QoQ),HIGH,NZD
ee859bd9-516c-4db6-afa0-5088e83afda5,10/21/2026 21:45:00,Consumer Price Index (YoY),HIGH,NZD
e17fbb9d-1e1a-469c-874e-0acc910587a8,10/21/2026 22:00:00,S&P Global Composite PMI,MEDIUM,AUD
e8be5812-a8bc-4f9e-9649-b82daff077c8,10/21/2026 22:00:00,S&P Global Manufacturing PMI,MEDIUM,AUD
2696dcc9-ec0c-4800-baf9-7aed05a3e1dc,10/21/2026 22:00:00,S&P Global Services PMI,MEDIUM,AUD
71e3c71c-cb52-456f-a31a-04a556d3ba5a,10/21/2026 23:50:00,Foreign Bond Investment,LOW,JPY
41fb1b06-0840-4c34-95d4-5b2732576652,10/21/2026 23:50:00,Foreign Investment in Japan Stocks,LOW,JPY
333e0bd4-2d66-43ab-8c72-696125fbe401,10/22/2026 02:00:00,Credit Card Spending (YoY),LOW,NZD
02f8a701-2f65-4850-8657-4f2314556d3a,10/22/2026 12:30:00,Employment Insurance Beneficiaries Change (MoM),LOW,CAD
69f0509c-039f-4652-928c-288698aaba17,10/22/2026 12:30:00,Industrial Product Price (MoM),LOW,CAD
16a180e8-945e-4dca-a414-c288af4a10d4,10/22/2026 12:30:00,New Housing Price Index (MoM),LOW,CAD
e5549957-0b1c-4971-ab78-a18be321b2f7,10/22/2026 12:30:00,New Housing Price Index (YoY),LOW,CAD
f8112d61-f21a-4fe2-b090-f45fd5eef52b,10/22/2026 12:30:00,Raw Material Price Index,LOW,CAD
f9a81603-976b-45f5-af2f-770872d5888f,10/22/2026 12:30:00,Retail Sales (MoM),MEDIUM,CAD
1705a4f3-a14b-4c72-ab11-e69900af4e7b,10/22/2026 12:30:00,Retail Sales ex Autos (MoM),MEDIUM,CAD
17d99074-3c9e-45ef-aafd-a5deabb8e7ec,10/22/2026 12:30:00,Continuing Jobless Claims,LOW,USD
12fc3d95-f321-4007-84d2-68a90b452a37,10/22/2026 12:30:00,Initial Jobless Claims,MEDIUM,USD
f729e02c-567d-4318-b227-9b9a8c9cf8a8,10/22/2026 12:30:00,Initial Jobless Claims 4-week average,LOW,USD
db573556-8101-432b-a766-42703be2b254,10/22/2026 14:00:00,Consumer Confidence,MEDIUM,EUR
429976d3-2a02-4580-b407-2c669cc85153,10/22/2026 14:00:00,Pending Home Sales (MoM),MEDIUM,USD
c2667ece-277e-4f43-bc5a-b6291297e6aa,10/22/2026 14:00:00,Pending Home Sales (YoY),LOW,USD
a3725413-bdad-4cac-9f25-2714032f2fd8,10/22/2026 14:30:00,EIA Natural Gas Storage Change,LOW,USD
ebf9d19e-6522-4aaf-81ec-f394f9f0f77e,10/22/2026 15:30:00,4-Week Bill Auction,LOW,USD
9a9f6ef8-98aa-40e5-9531-34be56818826,10/22/2026 17:00:00,5-year TIPS Auction,LOW,USD
b8907aa7-59b3-4e76-8072-c7a1efc9121b,10/22/2026 23:01:00,GfK Consumer Confidence,MEDIUM,GBP
e28e825d-8db8-4729-a523-e7d1531ec3c0,10/22/2026 23:30:00,National Consumer Price Index (YoY),MEDIUM,JPY
26292b13-51ab-49ed-9458-e515157f59ef,10/22/2026 23:30:00,"National CPI ex Food, Energy (YoY)",MEDIUM,JPY
996ef37f-769f-4c58-b6f9-5bc356267d2a,10/22/2026 23:30:00,National CPI ex Fresh Food (YoY),MEDIUM,JPY
0024a2a1-2949-4288-85f3-6e6fb79bb153,10/23/2026 00:30:00,Jibun Bank Manufacturing PMI,LOW,JPY
fd44d635-b4fe-46a7-a476-7cea816a9986,10/23/2026 00:30:00,Jibun Bank Services PMI,LOW,JPY
20649167-422a-4f73-be26-e8fa16e19360,10/23/2026 06:00:00,Retail Sales (MoM),HIGH,GBP
c628aac7-fd61-45a8-b6fa-979075b65bae,10/23/2026 06:00:00,Retail Sales (YoY),MEDIUM,GBP
7b27b5fd-8981-45c5-bfe7-6ae2543fea70,10/23/2026 06:00:00,Retail Sales ex-Fuel (MoM),MEDIUM,GBP
929ed0fc-fba5-428b-9b2a-6fa145a16bcd,10/23/2026 06:00:00,Retail Sales ex-Fuel (YoY),MEDIUM,GBP
c6a9db6e-eaad-4749-8978-1c86e91fd477,10/23/2026 06:45:00,Business Climate in Manufacturing,LOW,EUR
838de3b4-4b3d-4a97-b238-300ba81e5ccf,10/23/2026 06:45:00,Consumer Confidence,LOW,EUR
36d8245c-cca7-40cb-8555-9c445246a321,10/23/2026 07:15:00,HCOB Composite PMI,MEDIUM,EUR
afb8618b-0d2e-4a39-840a-8c2089eaecda,10/23/2026 07:15:00,HCOB Manufacturing PMI,MEDIUM,EUR
172e0129-3a8c-4c55-b221-53b3268d4e36,10/23/2026 07:15:00,HCOB Services PMI,MEDIUM,EUR
2b9c2313-2397-4d68-b9ab-69e3e91f0144,10/23/2026 07:30:00,HCOB Composite PMI,HIGH,EUR
017ccfcc-d563-44b3-8b76-bb0c2e7215b4,10/23/2026 07:30:00,HCOB Manufacturing PMI,HIGH,EUR
0eb454ec-477a-4831-913a-4adaa882984e,10/23/2026 07:30:00,HCOB Services PMI,HIGH,EUR
41a25dcf-6ce6-4b67-96a8-fcf18603bb5d,10/23/2026 08:00:00,HCOB Composite PMI,HIGH,EUR
c2cf0469-81ba-4d11-a560-fe4362a38927,10/23/2026 08:00:00,HCOB Manufacturing PMI,HIGH,EUR
8a3732b5-6da7-4046-8869-312d544d475d,10/23/2026 08:00:00,HCOB Services PMI,HIGH,EUR
453f2afb-18a4-4ae8-9113-630427fec44b,10/23/2026 08:30:00,S&P Global Composite PMI,HIGH,GBP
cdd54880-a534-4d7e-8a83-1bd621ffec85,10/23/2026 08:30:00,S&P Global Manufacturing PMI,HIGH,GBP
c0edb875-9ab3-4d8b-bf26-d037e839d684,10/23/2026 08:30:00,S&P Global Services PMI,HIGH,GBP
bb34d577-be8c-47e4-8dd1-1e562c7f8c91,10/23/2026 13:45:00,S&P Global Composite PMI,MEDIUM,USD
7ac62fc5-13ab-4771-ace3-3d50ed33effe,10/23/2026 13:45:00,S&P Global Manufacturing PMI,HIGH,USD
54e677df-4e09-443c-84c6-6aaee1aff3bb,10/23/2026 13:45:00,S&P Global Services PMI,HIGH,USD
c167d35a-0828-485a-8d31-baa5654bfdc7,10/23/2026 14:00:00,Michigan Consumer Expectations Index,MEDIUM,USD
a959ed2f-3292-4a16-8dfb-d1f0ca612065,10/23/2026 14:00:00,Michigan Consumer Sentiment Index,MEDIUM,USD
9fdf7484-15da-43d0-805c-284afdece3c3,10/23/2026 14:00:00,UoM 1-year Consumer Inflation Expectations,MEDIUM,USD
959acf8d-e6c5-438a-b0ef-f1c2fc8b97ae,10/23/2026 14:00:00,UoM 5-year Consumer Inflation Expectation,MEDIUM,USD
d19b4895-70e0-4059-ab27-3aec49f25c15,10/23/2026 17:00:00,Baker Hughes US Oil Rig Count,LOW,USD
27004ad2-e1b6-47e1-bb08-954f5208c191,10/23/2026 19:30:00,CFTC AUD NC Net Positions,LOW,AUD
1a9cc54d-72f8-4e44-8043-6da88a4348c4,10/23/2026 19:30:00,CFTC EUR NC Net Positions,LOW,EUR
25da294f-0f90-432f-9e2d-23836f7376e7,10/23/2026 19:30:00,CFTC JPY NC Net Positions,LOW,JPY
ae1d9dda-b78d-4721-b265-a4fc328a62bb,10/23/2026 19:30:00,CFTC GBP NC Net Positions,LOW,GBP
38a50172-90a3-4ced-8da4-d526bed7ead3,10/23/2026 19:30:00,CFTC Gold NC Net Positions,LOW,USD
9c14077b-ca41-4561-ade0-fc8708336875,10/23/2026 19:30:00,CFTC Oil NC Net Positions,LOW,USD
7ac13f7a-822f-4933-94f5-14efa569e5ed,10/23/2026 19:30:00,CFTC S&P 500 NC Net Positions,LOW,USD
422a1518-80f5-40b6-9942-57ad1fe5ed04,10/25/2026 01:00:00,Daylight Saving Time ends,NONE,EUR
585a104e-2bb2-4da2-b3f3-351c4b47a285,10/25/2026 02:00:00,Daylight Saving Time ends,NONE,GBP
14a7f43a-0fc0-4e03-932b-1454c0e33761,10/25/2026 03:00:00,Daylight Saving Time ends,NONE,CHF
e53961eb-3598-480a-8aac-b4e1ff9ee6aa,10/25/2026 12:00:00,Labour Day,NONE,NZD
e31a1f0f-b1c0-45cc-a1d9-dc32c0bc1d4f,10/25/2026 23:50:00,Corporate Service Price Index (YoY),LOW,JPY
1a23fd4b-58fc-4169-a00c-3ebcf7289671,10/26/2026 05:00:00,Coincident Index,LOW,JPY
e0cd8ec0-96e3-4dee-9752-3f9b75bec854,10/26/2026 05:00:00,Leading Economic Index,LOW,JPY
f590786b-58de-446e-85c8-09181c5ac119,10/26/2026 15:30:00,3-Month Bill Auction,LOW,USD
3c85921f-b25c-474d-9f18-022df9d623b8,10/26/2026 15:30:00,6-Month Bill Auction,LOW,USD
5f2ec4de-b8f4-4f28-bacc-650bcc37afe7,10/26/2026 17:00:00,2-Year Note Auction,LOW,USD
d8d285a6-e72b-4802-a922-ddebeafff891,10/27/2026 08:00:00,Unemployment Survey,LOW,EUR
b26e009c-b8f8-462c-aeaa-9d689fa3811f,10/27/2026 09:00:00,IFO – Business Climate,MEDIUM,EUR
cc132ba9-0a34-4178-9b86-c036f2bc4e0a,10/27/2026 09:00:00,IFO – Current Assessment,MEDIUM,EUR
1e76ab5c-6dd6-40e4-8f0d-c74ae8bedac9,10/27/2026 09:00:00,IFO – Expectations,MEDIUM,EUR
1e7a00e6-7194-46ad-9c39-f67e1a034bcc,10/27/2026 09:00:00,ECB Bank Lending Survey,HIGH,EUR
e62179d9-4182-4bea-b996-bc8da25b5a1e,10/27/2026 09:00:00,M3 Money Supply (3m),LOW,EUR
9770bce3-9591-45d6-ada5-b6b19a127b85,10/27/2026 09:00:00,M3 Money Supply (YoY),LOW,EUR
321d558d-e122-4135-9fcf-14f4a0f03147,10/27/2026 09:00:00,Private Loans (YoY),LOW,EUR
de4c41db-e564-4d31-9495-626a9d7927b1,10/27/2026 12:15:00,ADP Employment Change 4-week average,MEDIUM,USD
472d7832-b080-4f8d-912b-b3597e61987a,10/27/2026 12:30:00,"Chicago Fed National Activity Index ",LOW,USD
4c96bce1-23bf-46c7-bb25-213d3f58f913,10/27/2026 12:30:00,Durable Goods Orders,MEDIUM,USD
caf9872b-51c0-49f1-ac77-81d84447bd12,10/27/2026 12:30:00,Durable Goods Orders ex Defense,MEDIUM,USD
ce0766ef-6fe9-486c-9cfc-3cc88e8e77b9,10/27/2026 12:30:00,Durable Goods Orders ex Transportation,MEDIUM,USD
e2b01df2-4fbb-47fe-a2f7-047d2252fa5d,10/27/2026 12:30:00,Goods Trade Balance,LOW,USD
c9e7bdd4-318f-499d-a2e4-08e26c9fb075,10/27/2026 12:30:00,Nondefense Capital Goods Orders ex Aircraft,MEDIUM,USD
407dac7e-2e11-4ce7-9415-c54ec1bdd3f2,10/27/2026 12:55:00,Redbook Index (YoY),LOW,USD
0a46270c-bb17-48d2-b040-e665fb098048,10/27/2026 13:00:00,Housing Price Index (MoM),MEDIUM,USD
81a8dd9a-9122-4e29-9082-aade97efe042,10/27/2026 13:00:00,S&P/Case-Shiller Home Price Indices (YoY),LOW,USD
e6bba8e5-8ddf-40ac-8f3b-7cbaef1f8073,10/27/2026 14:00:00,Consumer Confidence,MEDIUM,USD
75f8867f-b40a-49b6-9d0a-800ca12aa63e,10/27/2026 14:00:00,New Home Sales (MoM),LOW,USD
624fe625-be6d-4dc3-97b6-0e9cfad94699,10/27/2026 14:00:00,New Home Sales Change (MoM),MEDIUM,USD
d51c534a-6c97-4ff9-b580-066e2c9d825a,10/27/2026 14:00:00,Richmond Fed Manufacturing Index,LOW,USD
44a64555-f1c2-42e4-816f-9d365780d49a,10/27/2026 14:30:00,Dallas Fed Manufacturing Business Index,LOW,USD
c7bb7c3b-eb47-4850-a769-f1eda13978e3,10/27/2026 15:30:00,52-Week Bill Auction,LOW,USD
b8f467d2-4d0d-4a02-942f-11552703e48d,10/27/2026 17:00:00,5-Year Note Auction,LOW,USD
4c501855-9c02-4359-b9b3-6d9619bbc879,10/27/2026 20:30:00,API Weekly Crude Oil Stock,LOW,USD
69a53443-283e-45e5-9ba1-5c127a75815e,10/28/2026 00:30:00,Consumer Price Index (MoM),MEDIUM,AUD
f53f6a44-c97b-4303-a2d3-b6aaddd2b4a7,10/28/2026 00:30:00,Consumer Price Index (YoY),HIGH,AUD
995c64be-fbba-4fc2-8dfd-23ce6a885d60,10/28/2026 00:30:00,Quarterly Consumer Price Index (QoQ),LOW,AUD
c71d1c15-db4b-4be9-8f4f-4d6a6a927448,10/28/2026 00:30:00,Quarterly Consumer Price Index (YoY),LOW,AUD
3e17061b-7f0c-4a1e-94c0-11fe04b05a90,10/28/2026 00:30:00,Quarterly RBA Trimmed Mean CPI (QoQ),LOW,AUD
f11f67b6-e763-4c33-b10d-a037d369e21b,10/28/2026 00:30:00,Quarterly RBA Trimmed Mean CPI (YoY),LOW,AUD
c1370dd7-7b78-41b3-8eba-bb60de30f38f,10/28/2026 00:30:00,Trimmed Mean CPI (MoM),MEDIUM,AUD
62b1e867-716b-4818-bde6-3d2299c52812,10/28/2026 00:30:00,Trimmed Mean CPI (YoY),HIGH,AUD
d558410d-6bb6-4439-88f4-8f8019f127fa,10/28/2026 01:00:00,RBNZ Interest Rate Decision,HIGH,NZD
9c6aeaa6-21a7-4ef5-ba0b-97ca4fd96ffb,10/28/2026 01:00:00,RBNZ Monetary Policy Review,HIGH,NZD
871a4f21-a61f-4b34-91be-5a8b377d64ca,10/28/2026 01:00:00,RBNZ Monetary Policy Statement,HIGH,NZD
56b8ffe0-9c43-49fd-b882-1f6059a649fe,10/28/2026 07:00:00,GfK Consumer Confidence Survey,MEDIUM,EUR
f9f3ef59-42e5-41e2-b947-aa040fd80cd8,10/28/2026 09:00:00,ZEW Survey – Expectations,MEDIUM,CHF
923fb5c9-b7e4-4bd3-9b7e-aa30151919e1,10/28/2026 09:00:00,Business Confidence,LOW,EUR
7f5a6990-ef5b-4ab3-9f01-ebcdb68465ed,10/28/2026 09:00:00,Consumer Confidence,LOW,EUR
ad267756-9070-49d1-8f28-d119a3e28de4,10/28/2026 11:00:00,MBA Mortgage Applications,LOW,USD
d4f9a6a5-29cc-4bd4-a1c4-f089c45dff71,10/28/2026 12:30:00,Wholesale Inventories,LOW,USD
bfcdec51-c026-48af-9b69-f5b5ba482bab,10/28/2026 13:45:00,BoC Interest Rate Decision,HIGH,CAD
3ef48b57-136b-4f6d-a0cb-3c920ab2a73d,10/28/2026 13:45:00,BoC Monetary Policy Report,HIGH,CAD
ca541175-42f2-4ff7-afa4-34063bf55c41,10/28/2026 13:45:00,BoC Monetary Policy Statement,HIGH,CAD
73ace6bf-2fd3-4e6f-9fcf-b178e888cd8c,10/28/2026 14:30:00,BoC Press Conference,HIGH,CAD
3a732b6a-a297-4629-9285-80c7be034b5f,10/28/2026 14:30:00,EIA Crude Oil Stocks Change,LOW,USD
2ab8378f-8f31-4768-a6aa-c2492db71877,10/28/2026 14:30:00,EIA Distillate Stocks Change,LOW,USD
1bd7d609-5ce7-4ec1-b495-06de9f246616,10/28/2026 14:30:00,EIA Gasoline Stocks Change,LOW,USD
5b00ec5c-5e91-49f3-9944-d2dee9c1db08,10/28/2026 14:30:00,EIA Heating Oil Stocks Change,LOW,USD
d0d870ee-01f1-40f8-b9c4-530e60645368,10/28/2026 17:00:00,7-Year Note Auction,LOW,USD
0fa5c63c-f61c-4436-8763-66222addfe7a,10/28/2026 18:00:00,Fed Interest Rate Decision,HIGH,USD
3c0c7b61-7aaa-4ca6-bff2-15593a479a36,10/28/2026 18:00:00,Fed Monetary Policy Statement,HIGH,USD
2b6b68dc-4cea-41c4-ba47-4766f56bf18d,10/28/2026 18:30:00,FOMC Press Conference,HIGH,USD
1fcee38e-74fb-4afa-808d-6628aa1a6672,10/28/2026 23:50:00,Foreign Bond Investment,LOW,JPY
51505262-2b42-4b3e-8628-20433273d31b,10/28/2026 23:50:00,Foreign Investment in Japan Stocks,LOW,JPY
5f4f7ce8-82a2-49fa-8954-8eedd8370fdd,10/29/2026 00:01:00,BRC Shop Price Index (YoY),LOW,GBP
8ebd2d23-8adc-4619-93d7-05ccae2ae4d1,10/29/2026 00:30:00,Export Price Index (QoQ),LOW,AUD
0529baf1-c13e-421b-95e8-de1b22183200,10/29/2026 00:30:00,Import Price Index (QoQ),LOW,AUD
470c8ad6-466d-4ed6-9b6d-e5e2b5fd8146,10/29/2026 08:00:00,Retail Sales (YoY),LOW,EUR
497810b9-c908-4a6d-934f-66e5ba37a93b,10/29/2026 09:30:00,Consumer Credit,LOW,GBP
09f036c0-c9fb-4e4f-84d0-62fcfe4146e1,10/29/2026 09:30:00,M4 Money Supply (MoM),LOW,GBP
25b43bff-9c50-4c50-bff9-ff43399babf1,10/29/2026 09:30:00,M4 Money Supply (YoY),LOW,GBP
d6221c82-77e5-4954-b0d0-c6132183f62f,10/29/2026 09:30:00,Mortgage Approvals,LOW,GBP
cd6b228d-3d21-4bb5-9b40-c551146c4fb7,10/29/2026 09:30:00,Net Lending to Individuals (MoM),LOW,GBP
9c44ff72-d8a3-4d66-82f1-6bda732853be,10/29/2026 10:00:00,Business Climate,MEDIUM,EUR
6fdd82f5-1dfb-477a-9fad-63e974b41a3f,10/29/2026 10:00:00,Consumer Confidence,MEDIUM,EUR
f6a8e576-d25a-44ca-829c-a9b855cbe04d,10/29/2026 10:00:00,Economic Sentiment Indicator,MEDIUM,EUR
204369e2-8db9-4947-8f63-e7199c62dafd,10/29/2026 10:00:00,Industrial Confidence,LOW,EUR
272ff423-b5a3-46d3-874b-2a0963a3ac06,10/29/2026 10:00:00,Services Sentiment,LOW,EUR
bd288305-962a-49c4-ae74-dcecaa22b6b7,10/29/2026 12:30:00,Continuing Jobless Claims,LOW,USD
ae9d410c-360e-4fed-8fc8-d9569f4558b8,10/29/2026 12:30:00,Core Personal Consumption Expenditures (QoQ),MEDIUM,USD
eee5daa2-7168-46ec-bf09-83c8fbe8ce20,10/29/2026 12:30:00,Gross Domestic Product Annualized,HIGH,USD
f1a492c1-7a0d-446b-a2ae-a0afee0703f1,10/29/2026 12:30:00,Gross Domestic Product Price Index,HIGH,USD
8f998cac-4b65-4c95-a0fa-73723b4526c5,10/29/2026 12:30:00,Initial Jobless Claims,MEDIUM,USD
99818fd2-4fa7-49a7-beab-a7014f3550d9,10/29/2026 12:30:00,Initial Jobless Claims 4-week average,LOW,USD
2e90a491-2097-47bd-92fe-5d4fde8c5c2c,10/29/2026 12:30:00,Personal Consumption Expenditures Prices (QoQ),MEDIUM,USD
e3f013db-8a84-4e60-b1f6-7ab964ef971a,10/29/2026 13:15:00,ECB Main Refinancing Operations Rate,HIGH,EUR
0b2fdec5-11dd-4d63-956c-1982aa2d8226,10/29/2026 13:15:00,ECB Monetary Policy Statement,HIGH,EUR
18979b50-101a-4988-beb9-e16f4bbe6f82,10/29/2026 13:15:00,ECB Rate On Deposit Facility,HIGH,EUR
4c045f45-01aa-4ac0-91e7-876cd9d41af4,10/29/2026 13:45:00,ECB Press Conference,HIGH,EUR
e5492ec4-5913-4b63-8a60-662053753be9,10/29/2026 14:30:00,EIA Natural Gas Storage Change,LOW,USD
4f928730-9d65-4a9f-8a72-ee7dae1af88b,10/29/2026 15:00:00,Kansas Fed Manufacturing Activity,LOW,USD
b17ba9df-2eae-47eb-bb6a-bd0b8a89461c,10/29/2026 15:30:00,4-Week Bill Auction,LOW,USD
3c1d4c1b-8033-4037-b8af-a5dfe6b42bc5,10/29/2026 21:00:00,ANZ – Roy Morgan Consumer Confidence,MEDIUM,NZD
179f4334-2c29-49a6-93e0-563473c822c8,10/29/2026 23:30:00,Jobs / Applicants Ratio,LOW,JPY
056a440f-010d-4dce-a2e1-5c229b56f350,10/29/2026 23:30:00,Tokyo Consumer Price Index (YoY),HIGH,JPY
fdf64815-c973-4e1d-bf62-35dc8f7deca6,10/29/2026 23:30:00,"Tokyo CPI ex Food, Energy (YoY)",HIGH,JPY
d59b8a0f-2e49-4033-86b8-9a174950fb03,10/29/2026 23:30:00,Tokyo CPI ex Fresh Food (YoY),MEDIUM,JPY
eb47973b-f576-4531-9cc1-ce7670d2f083,10/29/2026 23:30:00,Unemployment Rate,MEDIUM,JPY
4cb4d706-47dc-4937-b0e4-b247bb3018a8,10/29/2026 23:50:00,Industrial Production (MoM),LOW,JPY
c0b7f9b6-6214-4820-bd8b-bd9c2b590dec,10/29/2026 23:50:00,Industrial Production (YoY),LOW,JPY
4a46d35b-0700-40e6-8971-97c10e8e8cc4,10/29/2026 23:50:00,Large Retailer Sales,MEDIUM,JPY
6495778c-c8af-4e00-83bd-f0ddaf35916d,10/29/2026 23:50:00,Retail Trade (YoY),MEDIUM,JPY
701a7aa8-b366-4fe8-8cb1-c6432bf3c0bd,10/29/2026 23:50:00,Retail Trade s.a (MoM),MEDIUM,JPY
80d48403-d0f3-4c1a-8fb7-601d3b818e62,10/30/2026 00:00:00,ANZ Activity Outlook,LOW,NZD
2bc7dbee-a300-4d93-a12e-32ad7b95fea5,10/30/2026 00:00:00,ANZ Business Confidence,LOW,NZD
42f3b716-de2d-412c-b532-515b9309fe48,10/30/2026 00:30:00,Private Sector Credit (MoM),LOW,AUD
40df3157-25ed-4e0c-bb5f-d6f64abe9bd7,10/30/2026 00:30:00,Private Sector Credit (YoY),LOW,AUD
8d1a3c3b-5973-4b2f-b545-6e5380c4bdcc,10/30/2026 00:30:00,Producer Price Index (QoQ),LOW,AUD
5dac40ad-8b4b-4e1d-b8a9-7fc5bed4814e,10/30/2026 00:30:00,Producer Price Index (YoY),MEDIUM,AUD
c802a3fb-fac4-49e4-8082-f9e8445120f3,10/30/2026 03:00:00,BoJ Interest Rate Decision,HIGH,JPY
240a5d56-e79c-4889-a204-2ceb275ee9bd,10/30/2026 03:00:00,BoJ Monetary Policy Statement,HIGH,JPY
6b38543f-378b-4aed-a6c4-9f21ae0c2561,10/30/2026 03:00:00,BoJ Outlook Report,MEDIUM,JPY
b4950aed-7a73-45b7-96a2-472d50542b39,10/30/2026 05:00:00,Annualized Housing Starts,LOW,JPY
1e1abb42-6e26-4b8a-821d-735d11c0967d,10/30/2026 05:00:00,Construction Orders (YoY),LOW,JPY
ffec7824-59ac-4f8b-8eae-b85282945b7c,10/30/2026 05:00:00,Housing Starts (YoY),LOW,JPY
1f6e45de-03bd-457d-89d8-72142aa32639,10/30/2026 06:30:00,BoJ Press Conference,HIGH,JPY
84d0b0b0-1302-4a98-93c3-bd17895edfff,10/30/2026 07:00:00,Gross Domestic Product (QoQ),HIGH,EUR
6211a08d-0a37-416e-a4b5-0a4bd9f49ebb,10/30/2026 07:00:00,Gross Domestic Product (YoY),HIGH,EUR
b3a3d110-97fd-4e37-8cdd-c1c140f7962e,10/30/2026 07:00:00,Gross Domestic Product w.d.a (YoY),MEDIUM,EUR
3235bf43-6c67-489c-b7d5-06eb151fa6f0,10/30/2026 07:00:00,Import Price Index (MoM),LOW,EUR
73dc7501-aba4-4303-9f62-fe806b13577c,10/30/2026 07:00:00,Import Price Index (YoY),LOW,EUR
8f9153ca-434a-48f4-bec5-0b784c169fc3,10/30/2026 07:00:00,Nationwide Housing Prices n.s.a (YoY),LOW,GBP
ecdffecc-e012-410d-8f0b-bc82666db6a8,10/30/2026 07:00:00,Nationwide Housing Prices s.a (MoM),LOW,GBP
b0657e14-b8dd-4ee3-bfd4-20c4c21047a1,10/30/2026 07:45:00,Consumer Price Index (EU norm) (MoM),LOW,EUR
eb742565-0494-4a44-afa0-7a5bcd6d4214,10/30/2026 07:45:00,Consumer Price Index (EU norm) (YoY),MEDIUM,EUR
3066d636-6420-4eae-9510-d6a8650602bb,10/30/2026 07:45:00,Consumer Spending (MoM),LOW,EUR
7d36e389-5c11-4833-94b6-62f93911b368,10/30/2026 07:45:00,Gross Domestic Product (QoQ),MEDIUM,EUR
11da2312-0c4e-4f4c-aa71-9529bce79b11,10/30/2026 07:45:00,Producer Prices (MoM),LOW,EUR
30e9b2c8-437a-4cab-ab2a-455211898fcf,10/30/2026 08:00:00,KOF Leading Indicator,LOW,CHF
70299b8c-3aa7-449b-bc78-af3f04aa431e,10/30/2026 08:00:00,Consumer Price Index (MoM),LOW,EUR
0396d964-1bc6-47e2-87e1-2c946a9abe5d,10/30/2026 08:00:00,Consumer Price Index (YoY),LOW,EUR
69e106bc-5099-4bd4-ad24-ed5a64c1c3ce,10/30/2026 08:00:00,Gross Domestic Product - Estimated (QoQ),MEDIUM,EUR
5d2892ee-8947-4e6b-bb69-9548da7d603f,10/30/2026 08:00:00,Gross Domestic Product - Estimated (YoY),LOW,EUR
3bef3a2a-27b0-4d45-add7-8209905b328c,10/30/2026 08:00:00,Harmonized Index of Consumer Prices (MoM),LOW,EUR
3c3eb25a-8630-4d67-b1a7-55c3321f5e99,10/30/2026 08:00:00,Harmonized Index of Consumer Prices (YoY),MEDIUM,EUR
cc83bcc1-07bf-4e6b-b1d3-49c7d31e8f77,10/30/2026 08:55:00,Unemployment Change,MEDIUM,EUR
49a5166f-6eb1-4829-a6d8-862895e21361,10/30/2026 08:55:00,Unemployment Rate s.a.,MEDIUM,EUR
4675e236-aa99-40a1-b176-a1e31cfbd231,10/30/2026 09:00:00,Baden-Wuerttemberg CPI (MoM),LOW,EUR
66690624-8633-4e60-8592-14d553362419,10/30/2026 09:00:00,Baden-Wuerttemberg CPI (YoY),LOW,EUR
23fef8e1-8bb7-4c64-ae3c-c4e0488d9cad,10/30/2026 09:00:00,Bavaria CPI (MoM),LOW,EUR
ea81a3fa-c17a-45ed-adb8-f477fea5dcb6,10/30/2026 09:00:00,Bavaria CPI (YoY),LOW,EUR
fc1dc21a-419e-48df-9b96-d3706b615451,10/30/2026 09:00:00,Brandenburg CPI (MoM),LOW,EUR
756697a0-e66e-40ff-9dae-df65bf617a9d,10/30/2026 09:00:00,Brandenburg CPI (YoY),LOW,EUR
29161ace-dd8b-462e-b249-ee064f02f6db,10/30/2026 09:00:00,Hesse CPI (MoM),LOW,EUR
b663355d-3790-4bd3-a6ce-7c5b32edb9e2,10/30/2026 09:00:00,Hesse CPI (YoY),LOW,EUR
ab51cc57-90eb-416b-bc99-bee8f4b49abd,10/30/2026 09:00:00,North Rhine-Westphalia CPI (MoM),LOW,EUR
b353b532-1cd5-49d2-869f-7f4140aa4f65,10/30/2026 09:00:00,North Rhine-Westphalia CPI (YoY),LOW,EUR
549f8b74-83f4-4530-8d1c-eda7e2dda92a,10/30/2026 09:00:00,Saxony CPI (MoM),LOW,EUR
182330f9-8ff2-4416-af08-d24dfd72510a,10/30/2026 09:00:00,Saxony CPI (YoY),LOW,EUR
51e167ce-7c4c-44b2-a25a-797fa5e5bacd,10/30/2026 09:00:00,Current Account Balance,LOW,EUR
b6f49397-d8f5-4326-a82a-dd6d4da5a49b,10/30/2026 09:00:00,Gross Domestic Product (QoQ),MEDIUM,EUR
d92bb6a4-80b6-4b4f-b646-3abe66405008,10/30/2026 09:00:00,Gross Domestic Product (YoY),MEDIUM,EUR
e5425a10-beb6-43da-8c5a-2ed0feb847ac,10/30/2026 09:00:00,Industrial Sales n.s.a. (YoY),LOW,EUR
100fdc3c-37f7-43f2-8cbf-6217dece8191,10/30/2026 09:00:00,Industrial Sales s.a. (MoM),LOW,EUR
28f70978-c691-4e18-9b44-b330ba91a2b8,10/30/2026 09:00:00,Trade Balance non-EU,LOW,EUR
0fd2316b-8be7-4696-8221-672cc4982530,10/30/2026 09:00:00,Unemployment,LOW,EUR
24e9a299-59e3-491a-a058-4cb4f597a3d7,10/30/2026 10:00:00,Gross Domestic Product s.a. (QoQ),HIGH,EUR
2cd4ac8d-8864-48f0-beb4-319c5e3a66a3,10/30/2026 10:00:00,Gross Domestic Product s.a. (YoY),HIGH,EUR
a6f925a0-2f2a-42cb-8e15-aded1a22d170,10/30/2026 10:00:00,Consumer Price Index (EU Norm) (MoM),LOW,EUR
146ac6a1-c954-499a-920f-7a9e4a07d7b0,10/30/2026 10:00:00,Consumer Price Index (EU Norm) (YoY),MEDIUM,EUR
6beb66fc-b5fc-4430-b668-52ce596c8b48,10/30/2026 10:00:00,Consumer Price Index (MoM),LOW,EUR
2b404295-bd8a-49d9-8238-4f2335d31c45,10/30/2026 10:00:00,Consumer Price Index (YoY),MEDIUM,EUR
e072b798-13f0-474a-9e88-888e79bf7e70,10/30/2026 10:00:00,Producer Price Index (MoM),LOW,EUR
2f28cf27-362b-4690-bdb3-08e076771da0,10/30/2026 10:00:00,Producer Price Index (YoY),LOW,EUR
1b5432e7-7e89-496e-a359-c94e72e5bdba,10/30/2026 12:30:00,Gross Domestic Product (MoM),MEDIUM,CAD
2241a1cd-eb29-4740-a28d-fc2b8cc813ef,10/30/2026 12:30:00,Core Personal Consumption Expenditures - Price Index (MoM),HIGH,USD
401e58cb-1252-4e02-9c2a-144d3ea169e1,10/30/2026 12:30:00,Core Personal Consumption Expenditures - Price Index (YoY),HIGH,USD
43f7500e-0290-42c0-b26a-4cb0c3a417cf,10/30/2026 12:30:00,Employment Cost Index,MEDIUM,USD
e8b79a49-8f95-4e08-b60f-c5367e1138b9,10/30/2026 12:30:00,Personal Consumption Expenditures - Price Index (MoM),MEDIUM,USD
1c247eab-2e2a-4393-ae9a-508ebd4d9b71,10/30/2026 12:30:00,Personal Consumption Expenditures - Price Index (YoY),MEDIUM,USD
413c2200-8525-4383-82bf-4ef5dd268f1f,10/30/2026 12:30:00,Personal Income (MoM),MEDIUM,USD
07858c98-100e-4b62-9aa5-0336b40cd1a7,10/30/2026 12:30:00,Personal Spending,MEDIUM,USD
35532f93-5725-4b4f-acb6-1c532e95e05a,10/30/2026 13:00:00,Consumer Price Index (MoM),HIGH,EUR
150cb4fa-65ec-4f45-8019-e9c21a4b71bb,10/30/2026 13:00:00,Consumer Price Index (YoY),HIGH,EUR
13e6ba29-19a1-4077-abc0-1b19200dc7bd,10/30/2026 13:00:00,Harmonized Index of Consumer Prices (MoM),MEDIUM,EUR
ae8c625c-d971-4dda-a2c1-81c4a9c42c33,10/30/2026 13:00:00,Harmonized Index of Consumer Prices (YoY),HIGH,EUR
bf21966a-d0a3-4fb8-99f5-17d9782bc949,10/30/2026 13:45:00,Chicago PMI,MEDIUM,USD
a39f4b13-c8d4-449d-b27c-8f09d541f0a2,10/30/2026 17:00:00,Baker Hughes US Oil Rig Count,LOW,USD
939f4d5e-e09e-4641-a4c4-79b380accfdd,10/30/2026 19:30:00,CFTC AUD NC Net Positions,LOW,AUD
d2603140-4ba3-4c31-8913-826ebe97f605,10/30/2026 19:30:00,CFTC EUR NC Net Positions,LOW,EUR
2afd1e5d-43dc-4424-b73f-e3f04e134350,10/30/2026 19:30:00,CFTC JPY NC Net Positions,LOW,JPY
c55dcc2d-1149-4128-bb62-fa515d9e1b20,10/30/2026 19:30:00,CFTC GBP NC Net Positions,LOW,GBP
ebaafba8-5714-4869-992e-a71eea6ae64e,10/30/2026 19:30:00,CFTC Gold NC Net Positions,LOW,USD
08b0c315-b67b-4a6a-b195-cdb80e74e79f,10/30/2026 19:30:00,CFTC Oil NC Net Positions,LOW,USD
69cbc8d3-d971-442b-a64e-d257a4fa5208,10/30/2026 19:30:00,CFTC S&P 500 NC Net Positions,LOW,USD
64c91f2d-e6db-44b5-bfb4-6884385177fd,10/30/2026 22:00:00,Day of Reformation,NONE,EUR
f96d6dc5-df54-4573-a736-dc1e1f84f930,10/31/2026 01:30:00,NBS Manufacturing PMI,HIGH,CNY
08226880-3484-4b96-b134-723cc03e8231,10/31/2026 01:30:00,NBS Non-Manufacturing PMI,HIGH,CNY
3a1baac3-38d4-4771-bd0d-0df34f98b782,10/31/2026 22:00:00,All Saints' Day,NONE,EUR
b56ed67e-658e-4187-a864-2da399e7bb1c,10/31/2026 22:00:00,All Saints' Day,NONE,EUR
beedf6cd-daae-4d16-9210-de348e0afbe4,10/31/2026 23:00:00,All Saints' Day,NONE,EUR
4252c666-55b8-4d2d-bf5d-0760a91a1812,11/01/2026 07:00:00,Daylight Saving Time ends,NONE,CAD
6c69e419-d92d-4c60-9532-5f99af243b7b,11/01/2026 07:00:00,Daylight Saving Time ends,NONE,USD
324abe12-e42d-4681-9c7e-16bcf48e3fa2,11/01/2026 22:00:00,S&P Global Manufacturing PMI,LOW,AUD
531d30c5-6be2-40ba-9260-a6f91ebb8a8c,11/02/2026 00:00:00,TD-MI Inflation Gauge (MoM),LOW,AUD
c2ff4744-f41f-4830-a92e-204e341e36d1,11/02/2026 00:00:00,TD-MI Inflation Gauge (YoY),MEDIUM,AUD
febdf7f9-daf6-4916-bef8-7b80efe4f419,11/02/2026 00:30:00,ANZ Job Advertisements,LOW,AUD
5f1219ef-a80f-477a-91e3-041ea78a88dd,11/02/2026 00:30:00,Jibun Bank Manufacturing PMI,LOW,JPY
14dda264-32f2-48b8-9643-523289f35378,11/02/2026 01:45:00,RatingDog Manufacturing PMI,HIGH,CNY
7baef766-de60-44aa-8242-24c7b05bd630,11/02/2026 05:00:00,Consumer Confidence Index,LOW,JPY
c471ff72-de3d-498a-a2c3-138a262f8223,11/02/2026 05:30:00,RBA Commodity Index SDR (YoY),LOW,AUD
ef3c559c-01ea-4acb-8490-527eda2740d3,11/02/2026 07:00:00,Retail Sales (MoM),MEDIUM,EUR
9178ea53-e8af-4ecc-b24c-56a76b9c1399,11/02/2026 07:00:00,Retail Sales (YoY),HIGH,EUR
40abc36c-44ff-415a-9b7a-29f67ede3d66,11/02/2026 07:30:00,Real Retail Sales (YoY),MEDIUM,CHF
08010fe7-dcd8-40d0-ab6a-1abff2e080d1,11/02/2026 08:15:00,HCOB Manufacturing PMI,MEDIUM,EUR
be7fab6e-9690-415e-b89a-e6c176cc91e8,11/02/2026 08:30:00,SVME - Purchasing Managers' Index,LOW,CHF
71b2862b-ed2f-4f14-85bf-c50ba10c1e4a,11/02/2026 08:45:00,HCOB Manufacturing PMI,MEDIUM,EUR
9187a90a-8617-497c-b223-54ad76421307,11/02/2026 08:50:00,HCOB Manufacturing PMI,LOW,EUR
fd330297-0078-4bf5-bad3-5af68f680d60,11/02/2026 08:55:00,HCOB Manufacturing PMI,MEDIUM,EUR
b7540246-6cbd-497f-9c19-3472d0da2209,11/02/2026 09:00:00,HCOB Manufacturing PMI,LOW,EUR
130115fe-d081-4855-8a5a-2b49c8c67856,11/02/2026 09:30:00,S&P Global Manufacturing PMI,LOW,GBP
d42f8a0e-8570-488a-b923-44bc237dc067,11/02/2026 13:45:00,S&P Global Manufacturing PMI,LOW,USD
fda7f5ff-53f7-4d9c-a97d-723a0f724b46,11/02/2026 14:00:00,Construction Spending (MoM),LOW,USD
f128147a-ea83-455c-b04d-e5719c1bfc42,11/02/2026 14:00:00,ISM Manufacturing Employment Index,MEDIUM,USD
597320fe-e056-46b2-a6d0-4927beefb4e0,11/02/2026 14:00:00,ISM Manufacturing New Orders Index,MEDIUM,USD
f2f9d593-a194-49f6-8eea-fec094f159bc,11/02/2026 14:00:00,ISM Manufacturing PMI,HIGH,USD
08e3a6b2-7c7d-4912-806c-76a0194da265,11/02/2026 14:00:00,ISM Manufacturing Prices Paid,MEDIUM,USD
f1f907e1-0253-4525-b536-e577d3aee3df,11/02/2026 14:30:00,S&P Global Manufacturing PMI,MEDIUM,CAD
bf69e485-70fd-4fe2-aa22-a5e0a14ad967,11/02/2026 15:00:00,Culture Day,NONE,JPY
f1e11c80-3e5c-474b-84d9-b933b4519876,11/02/2026 15:30:00,3-Month Bill Auction,LOW,USD
a5db4153-33a0-438b-bac6-b0c613d44a6e,11/02/2026 15:30:00,6-Month Bill Auction,LOW,USD
c3029ba8-be78-48e6-8537-f60b99e98cfa,11/02/2026 21:45:00,Building Permits s.a. (MoM),MEDIUM,NZD
e3e40438-28fc-4030-a46b-f045ff79cc77,11/02/2026 23:50:00,Monetary Base (YoY),LOW,JPY
c545706f-fb1b-4373-a487-069a4f257e25,11/03/2026 00:30:00,Building Permits (MoM),MEDIUM,AUD
9125402a-5a19-45f5-80a3-47f6d46d493d,11/03/2026 00:30:00,Building Permits (YoY),LOW,AUD
43d1d37d-afcd-4217-9b6c-95057f9c21c6,11/03/2026 03:30:00,RBA Interest Rate Decision,HIGH,AUD
29638427-4a2d-4e98-a4dc-5fe0917e8aae,11/03/2026 03:30:00,RBA Monetary Policy Statement,HIGH,AUD
3a621342-8b35-4558-91af-83f6a7f7c69c,11/03/2026 03:30:00,RBA Rate Statement,HIGH,AUD
ca7f2d3a-bb9c-469e-906c-a3a62889692a,11/03/2026 03:35:00,10-y Bond Auction,LOW,JPY
624b6f9f-9db6-424e-a5c2-700edd8e2bb0,11/03/2026 04:30:00,RBA Press Conference,HIGH,AUD
b3dc9f7b-c6f5-419d-aa17-f827b79f264c,11/03/2026 05:00:00,US Midterm Elections,HIGH,USD
489f8556-4df5-4a0b-93a2-f49728b6da63,11/03/2026 07:30:00,Consumer Price Index (MoM),MEDIUM,CHF
a7c0b391-df40-438b-a8fe-6a96285a2331,11/03/2026 07:30:00,Consumer Price Index (YoY),HIGH,CHF
351cc976-bcba-42a2-955c-663c4f773f8a,11/03/2026 07:45:00,Budget Balance,LOW,EUR
1b1f3c8c-d863-4134-884a-33519d5030da,11/03/2026 10:00:00,Harmonized Index of Consumer Prices (MoM),HIGH,EUR
fdd53d89-52f2-414a-aac9-acf57dae7dd2,11/03/2026 12:55:00,Redbook Index (YoY),LOW,USD
47195adf-128c-4273-adfa-cf58046a0337,11/03/2026 14:00:00,Factory Orders (MoM),MEDIUM,USD
fe568be2-0b21-4bb8-ad63-8f09f72cfd7f,11/03/2026 14:00:00,JOLTS Job Openings,MEDIUM,USD
9d5dbc5b-4191-4c8b-bbf0-d22c7971c008,11/03/2026 14:00:00,RealClearMarkets/TIPP Economic Optimism (MoM),LOW,USD
85ef398c-50eb-4b61-ab4e-84af60844025,11/03/2026 15:00:00,GDT Price Index,LOW,NZD
934a50f0-0624-46b5-8902-bc6d4befec7d,11/03/2026 19:30:00,Total Vehicle Sales,LOW,USD
1a858411-8f18-401a-b38c-4799820f9cf4,11/03/2026 20:30:00,API Weekly Crude Oil Stock,LOW,USD
476f8494-00cd-428d-80e3-6059f5d48c78,11/03/2026 21:45:00,Employment Change,HIGH,NZD
0d347215-5cee-41d4-8f8d-dff37bd09b40,11/03/2026 21:45:00,Labour Cost Index (QoQ),MEDIUM,NZD
4f3c5747-43b8-4f89-a516-6fa249fe0b6e,11/03/2026 21:45:00,Labour Cost Index (YoY),LOW,NZD
c4ae34bc-2e59-4a2e-939b-cdbbe96089ba,11/03/2026 21:45:00,Participation Rate,MEDIUM,NZD
9988ed4f-cd0c-476a-9fad-f63be5f8cae4,11/03/2026 21:45:00,Unemployment Rate,HIGH,NZD
7f326582-23ad-41b7-a321-fc4466f1040e,11/03/2026 22:00:00,Ai Group Construction PMI,LOW,AUD
c7b3c019-608a-4d83-9a8f-a77780531a5e,11/03/2026 22:00:00,Ai Group Manufacturing PMI,LOW,AUD
03903efb-bba9-4d3f-b820-42ca876b1a62,11/03/2026 22:00:00,AiG Industry Index,MEDIUM,AUD
8e220f76-db70-4709-85bd-308446b2eeb8,11/03/2026 22:00:00,S&P Global Composite PMI,MEDIUM,AUD
f64add4e-76d5-400c-b251-2169bc8c719c,11/03/2026 22:00:00,S&P Global Services PMI,MEDIUM,AUD
1c93887d-23d0-4c99-a3c0-3214cc8319b1,11/04/2026 00:30:00,Jibun Bank Services PMI,LOW,JPY
20d41fe7-bc9a-4947-90d4-1f0f81777c81,11/04/2026 01:45:00,RatingDog Services PMI,HIGH,CNY
4cdff699-851f-4388-8eb6-dac0555d5a7e,11/04/2026 08:00:00,Unemployment Change,LOW,EUR
c01d152c-b9a0-47a1-9562-83aaa49b8d69,11/04/2026 08:15:00,HCOB Services PMI,MEDIUM,EUR
8426a3a9-6527-4924-aea5-cfa5ce36fcff,11/04/2026 08:45:00,HCOB Services PMI,LOW,EUR
52b7ead0-3179-4070-931c-0d29f5fe4507,11/04/2026 08:50:00,HCOB Composite PMI,LOW,EUR
525db494-cbf8-44bf-9b2c-bfa3f3df3a7f,11/04/2026 08:50:00,HCOB Services PMI,LOW,EUR
1db109f0-7462-4bbd-a76a-fc65e5c975f7,11/04/2026 08:55:00,HCOB Composite PMI,MEDIUM,EUR
2c89ea15-0a50-47de-9a92-3ad8f611a588,11/04/2026 08:55:00,HCOB Services PMI,MEDIUM,EUR
eb9e7ab7-e867-418d-b149-601143425d1d,11/04/2026 09:00:00,HCOB Composite PMI,MEDIUM,EUR
c3337e3c-8e96-4d1d-ab3f-a41b9b0743cc,11/04/2026 09:00:00,HCOB Services PMI,LOW,EUR
0af44afa-1207-40aa-8a7f-2d0000fa62fe,11/04/2026 09:30:00,S&P Global Composite PMI,LOW,GBP
c54273bf-4f0b-4419-8036-ed9b48ef4842,11/04/2026 09:30:00,S&P Global Services PMI,LOW,GBP
99da067e-f392-4557-a1b8-327afe8aea17,11/04/2026 10:00:00,Core Harmonized Index of Consumer Prices (MoM),HIGH,EUR
5d84c2d3-3cc0-4839-809d-9d1bd7a12c8b,11/04/2026 10:00:00,Core Harmonized Index of Consumer Prices (YoY),HIGH,EUR
4e24beb0-2465-4357-87c3-0896f6d9ddc4,11/04/2026 10:00:00,Harmonized Index of Consumer Prices (YoY),HIGH,EUR
f8b4a07e-ddc6-48f4-a612-548d3b31c2df,11/04/2026 10:00:00,Unemployment Rate,MEDIUM,EUR
4ff80ea2-bb39-4ac5-803c-ee6c1f08e709,11/04/2026 11:00:00,MBA Mortgage Applications,LOW,USD
e2138b09-c406-415c-999d-36e58d770ae5,11/04/2026 12:15:00,ADP Employment Change,HIGH,USD
ef8bd21d-788c-4ffa-92d3-23033cb1af0c,11/04/2026 12:30:00,Exports,LOW,CAD
990358e7-a27a-4f45-8106-06c3bf165173,11/04/2026 12:30:00,Imports,LOW,CAD
36acbaa9-6f06-497f-ad50-1853e6e2fdd7,11/04/2026 12:30:00,International Merchandise Trade,LOW,CAD
837baaee-dd6c-4e13-b8b4-8bc3a4f99bc9,11/04/2026 12:30:00,Goods and Services Trade Balance,LOW,USD
5552fb1c-8bdd-4223-834f-cc632695fd5b,11/04/2026 12:30:00,Goods Trade Balance,LOW,USD
6edbae1d-5754-4ee3-85a8-a773904fa382,11/04/2026 13:45:00,S&P Global Composite PMI,MEDIUM,USD
bc785f6e-2082-43df-9294-6d25b774128e,11/04/2026 13:45:00,S&P Global Services PMI,LOW,USD
d1dd9b9a-56aa-4bb8-b95e-ad2d7e6185b0,11/04/2026 14:00:00,ISM Services Employment Index,MEDIUM,USD
9f87ff40-da89-4765-a1a3-861baa344b06,11/04/2026 14:00:00,ISM Services New Orders Index,MEDIUM,USD
3c1033c6-6706-445b-bcaf-55e38dfbbe6f,11/04/2026 14:00:00,ISM Services PMI,HIGH,USD
a4528029-f562-4924-95cc-78c68bbfb95d,11/04/2026 14:00:00,ISM Services Prices Paid,MEDIUM,USD
ca05347e-9bf9-4b0f-a609-3e75d5585e37,11/04/2026 14:30:00,EIA Crude Oil Stocks Change,LOW,USD
08ff417c-a5d1-44e3-b97a-48c7ad23bfe3,11/04/2026 14:30:00,EIA Distillate Stocks Change,LOW,USD
3abdd8e2-e85a-460e-a7ab-c08a76e15a87,11/04/2026 14:30:00,EIA Gasoline Stocks Change,LOW,USD
6cb4a779-334a-4f7c-82c4-8e78f2a1d31e,11/04/2026 14:30:00,EIA Heating Oil Stocks Change,LOW,USD
1f434339-fb05-4101-aaf9-6571166b2458,11/04/2026 23:50:00,BoJ Monetary Policy Meeting Minutes,MEDIUM,JPY
efb61daf-cee6-494e-9a7b-0f3d84a2b933,11/04/2026 23:50:00,Foreign Bond Investment,LOW,JPY
9426ba03-6bb7-4a21-af39-2a3bca6de00f,11/04/2026 23:50:00,Foreign Investment in Japan Stocks,LOW,JPY
6ca69bb0-3881-4874-bf2b-e3f82869abfe,11/05/2026 00:00:00,ANZ Commodity Price,LOW,NZD
2841cc4a-b91a-406b-a374-d2654512c289,11/05/2026 00:30:00,Exports (MoM),MEDIUM,AUD
e645713f-c51e-4af0-ad87-fb92d9452a39,11/05/2026 00:30:00,Imports (MoM),MEDIUM,AUD
b1d1ccad-6576-4326-b804-6d77c93c5636,11/05/2026 00:30:00,Trade Balance (MoM),HIGH,AUD
d908e1f2-f331-4e7b-8bca-aec7b3cca1f8,11/05/2026 07:00:00,Factory Orders n.s.a. (YoY),MEDIUM,EUR
af418b3d-7247-41c7-be9f-52b7930a3c44,11/05/2026 07:00:00,Factory Orders s.a. (MoM),MEDIUM,EUR
05ca8d29-8cf1-4cb3-bdfa-93526572e171,11/05/2026 09:00:00,Retail Sales n.s.a (YoY),LOW,EUR
c0b23080-7131-4ec7-8eff-a46902b8aa94,11/05/2026 09:00:00,Retail Sales s.a. (MoM),LOW,EUR
9c14682f-bae8-413c-8714-8a4cbd8afc23,11/05/2026 09:30:00,S&P Global Construction PMI,LOW,GBP
19e683ff-acc3-4cc3-bd7f-66b296b2044b,11/05/2026 09:30:00,Challenger Job Cuts,MEDIUM,USD
9b5497a1-073d-4362-bfd0-a386a9c1e43d,11/05/2026 10:00:00,Producer Price Index (MoM),MEDIUM,EUR
b8d273f5-96e3-4301-855d-240e39b891b5,11/05/2026 10:00:00,Producer Price Index (YoY),MEDIUM,EUR
afdafa46-06e1-4c9e-a74d-d2635ca62555,11/05/2026 12:00:00,BoE Interest Rate Decision,HIGH,GBP
395b75d2-b858-4d1b-b80e-c1008da2cb38,11/05/2026 12:00:00,BoE Minutes,HIGH,GBP
d877acfe-fc11-448a-a375-eb814853a930,11/05/2026 12:00:00,BoE Monetary Policy Report,HIGH,GBP
7ae75486-2d64-46f5-821f-4ebe7f11e76b,11/05/2026 12:00:00,BoE Monetary Policy Summary,HIGH,GBP
55d84e94-01d3-4d3e-8e4b-a19500e7525c,11/05/2026 12:00:00,BoE MPC Vote Rate Cut,HIGH,GBP
38938af9-5052-40d9-b878-da46c82c4af0,11/05/2026 12:00:00,BoE MPC Vote Rate Hike,HIGH,GBP
b6f8ab3e-5fe3-4088-9678-81822be75992,11/05/2026 12:00:00,BoE MPC Vote Rate Unchanged,HIGH,GBP
b7686588-d8da-4567-a380-e9eff4b6d41c,11/05/2026 12:30:00,BoE's Governor Bailey speech,HIGH,GBP
5b0bc9d4-792e-41d2-b062-d5b63c3c4b58,11/05/2026 12:30:00,Continuing Jobless Claims,LOW,USD
deafa8d4-f1fb-46d1-af7a-61186993120d,11/05/2026 12:30:00,Initial Jobless Claims,MEDIUM,USD
9a05bd4d-1933-492d-936e-b7beddecb4fa,11/05/2026 12:30:00,Initial Jobless Claims 4-week average,LOW,USD
fb980afa-7081-4f97-9487-2288156c19bd,11/05/2026 12:30:00,Nonfarm Productivity,MEDIUM,USD
53955edd-b397-4fed-894b-6f335d21a57b,11/05/2026 12:30:00,Unit Labor Costs,MEDIUM,USD
ec94e324-5fe0-48b8-aa33-7c4754124a8f,11/05/2026 14:00:00,Ivey Purchasing Managers Index,MEDIUM,CAD
3429732b-052e-4a61-a8be-cc5ff900b594,11/05/2026 14:00:00,Ivey Purchasing Managers Index s.a,MEDIUM,CAD
10fd4311-ba61-4094-888c-6e9ba2ad59d3,11/05/2026 14:30:00,EIA Natural Gas Storage Change,LOW,USD
52975b53-112b-439f-98b3-9c7b714e9211,11/05/2026 15:30:00,4-Week Bill Auction,LOW,USD
9f09c05a-3575-40ca-bf45-de7bcb3bd5c4,11/05/2026 23:30:00,Labor Cash Earnings (YoY),MEDIUM,JPY
2f4bc050-6ece-4a56-90bc-d27ffe5c7d96,11/05/2026 23:30:00,Overall Household Spending (YoY),LOW,JPY
8028d76b-8798-416d-9f90-4cb96b924d5d,11/05/2026 23:50:00,JP Foreign Reserves,LOW,JPY
c239c8ca-42a8-45b8-81cb-f1db281685c1,11/06/2026 05:00:00,Coincident Index,LOW,JPY
aa3a5b43-efb0-4591-b0dd-b3e1f0738f0f,11/06/2026 05:00:00,Leading Economic Index,LOW,JPY
724946eb-fadb-4f3b-bc54-5c8f5b0fa105,11/06/2026 07:00:00,Exports (MoM),LOW,EUR
0c47eef9-c2b3-4bba-800f-1f12c8c804ab,11/06/2026 07:00:00,Imports (MoM),LOW,EUR
3dc06aa1-5171-4a99-bc7c-6dee73442ca6,11/06/2026 07:00:00,Industrial Production n.s.a. w.d.a. (YoY),MEDIUM,EUR
8f102196-003f-46d6-a8f7-6ac3633d6bbd,11/06/2026 07:00:00,Industrial Production s.a. (MoM),MEDIUM,EUR
b58b2784-86fc-43d2-8f24-c7ee4b6b72ab,11/06/2026 07:00:00,Trade Balance s.a.,MEDIUM,EUR
6dd83d20-0c68-491e-bd98-d23bafe2921c,11/06/2026 07:00:00,Lloyds House Price Index (MoM),LOW,GBP
22843f0b-d29f-4db0-a2db-ff7cfea5527a,11/06/2026 07:00:00,Lloyds House Price Index (YoY),LOW,GBP
b139731c-122c-40ba-96f9-cc298316524b,11/06/2026 07:45:00,Current Account,LOW,EUR
a59180b5-e7a1-4d61-a993-89171c463018,11/06/2026 07:45:00,"Exports, EUR",LOW,EUR
29133c82-16be-42ea-b54c-fa404922f3a2,11/06/2026 07:45:00,"Imports, EUR",LOW,EUR
620fd40e-a825-4607-9fba-569ab1993d43,11/06/2026 07:45:00,Industrial Output (MoM),LOW,EUR
205003fa-087c-4e9d-9bc5-b80eaf596e12,11/06/2026 07:45:00,Nonfarm Payrolls (QoQ),LOW,EUR
8f51cdff-c1a3-4557-9596-873063f57a70,11/06/2026 07:45:00,Trade Balance EUR,LOW,EUR
43cb211d-fa82-4899-9a78-5b3b3e5a70cd,11/06/2026 08:00:00,Foreign Currency Reserves,LOW,CHF
0ef99853-7b1c-4599-98c4-af634f2e099c,11/06/2026 08:00:00,SECO Consumer Climate (3m),LOW,CHF
0e12ad27-6339-4835-92e2-7d060774c5dd,11/06/2026 08:00:00,Unemployment Rate s.a (MoM),LOW,CHF
24056532-1b91-4c6f-ac42-7e0721957038,11/06/2026 08:00:00,Industrial Output Cal Adjusted (YoY),LOW,EUR
9bb94ec4-6b20-4870-8b95-b2acf9492206,11/06/2026 10:00:00,Retail Sales (MoM),MEDIUM,EUR
325e19b3-01b2-4e67-9138-5533b5ecaf20,11/06/2026 10:00:00,Retail Sales (YoY),HIGH,EUR
7300f597-d4d2-4360-832a-33657038e139,11/06/2026 12:30:00,Average Hourly Earnings (MoM),HIGH,USD
85a16cc6-8da3-4cf5-87d4-3e18b491a0ef,11/06/2026 12:30:00,Average Hourly Earnings (YoY),HIGH,USD
027ccf43-1710-46fc-8789-9ae28b548e10,11/06/2026 12:30:00,Average Weekly Hours,LOW,USD
346ba69d-a4c2-4561-96bb-09b785ec3d7d,11/06/2026 12:30:00,Labor Force Participation Rate,MEDIUM,USD
63edec8e-cde5-4efa-8469-1a9c17ff2eee,11/06/2026 12:30:00,Nonfarm Payrolls,HIGH,USD
ecac21bb-21ba-46a8-92d0-4ce6dc461adc,11/06/2026 12:30:00,U6 Underemployment Rate,MEDIUM,USD
e0aac989-11e2-4d22-a1cb-c3c2edc3b408,11/06/2026 12:30:00,Unemployment Rate,MEDIUM,USD
7bcb9ebf-fdaf-4c53-9d2a-67d084e0935e,11/06/2026 13:30:00,Average Hourly Wages (YoY),MEDIUM,CAD
885a5f56-bfde-4b2f-86eb-39b6e85ff6b8,11/06/2026 13:30:00,Net Change in Employment,HIGH,CAD
ae83b3e8-6c4f-4389-bca3-8d6a9e6575fa,11/06/2026 13:30:00,Participation Rate,LOW,CAD
4a49e38d-3b55-44a6-bf3a-cc65d2076d6c,11/06/2026 14:00:00,Michigan Consumer Expectations Index,MEDIUM,USD
1357b476-3290-4e06-a80f-44d32779cd4d,11/06/2026 14:00:00,Michigan Consumer Sentiment Index,HIGH,USD
ce1f5a7d-6ecb-40c9-b04d-fe6c722c9cc1,11/06/2026 14:00:00,UoM 1-year Consumer Inflation Expectations,MEDIUM,USD
eff25b30-1c65-4444-b134-a0f987f8ae2e,11/06/2026 14:00:00,UoM 5-year Consumer Inflation Expectation,MEDIUM,USD
b8f48aa0-3046-487f-a38e-684c754462af,11/06/2026 17:00:00,Baker Hughes US Oil Rig Count,LOW,USD
68eee39c-2119-4dc4-8654-7073c22ce7de,11/06/2026 19:00:00,Consumer Credit Change,LOW,USD
f3162c3b-063b-4c5a-9a55-777ea8cebc43,11/06/2026 19:30:00,CFTC AUD NC Net Positions,LOW,AUD
8ddc05e9-3348-4491-8f32-9db42062df93,11/06/2026 19:30:00,CFTC EUR NC Net Positions,LOW,EUR
fb72f9a8-10aa-4d76-abd3-dc55b9a09c23,11/06/2026 19:30:00,CFTC JPY NC Net Positions,LOW,JPY
3e15ccf1-d78c-47e6-be2e-25358365bd77,11/06/2026 19:30:00,CFTC GBP NC Net Positions,LOW,GBP
7c41c071-0553-470a-b1e1-7f8f457edbbf,11/06/2026 19:30:00,CFTC Gold NC Net Positions,LOW,USD
cff804f2-a232-4faa-b71a-b6d5a125f1f9,11/06/2026 19:30:00,CFTC Oil NC Net Positions,LOW,USD
34c5e5c6-de06-4b9a-8a14-97a803634b31,11/06/2026 19:30:00,CFTC S&P 500 NC Net Positions,LOW,USD
f7a2214c-0bb4-42df-bec2-eb773d78424c,11/07/2026 03:00:00,Exports (YoY),MEDIUM,CNY
0744250b-9c3a-4400-b2df-09c8e7c68422,11/07/2026 03:00:00,Exports (YoY) CNY,MEDIUM,CNY
e1dc7338-3caf-4f1d-9bc7-d65c7e414964,11/07/2026 03:00:00,Imports (YoY),MEDIUM,CNY
4784ee6b-5dd9-441d-bcf6-292967e4ac12,11/07/2026 03:00:00,Imports (YoY) CNY,MEDIUM,CNY
9817bb8b-2206-468a-a1f9-447dc404df69,11/07/2026 03:00:00,Trade Balance CNY,MEDIUM,CNY
22d56170-ed3f-47e7-a67e-9129a61cd0b7,11/07/2026 03:00:00,Trade Balance USD,MEDIUM,CNY
c7c8a416-f5c1-4f23-9803-5a7fc3d724bf,11/07/2026 08:00:00,Foreign Exchange Reserves (MoM),LOW,CNY
45a6d91d-88cf-4b0c-8417-0eda80f1ef49,11/09/2026 01:30:00,Consumer Price Index (MoM),MEDIUM,CNY
7caac4ab-556e-439b-b0da-a8a5b76b2f5e,11/09/2026 01:30:00,Consumer Price Index (YoY),HIGH,CNY
f16ca597-d1c4-4a00-b16b-532f161ddb14,11/09/2026 01:30:00,Producer Price Index (YoY),MEDIUM,CNY
47eb085a-8529-414c-a4b9-aa7de91b72ea,11/09/2026 05:00:00,Eco Watchers Survey: Current,LOW,JPY
6ed95229-4dc9-49b2-bb1b-0a78fc2858ed,11/09/2026 05:00:00,Eco Watchers Survey: Outlook,LOW,JPY
eb2d0c28-b742-41b1-bf57-10e9364fdb89,11/09/2026 09:30:00,Sentix Investor Confidence,MEDIUM,EUR
7220f518-6a40-4e29-8133-cdfdef018f67,11/09/2026 15:00:00,Wholesale Inventories,LOW,USD
c8d3d517-bbf3-4675-95a8-589802d69e1b,11/09/2026 16:30:00,3-Month Bill Auction,LOW,USD
ff72f8aa-2f4f-4ed0-947d-39e73448dffc,11/09/2026 16:30:00,6-Month Bill Auction,LOW,USD
ac050576-690c-43fc-89d8-8ff5cb9b389c,11/09/2026 19:00:00,Loan Officer Survey,MEDIUM,USD
a19b5285-d30e-417a-8465-32db5086c4c3,11/09/2026 23:30:00,Westpac Consumer Confidence,MEDIUM,AUD
1b91d645-611d-49fd-873f-8e580a1ec51e,11/09/2026 23:50:00,Bank Lending (YoY),LOW,JPY
fd885502-a1da-41ee-b834-8609ddb96b66,11/09/2026 23:50:00,BoJ Summary of Opinions,LOW,JPY
5c2c097c-2c46-421d-af11-f41d6b6091c2,11/09/2026 23:50:00,Current Account n.s.a.,MEDIUM,JPY
39439230-1b94-44da-859b-6abe19a68fdf,11/09/2026 23:50:00,Money Supply M2+CD (YoY),LOW,JPY
c82f5d88-71af-4b42-a312-8b8d61176c67,11/09/2026 23:50:00,Trade Balance - BOP Basis,LOW,JPY
a33c59ef-35ac-433c-8a0f-6fb0371e8ed0,11/10/2026 00:01:00,BRC Like-For-Like Retail Sales (YoY),MEDIUM,GBP
df82902b-89fc-4fa2-af19-1b369f055fde,11/10/2026 00:30:00,National Australia Bank's Business Conditions,LOW,AUD
008b9ed8-d98c-4537-8cd5-3ff57d50b214,11/10/2026 00:30:00,National Australia Bank's Business Confidence,LOW,AUD
e60e44d0-2ca0-4fba-9d88-f610085b2bf3,11/10/2026 11:00:00,NFIB Business Optimism Index,LOW,USD
a265b395-a329-4eb0-834a-cd35a1e11415,11/10/2026 13:15:00,ADP Employment Change 4-week average,MEDIUM,USD
75a2fedb-a0e4-446b-94fb-726f952c0f8e,11/10/2026 13:30:00,Consumer Price Index (MoM),HIGH,USD
a1dff83e-b073-4270-8424-4a7acfaed89c,11/10/2026 13:30:00,Consumer Price Index (YoY),HIGH,USD
a0a6c8b5-d445-4d52-88f8-aba8bef72908,11/10/2026 13:30:00,Consumer Price Index Core s.a,LOW,USD
c116284f-54cf-4db0-a413-9f9a6be6908d,11/10/2026 13:30:00,Consumer Price Index ex Food & Energy (MoM),HIGH,USD
80ef0474-f22d-4da0-ac0b-e5de230a6538,11/10/2026 13:30:00,Consumer Price Index ex Food & Energy (YoY),HIGH,USD
d8aa6891-638c-4fa1-baf1-c8a23125d049,11/10/2026 13:30:00,Consumer Price Index n.s.a (MoM),LOW,USD
f7713f2e-57c4-4d1f-8e60-1bb232d939e5,11/10/2026 13:55:00,Redbook Index (YoY),LOW,USD
f336b3ca-fa8a-4c10-8cef-422dbe62a92b,11/10/2026 17:00:00,USDA WASDE Report,LOW,USD
5414077c-8751-4995-9ec9-d70d7bd4b188,11/10/2026 18:00:00,3-Year Note Auction,LOW,USD
70bcbea2-9db1-4813-bfb3-1dcc5d020623,11/10/2026 18:30:00,BoC Summary of Deliberations,MEDIUM,CAD
9ac33757-176f-4a21-a74e-a08fee08bb9e,11/10/2026 21:30:00,API Weekly Crude Oil Stock,LOW,USD
46ea634a-9b36-4419-b709-57d2e6a78243,11/10/2026 22:00:00,Armistice Day,NONE,EUR
fdcf7d3f-9f0a-4fed-802d-c471029e607e,11/10/2026 23:50:00,Producer Price Index (MoM),LOW,JPY
95ea66ff-1015-47ea-8665-e20afe40a2cd,11/10/2026 23:50:00,Producer Price Index (YoY),LOW,JPY
737028a3-fcf8-40ea-8922-3dc6d3b7c3b3,11/11/2026 00:30:00,Home Loans,LOW,AUD
de8f484e-99fa-45ee-a040-e2057707a297,11/11/2026 00:30:00,Investment Lending for Homes,LOW,AUD
1003543c-796d-4989-9836-9c7badd6d42d,11/11/2026 05:00:00,Remembrance Day,NONE,CAD
fd66ef2b-9602-441c-9654-b89e748e884f,11/11/2026 05:00:00,Veterans Day,NONE,USD
1e2b86c8-22b6-4088-b43d-1f9d170fb895,11/11/2026 06:00:00,Machine Tool Orders (YoY),LOW,JPY
2f84207a-324d-4c50-81bc-c0cedce57096,11/11/2026 07:00:00,Consumer Price Index (MoM),LOW,EUR
29a414de-2eec-4e0c-9d27-e982256a7287,11/11/2026 07:00:00,Consumer Price Index (YoY),LOW,EUR
d158d01f-14bf-40b1-8e6e-b107d35a0930,11/11/2026 07:00:00,Harmonized Index of Consumer Prices (MoM),MEDIUM,EUR
82f81c83-7d8e-4df8-a0e4-fa3c754ec326,11/11/2026 07:00:00,Harmonized Index of Consumer Prices (YoY),HIGH,EUR
104adfae-fcf3-4cdd-9cca-40296706a254,11/11/2026 12:00:00,MBA Mortgage Applications,LOW,USD
a8ef97b5-96b3-4849-bd57-08605c1cab7b,11/11/2026 18:00:00,10-Year Note Auction,LOW,USD
849a9a10-92f4-46e8-820d-65af826f7b10,11/11/2026 19:00:00,Monthly Budget Statement,MEDIUM,USD
d9880ff3-a3f6-499a-9760-c641cca6679d,11/11/2026 21:45:00,Electronic Card Retail Sales  (MoM),LOW,NZD
c38196d9-762c-4f7f-8163-293785787def,11/11/2026 21:45:00,Electronic Card Retail Sales (YoY),LOW,NZD
0eb005ba-3022-401c-a564-abfb4bba8db3,11/11/2026 23:50:00,Foreign Bond Investment,LOW,JPY
67b23d50-9e57-43e3-bfe6-5b4540b327b2,11/11/2026 23:50:00,Foreign Investment in Japan Stocks,LOW,JPY
7a7bbf93-7920-46bb-b787-0bb60a3bad8e,11/12/2026 00:00:00,Consumer Inflation Expectations,MEDIUM,AUD
f68ce273-41d1-4ef8-b709-8169275fd13c,11/12/2026 00:01:00,RICS Housing Price Balance,LOW,GBP
937c0af9-66ed-4b95-aab7-dca04d27e3e4,11/12/2026 02:00:00,RBNZ Inflation Expectations (QoQ),HIGH,NZD
40455840-fa15-4e0a-8c75-368a81b0d725,11/12/2026 07:00:00,Gross Domestic Product (MoM),MEDIUM,GBP
88ce89e4-8301-4db3-8ea2-6f3953871398,11/12/2026 09:00:00,Industrial Output s.a. (MoM),LOW,EUR
b8854fd2-904f-438b-b95b-8c0222726925,11/12/2026 09:00:00,Industrial Output w.d.a (YoY),LOW,EUR
dd2b30ed-6d68-4c1e-87f4-5591f0e5df62,11/12/2026 13:30:00,Building Permits (MoM),LOW,CAD
736ba35c-a7e1-4f3f-89fd-d5e6cdb6e32d,11/12/2026 13:30:00,Current Account n.s.a.,LOW,EUR
1e7adfad-5c5d-4a80-9590-78f4421bae72,11/12/2026 13:30:00,Continuing Jobless Claims,LOW,USD
ede3cb20-255d-46a8-ab72-b4551790d64d,11/12/2026 13:30:00,Initial Jobless Claims,MEDIUM,USD
9107e1a9-135c-43f3-9913-2b58f0a2049b,11/12/2026 13:30:00,Initial Jobless Claims 4-week average,LOW,USD
1f1b4ba6-5abc-4338-8f62-414d47de15d9,11/12/2026 15:00:00,Existing Home Sales (MoM),LOW,USD
39a5cbcc-bc44-41c3-916d-58b3a7c51611,11/12/2026 15:00:00,Existing Home Sales Change (MoM),MEDIUM,USD
944a7ecc-0ee6-4d45-8cc2-2c9edf300a88,11/12/2026 15:30:00,EIA Natural Gas Storage Change,LOW,USD
36b8fb69-adf0-45bf-8993-c3c499f33337,11/12/2026 16:30:00,4-Week Bill Auction,LOW,USD
3c4dcd95-aa1c-4aa1-be53-d8d70e6fb67e,11/12/2026 17:00:00,EIA Crude Oil Stocks Change,LOW,USD
3f41783f-5fcd-471f-b8f3-efffce820663,11/12/2026 17:00:00,EIA Distillate Stocks Change,LOW,USD
66bf2a98-a745-4857-a0ef-b71bea9a23c6,11/12/2026 17:00:00,EIA Gasoline Stocks Change,LOW,USD
e64c26db-341e-4cb6-a671-152d438e4452,11/12/2026 17:00:00,EIA Heating Oil Stocks Change,LOW,USD
d5421a5e-4da4-4d0c-a616-7e287bc3db79,11/12/2026 18:00:00,30-Year Bond Auction,LOW,USD
045c0aff-58d9-4cef-b69b-e7388c1ad255,11/12/2026 21:30:00,Business NZ PMI,MEDIUM,NZD
3435e409-05fb-4e69-9ae8-28f52d92e5bf,11/12/2026 21:45:00,Food Price Index (MoM),LOW,NZD
48ba6101-4398-46c4-aba3-3b1883e88713,11/12/2026 21:45:00,Visitor Arrivals (YoY),LOW,NZD
3684c6b3-0b08-4bcf-aeb7-616c40049433,11/13/2026 04:30:00,Capacity Utilization,LOW,JPY
c56d97ec-3983-49fc-9653-9addc9067c04,11/13/2026 04:30:00,Industrial Production (MoM),LOW,JPY
014d1c99-75e3-4f99-8e12-c631eead9530,11/13/2026 04:30:00,Industrial Production (YoY),LOW,JPY
69306045-5544-49ec-b50a-8802e02dd775,11/13/2026 06:30:00,ILO Unemployment,LOW,EUR
9122f10f-2be6-46d4-b1cd-9d9257bf41dd,11/13/2026 07:00:00,Wholesale Price Index (MoM),LOW,EUR
ddb842e7-a09a-49a7-8f6b-11087bfcd21f,11/13/2026 07:00:00,Wholesale Price Index (YoY),LOW,EUR
6706e066-6002-42b8-aa85-243b84723be6,11/13/2026 07:00:00,Goods Trade Balance,LOW,GBP
fc01aba5-e83f-4495-8921-fc0be8980a1f,11/13/2026 07:00:00,Gross Domestic Product (QoQ),HIGH,GBP
6f25fb9f-106c-4e71-984e-2ff911567cb3,11/13/2026 07:00:00,Gross Domestic Product (YoY),HIGH,GBP
4510ff7f-b077-4bfd-bd95-e397d7ec6c32,11/13/2026 07:00:00,Index of Services (3M/3M),LOW,GBP
6b51811c-aebe-4034-95fd-fe97dc69dbb5,11/13/2026 07:00:00,Industrial Production (MoM),MEDIUM,GBP
bb3eaf97-c262-4ad7-b63f-f4ff5cd9aa35,11/13/2026 07:00:00,Industrial Production (YoY),LOW,GBP
29213a26-7f8a-4cc2-bc78-ceea2a1f1643,11/13/2026 07:00:00,Manufacturing Production (MoM),MEDIUM,GBP
0f273f97-6313-4639-899b-6af2d5a536e8,11/13/2026 07:00:00,Manufacturing Production (YoY),LOW,GBP
a89bbfb3-30ad-4344-9d10-97b7bee12a26,11/13/2026 07:00:00,Total Business Investment (QoQ),LOW,GBP
61127bf8-4d33-4634-a8bd-3d145a08d73e,11/13/2026 07:00:00,Total Business Investment (YoY),LOW,GBP
741dd290-d98d-4bba-aa47-976e2e3a24eb,11/13/2026 07:00:00,Total Trade Balance,LOW,GBP
a9da0cc1-f6e1-46ec-b232-dce9fc9dd985,11/13/2026 07:00:00,Trade Balance; non-EU,LOW,GBP
2cdf11a9-84c8-4eb7-a9a2-e5662bf8078a,11/13/2026 07:30:00,Producer and Import Prices (MoM),LOW,CHF
3fc2f2fa-3756-4416-8c59-1276455310d3,11/13/2026 07:30:00,Producer and Import Prices (YoY),LOW,CHF
a5333fad-f66b-4e86-9fce-c4a274817209,11/13/2026 07:45:00,Consumer Price Index (EU norm) (MoM),LOW,EUR
32f43ade-d8e3-4dcc-93b3-2eef9f40c437,11/13/2026 07:45:00,Consumer Price Index (EU norm) (YoY),MEDIUM,EUR
f44419f0-a267-40c0-9c64-43250753900c,11/13/2026 07:45:00,Inflation ex-tobacco (MoM),LOW,EUR
db81e079-1f3c-4759-a7a6-0a73b7a4ff5f,11/13/2026 08:00:00,Consumer Price Index (MoM),LOW,EUR
3cccaf1c-169a-4e26-967b-c0ca64e25a85,11/13/2026 08:00:00,Consumer Price Index (YoY),LOW,EUR
dc779956-773c-4838-9341-0d8b79b48e90,11/13/2026 08:00:00,Harmonized Index of Consumer Prices (MoM),LOW,EUR
7583f40b-c63f-4994-a061-0021617a933d,11/13/2026 08:00:00,Harmonized Index of Consumer Prices (YoY),MEDIUM,EUR
97083f01-c2cc-4921-b926-0ffd24d2e042,11/13/2026 10:00:00,M2 Money Supply (YoY),LOW,CNY
07503a38-53e6-47f2-9a19-7eda86311781,11/13/2026 10:00:00,New Loans,LOW,CNY
24e93735-2e92-4ede-917f-9844e2abec21,11/13/2026 10:00:00,Employment Change (QoQ),MEDIUM,EUR
f12f314b-136d-4b0a-aedf-7c6c34cf66a8,11/13/2026 10:00:00,Employment Change (YoY),LOW,EUR
42732327-a6be-4523-b5f2-daf10564e1dc,11/13/2026 10:00:00,Gross Domestic Product s.a. (QoQ),MEDIUM,EUR
66647372-8e1f-4ef5-80c7-39dc2f5a15ab,11/13/2026 10:00:00,Gross Domestic Product s.a. (YoY),MEDIUM,EUR
8f7c0048-deb3-41d0-85e3-ef3303e1df4a,11/13/2026 10:00:00,Industrial Production s.a. (MoM),MEDIUM,EUR
927be783-8aae-4e60-bfc9-7366c3608c10,11/13/2026 10:00:00,Industrial Production w.d.a. (YoY),LOW,EUR
fbecd244-828f-4426-a55f-743896ab0c7b,11/13/2026 10:00:00,Trade Balance n.s.a.,LOW,EUR
2e4397e8-33be-4a2c-b1cd-f5de23322d4e,11/13/2026 10:00:00,Trade Balance s.a.,LOW,EUR
a2c78849-5a73-4f19-bafb-fb8e9408732c,11/13/2026 12:00:00,NIESR GDP Estimate (3M),LOW,GBP
17b6f48f-9218-4b53-99c3-7c939b521a65,11/13/2026 13:30:00,Manufacturing Sales (MoM),LOW,CAD
6e63b29a-c967-44a7-aedc-af675fec97e3,11/13/2026 13:30:00,Unemployment Rate,HIGH,CAD
ce7f0564-b42e-4323-bc4a-a8711ae8ff67,11/13/2026 13:30:00,Wholesale Sales (MoM),LOW,CAD
6f17fd45-9b35-417e-a00d-4a386d9d9689,11/13/2026 13:30:00,Producer Price Index (MoM),MEDIUM,USD
d1406aec-376e-4fe4-b6bd-dc009573b31e,11/13/2026 13:30:00,Producer Price Index (YoY),MEDIUM,USD
b09590d2-def1-4e53-a19f-a8cfd91acccf,11/13/2026 13:30:00,Producer Price Index ex Food & Energy (MoM),MEDIUM,USD
4b4a258c-07b2-4107-b8e4-335180759526,11/13/2026 13:30:00,Producer Price Index ex Food & Energy (YoY),HIGH,USD
2f12a50d-4063-4525-bc0e-999ff134f446,11/13/2026 18:00:00,Baker Hughes US Oil Rig Count,LOW,USD
81a241b1-00e1-4dab-bd48-a566dcdc3ff6,11/13/2026 20:30:00,CFTC AUD NC Net Positions,LOW,AUD
73d74942-3c1c-443a-9bad-4f6ac79c9815,11/13/2026 20:30:00,CFTC EUR NC Net Positions,LOW,EUR
191320d9-108e-4a3c-9ac9-c0fd2b1aac53,11/13/2026 20:30:00,CFTC JPY NC Net Positions,LOW,JPY
22cc2967-7350-4c46-aa88-0aeb6b3da263,11/13/2026 20:30:00,CFTC GBP NC Net Positions,LOW,GBP
ce1fce68-abbd-4c55-a0f4-71996e1f16b2,11/13/2026 20:30:00,CFTC Gold NC Net Positions,LOW,USD
0c505796-7303-4439-9d25-659784fed0da,11/13/2026 20:30:00,CFTC Oil NC Net Positions,LOW,USD
702da271-ed8e-4879-a0b5-41e5a88a10f7,11/13/2026 20:30:00,CFTC S&P 500 NC Net Positions,LOW,USD
245b9490-733f-4404-9db0-c28427eca659,11/15/2026 21:30:00,Business NZ PSI,MEDIUM,NZD
14be18ad-4b90-4333-ab99-e5a653d86ef7,11/15/2026 23:50:00,Gross Domestic Product (QoQ),HIGH,JPY
c3e9601f-befa-4e20-a252-c329d3b1e372,11/15/2026 23:50:00,Gross Domestic Product Annualized,MEDIUM,JPY
7dca6a59-68c6-4e4e-b575-e91c9d464f6d,11/15/2026 23:50:00,Gross Domestic Product Deflator (YoY),MEDIUM,JPY
ae555443-9a6b-4666-a4c7-7a30089a838f,11/15/2026 23:50:00,Machinery Orders (MoM),LOW,JPY
867bef46-9ac5-436a-8f67-4d6cb38a0703,11/15/2026 23:50:00,Machinery Orders (YoY),LOW,JPY
cb1bccaa-4d6f-4823-bb1c-cb785c49127d,11/16/2026 00:01:00,Rightmove House Price Index (MoM),LOW,GBP
9f77843f-1632-4fe6-a2e5-689c7739598d,11/16/2026 00:01:00,Rightmove House Price Index (YoY),LOW,GBP
690875ae-9802-41f0-88c6-0875b61e7448,11/16/2026 01:30:00,"House Price Index ",LOW,CNY
857dd58b-9b97-4b13-85b2-b1cb1bf547ca,11/16/2026 02:00:00,Fixed Asset Investment (YTD) (YoY),LOW,CNY
d24fb42d-d1d2-4fb9-ae7e-c0e97920cb63,11/16/2026 02:00:00,Industrial Production (YoY),HIGH,CNY
1480ce4b-46ae-4517-822f-224e92e3b292,11/16/2026 02:00:00,Retail Sales (YoY),HIGH,CNY
f367f781-0c64-4043-88ff-cf2e274dfc69,11/16/2026 11:00:00,German Buba Monthly Report,MEDIUM,EUR
2e41c8f9-8beb-4aa7-94e5-fa802bab7dd9,11/16/2026 13:30:00,BoC Consumer Price Index Core (MoM),MEDIUM,CAD
85441e2b-dc68-4afd-b584-071ae80850f3,11/16/2026 13:30:00,BoC Consumer Price Index Core (YoY),HIGH,CAD
47f86027-6f95-4df4-a37b-e0021a0e0bc0,11/16/2026 13:30:00,Consumer Price Index - Core (MoM),LOW,CAD
c09515ce-0696-438b-af8f-268403527d8e,11/16/2026 13:30:00,Consumer Price Index (MoM),MEDIUM,CAD
c85052b0-d875-47c5-8612-1a1689342c55,11/16/2026 13:30:00,Consumer Price Index (YoY),HIGH,CAD
01643b1f-4e19-4d7c-a600-4abf43426409,11/16/2026 13:30:00,NY Empire State Manufacturing Index,MEDIUM,USD
95f282e1-241d-40f4-bc8f-23eb079f7f1a,11/16/2026 16:30:00,3-Month Bill Auction,LOW,USD
a65a4c99-405d-4179-b79b-35d48661aa70,11/16/2026 16:30:00,6-Month Bill Auction,LOW,USD
995b3aa2-796e-4bc3-9da3-8936d9f1a079,11/17/2026 00:30:00,RBA Meeting Minutes,HIGH,AUD
0e95ba3b-1441-4e14-bede-1fd7ade10267,11/17/2026 04:30:00,Tertiary Industry Index (MoM),LOW,JPY
da671753-b9f9-4554-9210-0ab8d4c60605,11/17/2026 07:00:00,Average Earnings Excluding Bonus (3Mo/Yr),MEDIUM,GBP
13bf23d9-19ee-44b4-9d13-aa9f441e3b4d,11/17/2026 07:00:00,Average Earnings Including Bonus (3Mo/Yr),MEDIUM,GBP
a743d15c-ff9f-4bde-b08f-dfc6f19ec14e,11/17/2026 07:00:00,Claimant Count Change,HIGH,GBP
2a521735-9072-42f1-90b4-f3e16a1330af,11/17/2026 07:00:00,Claimant Count Rate,MEDIUM,GBP
e3bae370-e9f9-48d0-b10b-816a10b55fc7,11/17/2026 07:00:00,Employment Change (3M),HIGH,GBP
74addc72-d8ab-405c-8a64-ad69da958195,11/17/2026 07:00:00,ILO Unemployment Rate (3M),HIGH,GBP
cd9421cf-ba95-4bee-8c41-207c0816fc56,11/17/2026 09:00:00,Global Trade Balance,LOW,EUR
0e4d969a-3cad-44e1-8992-45918cc707c6,11/17/2026 09:00:00,Trade Balance EU,LOW,EUR
e06130a7-3357-4220-9f33-d6864e4fd4c9,11/17/2026 10:00:00,ZEW Survey – Current Situation,MEDIUM,EUR
a403f424-740d-4aab-abd2-5fc35d8f21b6,11/17/2026 10:00:00,ZEW Survey – Economic Sentiment,MEDIUM,EUR
8e05e89b-1e16-4a55-8132-e04c6695f90f,11/17/2026 10:00:00,Harmonized Index of Consumer Prices (MoM),MEDIUM,EUR
1e92729f-6968-4b8f-bf07-797ff1718ace,11/17/2026 10:00:00,ZEW Survey – Economic Sentiment,MEDIUM,EUR
80272b23-9f7b-4e08-9680-a962edad9606,11/17/2026 13:15:00,ADP Employment Change 4-week average,MEDIUM,USD
a8215254-5e1b-45fe-9bb0-c1a04693f6a5,11/17/2026 13:30:00,Canadian Portfolio Investment in Foreign Securities,LOW,CAD
0b97f565-329f-435e-9b02-0a62ab5eec0f,11/17/2026 13:30:00,Foreign Portfolio Investment in Canadian Securities,LOW,CAD
ea9a4f85-ab0b-4b80-9953-e6e65d7e17b0,11/17/2026 13:30:00,Export Price Index (MoM),LOW,USD
ac1c75fb-1878-4ce4-8903-c93f4c411dc4,11/17/2026 13:30:00,Export Price Index (YoY),LOW,USD
72b7b672-321f-4344-9cc5-467af667a3d3,11/17/2026 13:30:00,Import Price Index (MoM),LOW,USD
13989e37-c2b2-4924-b2a6-4d4aca4d6201,11/17/2026 13:30:00,Import Price Index (YoY),LOW,USD
94a81821-a5f9-49b8-aa91-78fa3992fb3c,11/17/2026 13:30:00,Retail Sales (MoM),HIGH,USD
17d941f7-46b4-4bfa-bdf7-fef3d1767d4c,11/17/2026 13:30:00,Retail Sales (YoY),LOW,USD
9e7b2e58-e6d0-417d-b9d7-56ea5eedecec,11/17/2026 13:30:00,Retail Sales Control Group,HIGH,USD
837638b4-f9c6-4f3b-bcff-e134eb83c20e,11/17/2026 13:30:00,Retail Sales ex Autos (MoM),MEDIUM,USD
c1e77c92-8222-4722-8ab0-738dddc3fd19,11/17/2026 13:55:00,Redbook Index (YoY),LOW,USD
3b3b4edf-9d0a-44c7-b75e-e9240d1898f2,11/17/2026 14:15:00,Capacity Utilization,LOW,USD
8f7d19b2-f146-48b2-a2b0-142df3a4cbdb,11/17/2026 14:15:00,Industrial Production (MoM),MEDIUM,USD
388b82b4-a0cb-4e70-a678-3771e8c4a6e8,11/17/2026 15:00:00,GDT Price Index,LOW,NZD
1616cfb8-ef53-4aa9-9a24-572a2f49844c,11/17/2026 15:00:00,Business Inventories,LOW,USD
906fcee5-f66b-4d54-893f-4f6d80220f83,11/17/2026 15:00:00,NAHB Housing Market Index,LOW,USD
aa30e5d0-6138-43d1-b4b5-7b8c198c3b3f,11/17/2026 21:30:00,API Weekly Crude Oil Stock,LOW,USD
e04e187f-9be1-448e-b720-c625f8928fd6,11/18/2026 00:00:00,Westpac Leading Index (MoM),LOW,AUD
225be7ab-abc8-4a0c-aa96-7c6e259bd130,11/18/2026 00:30:00,Wage Price Index (QoQ),MEDIUM,AUD
629d7e72-44c4-49b3-ba3b-f81d50ec2116,11/18/2026 00:30:00,Wage Price Index (YoY),LOW,AUD
493f07f9-cedc-46fd-9045-a3e311035ed2,11/18/2026 07:00:00,Consumer Price Index (MoM),HIGH,GBP
8a6c1138-c1a6-425a-8867-81470e479d4f,11/18/2026 07:00:00,Consumer Price Index (YoY),HIGH,GBP
7c53447e-694a-4ffc-b0a8-acf33f38a1e4,11/18/2026 07:00:00,Core Consumer Price Index (YoY),HIGH,GBP
cb1199a6-a407-4dd6-a102-7dd39ece0607,11/18/2026 07:00:00,PPI Core Output (MoM) n.s.a,MEDIUM,GBP
1745dfd0-5ca3-41e7-a104-2ccb33356169,11/18/2026 07:00:00,"PPI Core Output (YoY) n.s.a ",MEDIUM,GBP
3bbf23cf-fbf2-4b45-90cd-d387a0f6f0c0,11/18/2026 07:00:00,Producer Price Index - Input (MoM) n.s.a,LOW,GBP
8e482c4a-4afe-4e4e-b15a-85efb8955267,11/18/2026 07:00:00,Producer Price Index - Input (YoY) n.s.a,LOW,GBP
3e64759a-10b2-4604-aaeb-e4f63f312d5c,11/18/2026 07:00:00,Producer Price Index - Output (MoM) n.s.a,MEDIUM,GBP
4155c088-f4af-438a-ab19-3e2d24465225,11/18/2026 07:00:00,Producer Price Index - Output (YoY) n.s.a,LOW,GBP
466c391d-2db6-4699-b96f-0096eb9183f9,11/18/2026 07:00:00,Retail Price Index (MoM),MEDIUM,GBP
2eadfd6e-4b50-424d-bde3-74c97ca93e63,11/18/2026 07:00:00,Retail Price Index (YoY),MEDIUM,GBP
cf34e9d7-3b7c-4b5e-ad3b-1d084d7e0c31,11/18/2026 09:00:00,FDI - Foreign Direct Investment (YTD) (YoY),LOW,CNY
306ee451-848a-44c6-b1e7-ef461c9706e9,11/18/2026 09:00:00,Current Account n.s.a,LOW,EUR
6ef752db-d007-417d-b274-5ceca06e7773,11/18/2026 09:00:00,Current Account s.a,LOW,EUR
c9940811-429b-48e0-9799-be27961305b1,11/18/2026 09:00:00,Consumer Price Index (EU Norm) (MoM),LOW,EUR
5c9b41a3-da4c-44a5-9612-fd1309449ef6,11/18/2026 09:00:00,Consumer Price Index (EU Norm) (YoY),MEDIUM,EUR
f8180d55-e56c-498a-b24a-47a7043097cd,11/18/2026 09:00:00,Consumer Price Index (MoM),LOW,EUR
e3b597f1-6870-4796-b9db-6d3a031cfbc2,11/18/2026 09:00:00,Consumer Price Index (YoY),MEDIUM,EUR
3d904a98-be27-4658-842a-f66693be0b3e,11/18/2026 09:30:00,DCLG House Price Index (YoY),LOW,GBP
07e372a3-7dfc-420e-83ef-862b459c7a77,11/18/2026 10:00:00,Core Harmonized Index of Consumer Prices (MoM),MEDIUM,EUR
127fa8eb-8e4d-4de4-8575-b66c3042d130,11/18/2026 10:00:00,Core Harmonized Index of Consumer Prices (YoY),MEDIUM,EUR
33455dad-32ab-483a-90b2-1467ab9752ac,11/18/2026 10:00:00,Harmonized Index of Consumer Prices (YoY),LOW,EUR
9f3ec2d3-23e0-478c-8f1a-f88efda23d5a,11/18/2026 12:00:00,MBA Mortgage Applications,LOW,USD
d488ab50-a011-48e9-9512-6a1cc44d9a45,11/18/2026 13:15:00,Housing Starts s.a (YoY),LOW,CAD
4a6eb810-1a77-41d3-913e-34753160e15c,11/18/2026 13:30:00,Building Permits (MoM),MEDIUM,USD
d164006c-55c3-4c5f-8014-ec55ddd4698a,11/18/2026 13:30:00,Building Permits Change,LOW,USD
d44d06ba-95b8-4ff4-add7-bcd65964fb5a,11/18/2026 13:30:00,Housing Starts (MoM),MEDIUM,USD
a08bc30a-a62d-40b4-914e-a48edbcc09ef,11/18/2026 13:30:00,Housing Starts Change,LOW,USD
7595b1bc-753e-4d65-927a-2ed94deae7bd,11/18/2026 15:30:00,EIA Crude Oil Stocks Change,LOW,USD
00c99173-cd4c-4855-ae6f-3efed0642769,11/18/2026 15:30:00,EIA Distillate Stocks Change,LOW,USD
f1011f08-aeaa-44b9-bb07-d47a8146952e,11/18/2026 15:30:00,EIA Gasoline Stocks Change,LOW,USD
86b406a1-cdf5-4426-8b13-ab84a92fd886,11/18/2026 15:30:00,EIA Heating Oil Stocks Change,LOW,USD
125becc3-8f58-48df-b7a2-87763af4bf53,11/18/2026 18:00:00,20-Year Bond Auction,LOW,USD
d97b15ef-1df0-4a15-b58a-326c46646d1a,11/18/2026 19:00:00,FOMC Minutes,HIGH,USD
0144b396-e220-4a2f-bbfa-8872cb43a4fd,11/18/2026 21:00:00,Net Long-Term TIC Flows,LOW,USD
a192b245-9e73-4944-ae35-d32c18c15b5e,11/18/2026 21:00:00,Total Net TIC Flows,LOW,USD
4cd122cb-00a7-496d-9a27-d77c167568c2,11/18/2026 21:45:00,Exports,MEDIUM,NZD
a7757169-08d7-4c1b-8332-9aa51a6ae24b,11/18/2026 21:45:00,Imports,MEDIUM,NZD
25829276-c094-431c-8f28-d6f87b639d6e,11/18/2026 21:45:00,Producer Price Index - Input (QoQ),LOW,NZD
4fbbcd0e-e2a5-48eb-a0ad-b624ada01657,11/18/2026 21:45:00,Producer Price Index - Output (QoQ),MEDIUM,NZD
0298b4c8-3be8-4315-8820-b450bc1657ba,11/18/2026 21:45:00,Trade Balance NZD (MoM),LOW,NZD
6cc67f79-b6df-4fcd-a756-3f183a3d7f57,11/18/2026 21:45:00,Trade Balance NZD (YoY),MEDIUM,NZD
37602ca6-9d42-4a43-b2e9-8412fcd8add6,11/18/2026 23:50:00,Adjusted Merchandise Trade Balance,MEDIUM,JPY
e422a8fb-7cba-448d-8e9b-e6ef9d7ef6b1,11/18/2026 23:50:00,Exports (YoY),MEDIUM,JPY
42a1ea17-f349-45a0-a6e0-87c47507cdec,11/18/2026 23:50:00,Foreign Bond Investment,LOW,JPY
cc6cfdd5-7a86-47a4-97c6-29247b127f95,11/18/2026 23:50:00,Foreign Investment in Japan Stocks,LOW,JPY
924fd09c-5d2a-45dd-ab0a-ce76d22c8c5f,11/18/2026 23:50:00,Imports (YoY),MEDIUM,JPY
75cf18c1-58c2-441d-97d5-597d2bb65d3b,11/18/2026 23:50:00,Merchandise Trade Balance Total,MEDIUM,JPY
0325b359-5799-4c4a-9f9a-63f25d1f36ae,11/19/2026 00:30:00,Employment Change s.a.,HIGH,AUD
ce3aba16-e2be-4ff9-9b64-19412d546187,11/19/2026 00:30:00,Full-Time Employment,MEDIUM,AUD
8d9d62b3-9a2f-425f-924e-80953d4472d9,11/19/2026 00:30:00,Part-Time Employment,MEDIUM,AUD
09a52da5-54eb-40d5-ace0-a4cd2f644a9f,11/19/2026 00:30:00,Participation Rate,MEDIUM,AUD
9b8b5a7b-4bf5-4da4-90e3-ecc6df86a4c7,11/19/2026 00:30:00,Unemployment Rate s.a.,HIGH,AUD
ad1edb81-9a91-4ec1-99a5-4956162bb400,11/19/2026 07:00:00,Exports (MoM),LOW,CHF
a0f3c572-eed8-49f2-89e0-8d721b99b6a3,11/19/2026 07:00:00,Imports (MoM),LOW,CHF
0ae11022-47ea-4d2a-91f7-d6211ee635f4,11/19/2026 07:00:00,Trade Balance,LOW,CHF
6ecdc0e9-5399-4c5a-8706-04c1ed815f08,11/19/2026 10:00:00,Construction Output  s.a (MoM),LOW,EUR
1fbcfce0-3d8d-4256-b853-fde427923fb2,11/19/2026 10:00:00,Construction Output w.d.a (YoY),LOW,EUR
2e12cfde-9b45-43e9-bd7d-d9dc874ad4f9,11/19/2026 13:30:00,Employment Insurance Beneficiaries Change (MoM),LOW,CAD
8fda56a0-ac65-4b2f-85b2-92f20a9d5f85,11/19/2026 13:30:00,Industrial Product Price (MoM),LOW,CAD
cfe40d19-0ec6-4f01-a5d3-4c2a72b25e2a,11/19/2026 13:30:00,Raw Material Price Index,LOW,CAD
cf9710da-4da3-4c08-869f-f8d452ba009a,11/19/2026 13:30:00,Continuing Jobless Claims,LOW,USD
f63465a7-efe9-47d1-baef-8c1a6558e837,11/19/2026 13:30:00,Initial Jobless Claims,MEDIUM,USD
963163ee-c4cd-44e1-9554-45297f47c825,11/19/2026 13:30:00,Initial Jobless Claims 4-week average,LOW,USD
685a12fd-f1f6-404a-afc4-28418c00a896,11/19/2026 13:30:00,Philadelphia Fed Manufacturing Survey,MEDIUM,USD
afd78c23-8b8d-4565-96be-6a602aa6856f,11/19/2026 15:00:00,Pending Home Sales (MoM),MEDIUM,USD
85ed3fb2-8647-4b2e-949a-97cc284cf176,11/19/2026 15:00:00,Pending Home Sales (YoY),LOW,USD
f7035b6c-5297-4d62-8189-aea3c49b112a,11/19/2026 15:30:00,EIA Natural Gas Storage Change,LOW,USD
e0606729-853d-41d8-84e5-30af4b281e45,11/19/2026 16:30:00,4-Week Bill Auction,LOW,USD
a3ba1622-0568-4da2-8dd3-ed64e899bd2a,11/19/2026 18:00:00,10-year TIPS Auction,LOW,USD
2c361dfb-838f-4797-bb41-fb7ff6d6922d,11/19/2026 23:30:00,National Consumer Price Index (YoY),MEDIUM,JPY
28a062e3-2a8c-4bb8-be4c-63f6c44732d9,11/19/2026 23:30:00,"National CPI ex Food, Energy (YoY)",MEDIUM,JPY
9560be50-5920-4977-9e63-4e9f0683f3eb,11/19/2026 23:30:00,National CPI ex Fresh Food (YoY),MEDIUM,JPY
08a5281c-800b-4f16-b290-b1187b9ee781,11/20/2026 00:01:00,GfK Consumer Confidence,MEDIUM,GBP
9a90d25b-1d76-495b-bfa7-4707f1a1ca20,11/20/2026 01:15:00,PBoC Interest Rate Decision,MEDIUM,CNY
82431d39-a250-428d-83a4-c238190127a4,11/20/2026 07:00:00,Producer Price Index (MoM),MEDIUM,EUR
cf1a51e5-5c6a-4c69-a56f-ed75f13f279d,11/20/2026 07:00:00,Producer Price Index (YoY),MEDIUM,EUR
f9a7ae50-7922-4d43-b11e-9e97880cc3eb,11/20/2026 07:00:00,Public Sector Net Borrowing,LOW,GBP
ea2929cb-b55a-4ab6-9f2e-78bb35c1d03f,11/20/2026 07:00:00,Retail Sales (MoM),HIGH,GBP
820d87d7-c7e7-412a-8c51-98b748d79557,11/20/2026 07:00:00,Retail Sales (YoY),MEDIUM,GBP
468df006-b152-4c5b-af50-2ee03942d171,11/20/2026 07:00:00,Retail Sales ex-Fuel (MoM),MEDIUM,GBP
b5fa24bb-ea69-4acd-a624-037d64b84be9,11/20/2026 07:00:00,Retail Sales ex-Fuel (YoY),MEDIUM,GBP
f0132407-1840-44da-9356-8e4fceb6eea2,11/20/2026 07:30:00,Industrial Production (YoY),MEDIUM,CHF
69b2fc75-c800-4f5b-8d40-be0da46eaeaa,11/20/2026 10:00:00,Negotiated Wage Rates (QoQ),LOW,EUR
fe23e633-8600-4bd1-815f-9dac5d26653f,11/20/2026 13:30:00,New Housing Price Index (MoM),LOW,CAD
c1e43bb1-6254-4a83-9c68-541ab52f6a22,11/20/2026 13:30:00,New Housing Price Index (YoY),LOW,CAD
7778882c-f48b-4ec0-8a6f-d701a8afd900,11/20/2026 13:30:00,Retail Sales (MoM),MEDIUM,CAD
c315eeed-17a2-47f5-8414-f61eba791243,11/20/2026 13:30:00,Retail Sales ex Autos (MoM),MEDIUM,CAD
00483e59-4e05-4420-b7fe-0aa378f3d364,11/20/2026 15:00:00,Consumer Confidence,MEDIUM,EUR
327a2365-a1ac-4567-b2ba-2dad26b47ef1,11/20/2026 15:00:00,Michigan Consumer Expectations Index,MEDIUM,USD
00ca8cbc-5856-4362-96a4-5afeb41711b6,11/20/2026 15:00:00,Michigan Consumer Sentiment Index,MEDIUM,USD
4a6697ae-befa-4bc0-802a-90772eadff1b,11/20/2026 15:00:00,UoM 1-year Consumer Inflation Expectations,MEDIUM,USD
96e1a763-8236-4aa0-ab99-153eb80fd0ff,11/20/2026 15:00:00,UoM 5-year Consumer Inflation Expectation,MEDIUM,USD
2552ffa0-f778-47c8-9371-26f1f4fb2f5f,11/20/2026 18:00:00,Baker Hughes US Oil Rig Count,LOW,USD
7cbffe9a-1577-4360-b338-15da18c11566,11/20/2026 20:30:00,CFTC AUD NC Net Positions,LOW,AUD
8389529f-b528-4e84-874e-92e1f0ac2b55,11/20/2026 20:30:00,CFTC EUR NC Net Positions,LOW,EUR
6d2aca1a-3610-4268-8304-618f4e4a9e16,11/20/2026 20:30:00,CFTC JPY NC Net Positions,LOW,JPY
56ad9243-c09c-4c33-b938-15e67542cfd6,11/20/2026 20:30:00,CFTC GBP NC Net Positions,LOW,GBP
4b8228cb-669b-402e-9550-f038f8058c2f,11/20/2026 20:30:00,CFTC Gold NC Net Positions,LOW,USD
ccf3a457-3594-4cd1-82de-f68b40f6c904,11/20/2026 20:30:00,CFTC Oil NC Net Positions,LOW,USD
f8c140e2-577f-4541-bb5e-c7c41a90715d,11/20/2026 20:30:00,CFTC S&P 500 NC Net Positions,LOW,USD
f4c123a8-53a4-4898-bed1-6168e3d3090a,11/22/2026 15:00:00,Labor Thanksgiving Day,NONE,JPY
98010b47-18ea-48a7-80e6-8867fc32d5c7,11/22/2026 21:45:00,Retail Sales (QoQ),HIGH,NZD
e5d9066a-a5ff-47fb-96c5-a9a35fac7f28,11/22/2026 21:45:00,Retail Sales ex Autos (QoQ),MEDIUM,NZD
a926f3d0-db88-435a-a8e3-fab155a42c5d,11/22/2026 22:00:00,S&P Global Composite PMI,MEDIUM,AUD
a641756d-6823-41bd-a718-f0ec43117d2e,11/22/2026 22:00:00,S&P Global Manufacturing PMI,MEDIUM,AUD
a4de42eb-925a-409b-9ea1-6e16f3b975e8,11/22/2026 22:00:00,S&P Global Services PMI,MEDIUM,AUD
b131025e-acae-4464-bcaa-21039ae4387a,11/23/2026 00:30:00,Jibun Bank Manufacturing PMI,LOW,JPY
051de4eb-18dc-4c48-93ef-373a2eca01f5,11/23/2026 00:30:00,Jibun Bank Services PMI,LOW,JPY
24b95e22-7dc4-4d35-8737-e6d3b11f5df4,11/23/2026 07:30:00,Employment Level (QoQ),LOW,CHF
51a607ae-8549-402c-9bc5-97af8bb9182d,11/23/2026 08:30:00,HCOB Composite PMI,HIGH,EUR
e9326071-1ffc-4c94-9af6-8850136e4f61,11/23/2026 08:30:00,HCOB Manufacturing PMI,HIGH,EUR
e6ea5545-7b54-4d8d-ad02-829080a985f8,11/23/2026 08:30:00,HCOB Services PMI,HIGH,EUR
0f97f635-db4e-4427-8679-f4edb8e667ed,11/23/2026 09:00:00,HCOB Composite PMI,HIGH,EUR
51783004-8bad-4e6a-aa3e-4b5d3d40177e,11/23/2026 09:00:00,HCOB Manufacturing PMI,HIGH,EUR
a5eeb932-1402-4286-9e63-c971f439b036,11/23/2026 09:00:00,HCOB Services PMI,HIGH,EUR
a9888f8e-95f9-4c9a-9b90-b97fb7297e50,11/23/2026 09:30:00,S&P Global Composite PMI,HIGH,GBP
1ed4cc35-28ae-4071-b6e0-1db1e148a577,11/23/2026 09:30:00,S&P Global Manufacturing PMI,HIGH,GBP
26c102b0-281c-4bae-bacd-c1b18129a2cb,11/23/2026 09:30:00,S&P Global Services PMI,HIGH,GBP
33fcbcec-bb02-40f2-90f1-438687744ff6,11/23/2026 14:45:00,S&P Global Composite PMI,MEDIUM,USD
59eea359-055e-432e-abb9-1631399881f4,11/23/2026 14:45:00,S&P Global Manufacturing PMI,HIGH,USD
5a045d8e-2e1e-4b3c-85fb-78586fa73d89,11/23/2026 14:45:00,S&P Global Services PMI,HIGH,USD
8948cd5e-a5f8-43e6-9a82-dd9a0fbb8455,11/23/2026 16:30:00,3-Month Bill Auction,LOW,USD
6e5b3e7e-638d-468a-85eb-9d2dbf29ed32,11/23/2026 16:30:00,6-Month Bill Auction,LOW,USD
b18f94c5-eb8c-4fef-bcb2-be3cf93bafe3,11/23/2026 18:00:00,2-Year Note Auction,LOW,USD
1a3fdd65-7c7a-4d11-bca3-7ee18470ec08,11/24/2026 02:00:00,Credit Card Spending (YoY),LOW,NZD
1b48d39d-5741-4af7-ac9b-178300bc908a,11/24/2026 07:45:00,Business Climate in Manufacturing,LOW,EUR
1f3e636a-57b5-4c2c-89e3-ff1b37f0fa49,11/24/2026 07:45:00,Consumer Confidence,LOW,EUR
e4694d37-7305-46aa-9ac7-ee0166cdd189,11/24/2026 08:15:00,HCOB Composite PMI,MEDIUM,EUR
05ecec47-07fa-48e2-b9d4-5c944f7c886d,11/24/2026 08:15:00,HCOB Manufacturing PMI,MEDIUM,EUR
2c51d13f-b961-4829-a265-b126d6f1d07c,11/24/2026 08:15:00,HCOB Services PMI,MEDIUM,EUR
3e2e32f4-4bd8-4efc-b96e-1c35186181c3,11/24/2026 13:15:00,ADP Employment Change 4-week average,MEDIUM,USD
77a1d0a3-3649-43ce-a99c-733e0fcc0ccd,11/24/2026 13:55:00,Redbook Index (YoY),LOW,USD
45df6d9f-d144-4565-b449-e0af73c41ad7,11/24/2026 14:00:00,Housing Price Index (MoM),MEDIUM,USD
f6043a02-e058-4735-a8c3-727a3c444ced,11/24/2026 14:00:00,S&P/Case-Shiller Home Price Indices (YoY),LOW,USD
691231f9-7b47-4f94-9576-61f33b9a1aa2,11/24/2026 15:00:00,Consumer Confidence,MEDIUM,USD
56cfa3ab-182b-4f66-b907-e02a786dc22a,11/24/2026 15:00:00,Richmond Fed Manufacturing Index,LOW,USD
90dac270-bf08-468e-bdf0-47e6f53149dc,11/24/2026 15:30:00,52-Week Bill Auction,LOW,USD
995c5516-e50f-4512-97c2-a0c0aa2ce207,11/24/2026 21:30:00,API Weekly Crude Oil Stock,LOW,USD
d8b3532a-7bf7-4a81-b1e4-0ab080bf74b3,11/24/2026 23:50:00,Corporate Service Price Index (YoY),LOW,JPY
ae1b9bdb-6be9-4afe-b9c4-77dc84fc31c1,11/25/2026 00:30:00,Construction Work Done,LOW,AUD
2a49076f-9167-4fb5-9362-267931312e02,11/25/2026 00:30:00,Consumer Price Index (MoM),MEDIUM,AUD
ec0afe2e-a6f6-44d6-b72a-fb7ec7709405,11/25/2026 00:30:00,Consumer Price Index (YoY),HIGH,AUD
04030d5b-b74c-4e28-b6d3-64387c9052b2,11/25/2026 00:30:00,Trimmed Mean CPI (MoM),MEDIUM,AUD
b6aff569-a84d-49f9-85da-cf30307198f1,11/25/2026 00:30:00,Trimmed Mean CPI (YoY),HIGH,AUD
bb6958b8-75f9-4d5f-b6e4-85a66c2b3419,11/25/2026 07:00:00,Gross Domestic Product (QoQ),MEDIUM,EUR
0623ca07-d118-4939-8017-ab5524032010,11/25/2026 07:00:00,Gross Domestic Product (YoY),MEDIUM,EUR
b4f9f540-81e2-4956-8c53-6e606f5fe08c,11/25/2026 07:00:00,Gross Domestic Product w.d.a (YoY),MEDIUM,EUR
41b9d8f2-f068-472a-add0-c8d192dd45a4,11/25/2026 08:00:00,Non-Monetary Policy ECB Meeting,MEDIUM,EUR
2cf896ad-d83d-402a-a070-63f1b11d4da0,11/25/2026 09:00:00,ZEW Survey – Expectations,MEDIUM,CHF
266e779c-b4c3-471c-90a0-6a37709d39e9,11/25/2026 09:00:00,IFO – Business Climate,MEDIUM,EUR
aa48cb3e-c34e-4d29-bd76-8d9ac8b7edf6,11/25/2026 09:00:00,IFO – Current Assessment,MEDIUM,EUR
521c5214-ac5c-4271-a5e8-b28c76bb14cf,11/25/2026 09:00:00,IFO – Expectations,MEDIUM,EUR
6f34cc0e-7451-4f7e-8acc-36ca7fc95e63,11/25/2026 12:00:00,MBA Mortgage Applications,LOW,USD
a43d0096-4880-4f3b-8c0e-b0081c7d3ee9,11/25/2026 13:30:00,Core Personal Consumption Expenditures (QoQ),MEDIUM,USD
fc581a47-9da2-42c0-99f2-8d398f7f5a99,11/25/2026 13:30:00,Durable Goods Orders,MEDIUM,USD
9372ad5f-dffe-417b-a927-3e39ad77aa3c,11/25/2026 13:30:00,Durable Goods Orders ex Defense,MEDIUM,USD
8f6721cc-b745-4c83-990a-fa7586c5e8a0,11/25/2026 13:30:00,Durable Goods Orders ex Transportation,MEDIUM,USD
bd90b87c-be04-4a81-9d61-f49c4152a0f3,11/25/2026 13:30:00,Gross Domestic Product Annualized,MEDIUM,USD
173b19e8-652d-467d-86c6-9a96bbc40efb,11/25/2026 13:30:00,Gross Domestic Product Price Index,MEDIUM,USD
d09fa664-2fa5-45d1-a556-4afa3ff8bd3d,11/25/2026 13:30:00,Nondefense Capital Goods Orders ex Aircraft,MEDIUM,USD
16ac5fe0-fb21-4eed-ae36-143031d9d8cf,11/25/2026 13:30:00,Personal Consumption Expenditures Prices (QoQ),MEDIUM,USD
6938e25d-18c2-425a-9bab-27d70845a03e,11/25/2026 15:00:00,New Home Sales (MoM),LOW,USD
7d45507d-7398-47e0-8231-0f1c156a066b,11/25/2026 15:00:00,New Home Sales Change (MoM),MEDIUM,USD
f6161bfd-b117-4df4-bdea-043b22ff9788,11/25/2026 15:30:00,EIA Crude Oil Stocks Change,LOW,USD
343458d9-b023-4b56-ae6f-91b4211983ef,11/25/2026 15:30:00,EIA Distillate Stocks Change,LOW,USD
b0959f76-684e-4b32-a590-eda6993c79c2,11/25/2026 15:30:00,EIA Gasoline Stocks Change,LOW,USD
f91a1070-345b-457a-856d-cd5feee69b96,11/25/2026 15:30:00,EIA Heating Oil Stocks Change,LOW,USD
b9cad217-8b58-4c24-9de6-ac048123e6e4,11/25/2026 17:00:00,EIA Natural Gas Storage Change,LOW,USD
90ca48e8-e391-450e-952b-939881dafec1,11/25/2026 18:00:00,5-Year Note Auction,LOW,USD
9807c577-b2a1-4636-9794-acf711490a27,11/25/2026 19:00:00,Fed's Beige Book,MEDIUM,USD
a255919c-70ac-409d-a6d8-1ce7733f4a6f,11/25/2026 23:50:00,Foreign Bond Investment,LOW,JPY
7ead6b8b-b9d8-4868-8fc0-12b6198f7dde,11/25/2026 23:50:00,Foreign Investment in Japan Stocks,LOW,JPY
a0ef654e-2aaa-497c-bdcd-eeecebb77813,11/26/2026 00:30:00,Private Capital Expenditure,MEDIUM,AUD
223125b7-e750-4ab6-93e6-bbea26128272,11/26/2026 00:30:00,RBA Bulletin,LOW,AUD
7c0acc72-1f9c-4de7-b29b-ec84b2cf4605,11/26/2026 05:00:00,Thanksgiving Day,NONE,USD
f7f44400-4d54-4845-bc38-9cd82c520062,11/26/2026 09:00:00,M3 Money Supply (3m),LOW,EUR
27e66ea2-5dec-4d11-8496-513a4aa1ce99,11/26/2026 09:00:00,M3 Money Supply (YoY),LOW,EUR
59fc5b9d-6013-4a70-a951-fd2b8a537c3d,11/26/2026 09:00:00,Private Loans (YoY),LOW,EUR
b637e479-07f9-4baa-8c24-0da8992fdf20,11/26/2026 09:00:00,Business Confidence,LOW,EUR
3df90316-b9fb-4cfd-8764-44f5e8c22987,11/26/2026 09:00:00,Consumer Confidence,LOW,EUR
1dac1be3-d968-41ed-9aa4-602e31d8e6ea,11/26/2026 10:30:00,Financial Stability Report,MEDIUM,GBP
c51d89ac-b0e3-429e-9e55-9b6a61e08ccf,11/26/2026 10:30:00,FPC Meeting Minutes,LOW,GBP
296ccec6-4627-452d-b262-087b01d91970,11/26/2026 10:30:00,FPC Statement,LOW,GBP
acc78656-3c1c-455a-9869-ffe5eecc6dfa,11/26/2026 13:30:00,"Chicago Fed National Activity Index ",LOW,USD
20dfc7e8-8e4a-4d0a-866d-2c68fdb38d38,11/26/2026 13:30:00,Continuing Jobless Claims,LOW,USD
2799ebac-b2e7-46c6-a1cf-c47a0f559063,11/26/2026 13:30:00,Initial Jobless Claims,MEDIUM,USD
812f996e-4011-40da-aa2e-f8f75a6dbd30,11/26/2026 13:30:00,Initial Jobless Claims 4-week average,LOW,USD
a82b91db-a309-45e5-b2e4-072f8a2632a8,11/26/2026 16:00:00,Kansas Fed Manufacturing Activity,LOW,USD
bd1b0059-dcb4-4658-9766-8eebab5f47bd,11/26/2026 16:30:00,4-Week Bill Auction,LOW,USD
620ffa8e-169a-4fbb-9ff6-71925900c1bb,11/26/2026 18:00:00,7-Year Note Auction,LOW,USD
3cd3a608-e9b0-4f59-971d-e2000bb0ef66,11/26/2026 21:00:00,ANZ – Roy Morgan Consumer Confidence,MEDIUM,NZD
216be42a-e689-4f27-8c25-0216d4da9c1f,11/27/2026 05:00:00,Coincident Index,LOW,JPY
f9247b5f-e13a-4755-98b6-eebee022361a,11/27/2026 05:00:00,Leading Economic Index,LOW,JPY
91147c54-976a-48e9-b537-2c8b613c49ab,11/27/2026 07:00:00,GfK Consumer Confidence Survey,MEDIUM,EUR
e69a123a-31c6-4080-9f2c-037c8f621d49,11/27/2026 07:45:00,Gross Domestic Product (QoQ),LOW,EUR
9b9be037-3b6a-4089-aecc-9f33a5153d46,11/27/2026 07:45:00,Producer Prices (MoM),LOW,EUR
a41baa3d-7dd6-4d93-a33d-06514e4a4c22,11/27/2026 08:00:00,Consumer Price Index (MoM),LOW,EUR
31b0dacc-49df-4e2e-b7fc-b841258708ed,11/27/2026 08:00:00,Consumer Price Index (YoY),LOW,EUR
52fe12eb-b372-49df-a6ce-12dbfa3dd38d,11/27/2026 08:00:00,Harmonized Index of Consumer Prices (MoM),LOW,EUR
c9c4f8cd-304c-4158-b52f-603b42515112,11/27/2026 08:00:00,Harmonized Index of Consumer Prices (YoY),MEDIUM,EUR
f597fd66-cdfe-4f40-9fc1-e96295e5c6d4,11/27/2026 08:00:00,Retail Sales (YoY),LOW,EUR
398272df-ff99-4199-9881-410812af33f7,11/27/2026 08:55:00,Unemployment Change,MEDIUM,EUR
ba51343f-b6de-4ae5-b99c-7e03a7cc0aa2,11/27/2026 08:55:00,Unemployment Rate s.a.,MEDIUM,EUR
ebb83e1d-f64a-4d5a-a800-e117dfb2a87c,11/27/2026 09:00:00,Industrial Sales n.s.a. (YoY),LOW,EUR
49b7f55b-3825-435e-92e1-6efa68d0f0a3,11/27/2026 09:00:00,Industrial Sales s.a. (MoM),LOW,EUR
1e184019-99ff-487c-b38a-90002d8a5828,11/27/2026 10:00:00,Business Climate,MEDIUM,EUR
80de23df-5232-4dc2-b290-f6927f20c3ac,11/27/2026 10:00:00,Consumer Confidence,MEDIUM,EUR
38ee515d-90de-4aab-9ee7-157d018fbe91,11/27/2026 10:00:00,Economic Sentiment Indicator,MEDIUM,EUR
e5cc7cdb-0cfc-4894-9a1f-9de1bfcd4b84,11/27/2026 10:00:00,Industrial Confidence,LOW,EUR
9ca7ac5d-2bc7-451c-a2a3-73e6e8acde09,11/27/2026 10:00:00,Services Sentiment,LOW,EUR
63ba2498-3b32-47e0-aa21-0685ecdfc11d,11/27/2026 13:30:00,Gross Domestic Product (MoM),MEDIUM,CAD
319c9a4d-abe6-44dc-80c3-463a5bc94fee,11/27/2026 13:30:00,Core Personal Consumption Expenditures - Price Index (MoM),HIGH,USD
977e5a28-6554-4d7d-961d-cd730d905e84,11/27/2026 13:30:00,Core Personal Consumption Expenditures - Price Index (YoY),HIGH,USD
74040035-628d-475d-8526-9c5c5cc64534,11/27/2026 13:30:00,Goods Trade Balance,LOW,USD
9f03265e-0c87-46e9-ade0-9245202f612b,11/27/2026 13:30:00,Personal Consumption Expenditures - Price Index (MoM),MEDIUM,USD
fc222e03-3dc7-4d6b-85f8-881142da406b,11/27/2026 13:30:00,Personal Consumption Expenditures - Price Index (YoY),MEDIUM,USD
993d60c4-5fd3-49f5-ac03-2fecf2b26fdb,11/27/2026 13:30:00,Personal Income (MoM),MEDIUM,USD
8f3f6de5-8547-450d-a059-abe6708a16d5,11/27/2026 13:30:00,Personal Spending,MEDIUM,USD
51a0b6d5-151c-4fda-be5c-8cf288b51ebf,11/27/2026 13:30:00,Wholesale Inventories,LOW,USD
2e8f5d63-3d8b-4d4a-89bd-ad984e0f2bf4,11/27/2026 18:00:00,Baker Hughes US Oil Rig Count,LOW,USD
4d536e97-8865-43a1-bbda-a4ad97833c3a,11/27/2026 20:30:00,CFTC AUD NC Net Positions,LOW,AUD
19a3bcc8-f966-4e0f-ab5d-5b265974f179,11/27/2026 20:30:00,CFTC EUR NC Net Positions,LOW,EUR
e6850255-a1db-4348-b55b-c073b4a0d762,11/27/2026 20:30:00,CFTC JPY NC Net Positions,LOW,JPY
99163605-bd59-4ed1-bbea-4ccc43d2eb7e,11/27/2026 20:30:00,CFTC GBP NC Net Positions,LOW,GBP
ebaea77a-9259-4128-aa05-b63d7984dbfd,11/27/2026 20:30:00,CFTC Gold NC Net Positions,LOW,USD
807bfad8-372b-44ae-8ef2-d83b8d3845f6,11/27/2026 20:30:00,CFTC Oil NC Net Positions,LOW,USD
a15cc5fb-4d40-4b47-a6b4-79ff6b0496bd,11/27/2026 20:30:00,CFTC S&P 500 NC Net Positions,LOW,USD
a2a98361-fb41-4858-9985-8e99c8fd0e8b,11/30/2026 00:00:00,TD-MI Inflation Gauge (MoM),LOW,AUD
20595daa-15d0-4d98-a746-d9a483b77c72,11/30/2026 00:00:00,TD-MI Inflation Gauge (YoY),MEDIUM,AUD
e156902e-56db-4e65-9f47-086ac0d05fb1,11/30/2026 00:00:00,ANZ Activity Outlook,LOW,NZD
edb04eab-3322-438b-a979-1c465eb45da5,11/30/2026 00:00:00,ANZ Business Confidence,LOW,NZD
f89434b7-6baf-4c70-a635-2d7562f18144,11/30/2026 00:01:00,BRC Shop Price Index (YoY),LOW,GBP
50e0b6e9-edb0-4733-a12f-b60867756f55,11/30/2026 00:30:00,Company Gross Operating Profits (QoQ),LOW,AUD
d5d69fc5-49de-4418-9573-1e4528ff18a7,11/30/2026 00:30:00,Private Sector Credit (MoM),LOW,AUD
dc6572b4-8c7b-4d43-a16a-94fa1c1ada2b,11/30/2026 00:30:00,Private Sector Credit (YoY),LOW,AUD
a6249871-11ef-4a96-87f2-a7a521a0fe96,11/30/2026 01:30:00,NBS Manufacturing PMI,HIGH,CNY
052bce33-768b-4ee1-b604-086a1d245d20,11/30/2026 01:30:00,NBS Non-Manufacturing PMI,HIGH,CNY
8f895f9f-dd54-4b8b-a5ea-32f801c99ad5,11/30/2026 05:00:00,Annualized Housing Starts,LOW,JPY
aab2bb3f-7151-4bed-b851-14585e3bfd1f,11/30/2026 05:00:00,Construction Orders (YoY),LOW,JPY
f74ee8d1-164c-4501-8f7c-2b92c8c7a884,11/30/2026 05:00:00,Consumer Confidence Index,LOW,JPY
bd1ee578-4406-4643-91e3-d63408d2d67a,11/30/2026 05:00:00,Housing Starts (YoY),LOW,JPY
3033ecec-c2de-46c8-8c72-88871aabc101,11/30/2026 07:00:00,Import Price Index (MoM),LOW,EUR
cc25182e-9821-4ed8-b2e3-e220875b0d79,11/30/2026 07:00:00,Import Price Index (YoY),LOW,EUR
10b668f4-0aed-4abc-81bd-8d73aa7719db,11/30/2026 07:00:00,Retail Sales (MoM),MEDIUM,EUR
8b56deba-be73-4a31-b27b-80578a8e8ad7,11/30/2026 07:00:00,Retail Sales (YoY),HIGH,EUR
29c521a2-663b-4b8d-aeb7-366932331a8f,11/30/2026 07:00:00,Nationwide Housing Prices n.s.a (YoY),LOW,GBP
67a34a47-30c3-46cf-9267-da0f32ef6b0e,11/30/2026 07:00:00,Nationwide Housing Prices s.a (MoM),LOW,GBP
e913ace4-4ff2-4e9b-8735-d8de89faac32,11/30/2026 07:45:00,Consumer Price Index (EU norm) (MoM),LOW,EUR
175022b4-8dba-48ca-94f2-48e25dc57a5f,11/30/2026 07:45:00,Consumer Price Index (EU norm) (YoY),MEDIUM,EUR
3d0bb973-05bc-4475-a6c1-07ba26a1e5ec,11/30/2026 07:45:00,Consumer Spending (MoM),LOW,EUR
fb4bb103-ff6f-4cba-b561-cbe0d65d59d9,11/30/2026 07:45:00,Nonfarm Payrolls (QoQ),LOW,EUR
a648af5b-4aae-4aba-9bf7-0112eedec34b,11/30/2026 08:00:00,KOF Leading Indicator,LOW,CHF
56c8eba1-ca84-473b-8061-b685e0ab3809,11/30/2026 09:00:00,Baden-Wuerttemberg CPI (MoM),LOW,EUR
c0a71dac-e369-4972-b701-f719f1a003b7,11/30/2026 09:00:00,Baden-Wuerttemberg CPI (YoY),LOW,EUR
9f67838d-66fc-49cb-9d77-9ff78d3d1ebd,11/30/2026 09:00:00,Bavaria CPI (MoM),LOW,EUR
a8ffded1-0d68-42db-8726-92bf1924d256,11/30/2026 09:00:00,Bavaria CPI (YoY),LOW,EUR
fa5c85f2-522d-4648-a512-2a409d5035c3,11/30/2026 09:00:00,Brandenburg CPI (MoM),LOW,EUR
1a09059e-a112-44e2-bf8b-64b736fcd833,11/30/2026 09:00:00,Brandenburg CPI (YoY),LOW,EUR
c3fc7761-15ed-4754-9d26-288ef15142cc,11/30/2026 09:00:00,Hesse CPI (MoM),LOW,EUR
72184f9a-7982-4686-8cc4-1433d1f053fa,11/30/2026 09:00:00,Hesse CPI (YoY),LOW,EUR
415d5d29-6248-46f6-9daf-fffc2a26a07a,11/30/2026 09:00:00,North Rhine-Westphalia CPI (MoM),LOW,EUR
6f2991f1-df42-403d-ba39-201495033a2c,11/30/2026 09:00:00,North Rhine-Westphalia CPI (YoY),LOW,EUR
1bc8cc5c-9f29-4cd8-91b7-037044f3c53c,11/30/2026 09:00:00,Saxony CPI (MoM),LOW,EUR
f106ed34-0155-44c7-b4be-f083027c2723,11/30/2026 09:00:00,Saxony CPI (YoY),LOW,EUR
2e50565c-2275-4bb3-a61b-fa2bed65f216,11/30/2026 09:00:00,Current Account Balance,LOW,EUR
76bf1933-ff14-47af-bed3-c59fcfae6eae,11/30/2026 09:00:00,Gross Domestic Product (QoQ),MEDIUM,EUR
f8dd066f-e845-4c21-981d-ff35810a82f6,11/30/2026 09:00:00,Gross Domestic Product (YoY),MEDIUM,EUR
0aeb3470-2572-45ff-a556-2416838426ae,11/30/2026 09:00:00,Trade Balance non-EU,LOW,EUR
2a7f9bb7-8152-4e86-bf89-fa2300b12bc1,11/30/2026 09:00:00,Unemployment,LOW,EUR
2ac076e3-5def-44ef-9b55-716c6e89419d,11/30/2026 09:30:00,Consumer Credit,LOW,GBP
e9e67865-9eba-4d1a-b48d-508f729a739b,11/30/2026 09:30:00,M4 Money Supply (MoM),LOW,GBP
d48f776b-d47e-48fc-bd76-c7c028d750f4,11/30/2026 09:30:00,M4 Money Supply (YoY),LOW,GBP
d352bcdc-7a78-42ca-9510-245dcaa055e5,11/30/2026 09:30:00,Mortgage Approvals,LOW,GBP
f5a0807f-33d8-4153-bc85-8ba8db730411,11/30/2026 09:30:00,Net Lending to Individuals (MoM),LOW,GBP
64586637-e46e-4652-bcd4-c6bef6fc5bfc,11/30/2026 10:00:00,Consumer Price Index (EU Norm) (MoM),LOW,EUR
80417baf-7adc-407f-af87-c89911570002,11/30/2026 10:00:00,Consumer Price Index (EU Norm) (YoY),MEDIUM,EUR
f2954435-9c84-4814-a710-8561be0c990b,11/30/2026 10:00:00,Consumer Price Index (MoM),LOW,EUR
1c0c0143-7f27-4ca5-9cc2-1234ac7ec10a,11/30/2026 10:00:00,Consumer Price Index (YoY),MEDIUM,EUR
d0867e88-70c8-46fc-9259-5c410ffda31b,11/30/2026 10:00:00,Producer Price Index (MoM),LOW,EUR
ca1b69d3-f387-43e4-bd8c-079844eba7b5,11/30/2026 10:00:00,Producer Price Index (YoY),LOW,EUR
9432f73f-46b0-4e30-aaac-95ba108fea8a,11/30/2026 13:00:00,Consumer Price Index (MoM),HIGH,EUR
20297ef8-2ae3-4b02-be51-525d787ef369,11/30/2026 13:00:00,Consumer Price Index (YoY),HIGH,EUR
cf02c40b-3877-408e-a196-5c3476773e11,11/30/2026 13:00:00,Harmonized Index of Consumer Prices (MoM),MEDIUM,EUR
06bdc96f-b26f-4a80-82dc-0ba06567ade1,11/30/2026 13:00:00,Harmonized Index of Consumer Prices (YoY),HIGH,EUR
f7134e1b-6404-4b01-a07a-d5ac8aac5afe,11/30/2026 13:30:00,Current Account,MEDIUM,CAD
b429c023-2b67-40c7-873d-a2a836b88996,11/30/2026 14:45:00,Chicago PMI,MEDIUM,USD
9be61813-69fb-4fba-90ed-18b042154350,11/30/2026 15:30:00,Dallas Fed Manufacturing Business Index,LOW,USD
1ad02c75-4243-4027-98a2-e0a895272f49,11/30/2026 16:30:00,3-Month Bill Auction,LOW,USD
eb27147e-85c6-4b35-8415-60a0eaa52841,11/30/2026 16:30:00,6-Month Bill Auction,LOW,USD
cf47d934-19af-455d-b2e6-95a02debdca3,11/30/2026 21:45:00,Building Permits s.a. (MoM),MEDIUM,NZD
620c9e8f-f6ee-4d8e-9b1f-4246759beca3,11/30/2026 22:00:00,S&P Global Manufacturing PMI,LOW,AUD
6dbb35b7-71bd-4bb6-9158-8dda124b01d5,11/30/2026 23:30:00,Jobs / Applicants Ratio,LOW,JPY
6e9307f7-a0a1-4975-84e9-137c9da08852,11/30/2026 23:30:00,Tokyo Consumer Price Index (YoY),HIGH,JPY
07b2112c-6c7b-4d3d-9969-621688dbd587,11/30/2026 23:30:00,"Tokyo CPI ex Food, Energy (YoY)",HIGH,JPY
d16db09d-8335-4950-941d-edc6d2cf9203,11/30/2026 23:30:00,Tokyo CPI ex Fresh Food (YoY),MEDIUM,JPY
30db7c3b-25bf-4c01-9ec8-bba458ee0f4d,11/30/2026 23:30:00,Unemployment Rate,MEDIUM,JPY
ba2de1ee-94bf-42fc-b87c-7ea50df20865,11/30/2026 23:50:00,Capital Spending,LOW,JPY
0cd6f031-b059-4214-8727-4f68b2fe8834,11/30/2026 23:50:00,Industrial Production (MoM),LOW,JPY
67e0ad5b-f0da-423f-b604-53d34146e9db,11/30/2026 23:50:00,Industrial Production (YoY),LOW,JPY
ef1deda7-3f98-4e12-9f39-d9c58fff0935,11/30/2026 23:50:00,Large Retailer Sales,MEDIUM,JPY
73544f82-358e-4198-ba30-f1d9f42b457a,11/30/2026 23:50:00,Retail Trade (YoY),MEDIUM,JPY
10af5562-4fd3-42ac-9f34-7d543bbaf482,11/30/2026 23:50:00,Retail Trade s.a (MoM),MEDIUM,JPY
f568dfd6-71e9-4908-b7f8-99b9e60cc3cd,12/01/2026 00:30:00,Building Permits (MoM),MEDIUM,AUD
c1064cac-a0cb-41cb-8bb4-c2e6607a5bc8,12/01/2026 00:30:00,Building Permits (YoY),LOW,AUD
35e23a31-6e0d-44f0-bdcb-127f06fc5412,12/01/2026 00:30:00,Current Account Balance,LOW,AUD
1bb9fab1-1117-413f-85b2-a75d1589a16a,12/01/2026 00:30:00,Jibun Bank Manufacturing PMI,LOW,JPY
a61dee45-27f5-4c1b-b737-b7d02f4b1201,12/01/2026 01:45:00,RatingDog Manufacturing PMI,HIGH,CNY
bddb9bd8-3631-41f9-8d74-167dfdcb5b59,12/01/2026 05:30:00,RBA Commodity Index SDR (YoY),LOW,AUD
e177fb2f-d4de-4e96-b621-7b6749ed99b0,12/01/2026 07:00:00,Gross Domestic Product (QoQ),HIGH,CHF
fbafba6c-58c7-44ee-a5cb-36c6d011bf93,12/01/2026 07:00:00,Gross Domestic Product (YoY),MEDIUM,CHF
3c6a6ef2-4865-41c5-b16a-3415958a4f8c,12/01/2026 07:30:00,Real Retail Sales (YoY),MEDIUM,CHF
34904abf-e27c-4554-80cd-be9369f41c8e,12/01/2026 08:15:00,HCOB Manufacturing PMI,MEDIUM,EUR
06e7a8d5-8efd-4817-ba2e-9c6f0329e029,12/01/2026 08:30:00,SVME - Purchasing Managers' Index,LOW,CHF
2e8c9a4a-c743-4e7f-aa13-3854c1b7bc57,12/01/2026 08:45:00,HCOB Manufacturing PMI,MEDIUM,EUR
5e50c73e-9118-4e22-ad9d-0d9a70df3f44,12/01/2026 08:50:00,HCOB Manufacturing PMI,LOW,EUR
cd1801c6-14e1-4b00-b7f5-6fa4c0de39d1,12/01/2026 08:55:00,HCOB Manufacturing PMI,MEDIUM,EUR
1371f6a9-710d-46bc-9fe4-58eac188d11c,12/01/2026 09:00:00,HCOB Manufacturing PMI,LOW,EUR
66375a51-5430-4a0f-8ccc-cf7be6d60833,12/01/2026 09:30:00,S&P Global Manufacturing PMI,LOW,GBP
6ca97029-5fe1-45f4-8ca7-8f32a6abf812,12/01/2026 10:00:00,Core Harmonized Index of Consumer Prices (MoM),HIGH,EUR
5f477094-400c-4edc-aac7-6b3b1b1dfd43,12/01/2026 10:00:00,Core Harmonized Index of Consumer Prices (YoY),HIGH,EUR
13df1ec8-04bc-421d-8bbc-0643492628ef,12/01/2026 10:00:00,Harmonized Index of Consumer Prices (YoY),HIGH,EUR
d076f15d-82b0-467c-9a95-0c37d31ffcbd,12/01/2026 13:30:00,Gross Domestic Product (QoQ),MEDIUM,CAD
8f249def-8a17-4ddc-9d06-b2e508f40531,12/01/2026 13:30:00,Gross Domestic Product Annualized,HIGH,CAD
73abda20-ab92-4bef-8fec-c9adb2a57525,12/01/2026 13:55:00,Redbook Index (YoY),LOW,USD
4804c9cc-7d4a-4f9b-a7c4-58f401cdbdb7,12/01/2026 14:30:00,S&P Global Manufacturing PMI,MEDIUM,CAD
cda83f9b-8dfe-43e7-b169-7533dbaae3b2,12/01/2026 14:45:00,S&P Global Manufacturing PMI,LOW,USD
c3b53a4e-c7cc-4eb9-b123-11592eaab3f0,12/01/2026 15:00:00,GDT Price Index,LOW,NZD
02332b51-c5f0-43ab-836b-3ca6781fd0bc,12/01/2026 15:00:00,Construction Spending (MoM),LOW,USD
2d9fadc3-ab48-4daf-bc88-b2f49394c010,12/01/2026 15:00:00,ISM Manufacturing Employment Index,MEDIUM,USD
86712452-5330-47a3-a71a-31993377cc4a,12/01/2026 15:00:00,ISM Manufacturing New Orders Index,MEDIUM,USD
53681dc8-a28d-4e2e-a81d-c62769e53606,12/01/2026 15:00:00,ISM Manufacturing PMI,HIGH,USD
31a27f32-74cb-414e-9b78-05fb51a3d9d8,12/01/2026 15:00:00,ISM Manufacturing Prices Paid,MEDIUM,USD
34577330-dbcd-4919-bf6f-b2069cec0e24,12/01/2026 15:00:00,JOLTS Job Openings,MEDIUM,USD
88dcdc11-21b1-4f35-8198-04af5052ffa3,12/01/2026 15:00:00,RealClearMarkets/TIPP Economic Optimism (MoM),LOW,USD
c6cf5bbd-be2e-4544-b62d-c16b7c60b137,12/01/2026 21:30:00,API Weekly Crude Oil Stock,LOW,USD
34a0d4eb-2781-4367-8436-581a05afe549,12/01/2026 21:45:00,Terms of Trade Index,LOW,NZD
6579f749-0fe7-4e19-aa01-1cdd79472031,12/01/2026 22:00:00,Ai Group Construction PMI,LOW,AUD
020afe1d-f50b-4adc-b8a0-125719d2bcbc,12/01/2026 22:00:00,Ai Group Manufacturing PMI,LOW,AUD
e6807620-d23d-4391-ae7d-d11c6978d792,12/01/2026 22:00:00,AiG Industry Index,MEDIUM,AUD
5cd772e1-60ab-4bcf-aab6-ee7474a7bf65,12/01/2026 23:50:00,Monetary Base (YoY),LOW,JPY
8421abec-76b1-4b74-bc89-809bb2b62434,12/02/2026 00:30:00,Gross Domestic Product (QoQ),HIGH,AUD
34a3af80-c4ae-4cf7-9993-8383bca27fa2,12/02/2026 00:30:00,Gross Domestic Product (YoY),MEDIUM,AUD
ba3fc005-64f7-4258-bcb6-755d322005f0,12/02/2026 07:30:00,Consumer Price Index (MoM),MEDIUM,CHF
4eaf0f22-02dc-4a3a-8501-4a401fd8f186,12/02/2026 07:30:00,Consumer Price Index (YoY),HIGH,CHF
e74661dc-6d8d-4dca-a3fe-d6356704db85,12/02/2026 10:00:00,Harmonized Index of Consumer Prices (MoM),HIGH,EUR
df78383c-0af0-424a-b1c0-c6b25eead7a7,12/02/2026 10:00:00,Unemployment Rate,MEDIUM,EUR
9cdf1b43-e047-43e2-b206-8f8a5b726c04,12/02/2026 12:00:00,MBA Mortgage Applications,LOW,USD
c06b7892-e635-4827-ac1a-b153aab0eb9b,12/02/2026 13:15:00,ADP Employment Change,HIGH,USD
46967c1b-1ac9-4717-9db0-4aa3e4df8f65,12/02/2026 13:30:00,Labor Productivity (QoQ),LOW,CAD
93a0c7b3-8d29-4c8b-923b-80c04057ebc5,12/02/2026 15:30:00,EIA Crude Oil Stocks Change,LOW,USD
d466b7d8-19d0-4204-a212-7a9183f93067,12/02/2026 15:30:00,EIA Distillate Stocks Change,LOW,USD
c4a5c669-a597-4a05-8547-49e9c28877f9,12/02/2026 15:30:00,EIA Gasoline Stocks Change,LOW,USD
18113e3d-e1e0-4b56-8ad7-31c864cf4e75,12/02/2026 15:30:00,EIA Heating Oil Stocks Change,LOW,USD
45a7b802-4505-47f4-a162-c53824a645c2,12/02/2026 20:30:00,Total Vehicle Sales,LOW,USD
3cbd4e27-0d97-488a-a3d9-9b62514ceb0a,12/02/2026 22:00:00,S&P Global Composite PMI,MEDIUM,AUD
759ceea9-c4d1-404d-aac7-e775dbb5b16c,12/02/2026 22:00:00,S&P Global Services PMI,MEDIUM,AUD
1ffdc879-e568-482e-a6b7-2f63e33b71d3,12/02/2026 23:50:00,Foreign Bond Investment,LOW,JPY
cac08cdf-3cb4-42b7-b3ff-71a25b7c3e6a,12/02/2026 23:50:00,Foreign Investment in Japan Stocks,LOW,JPY
691dbb6f-162d-451e-a983-61865daaa01c,12/03/2026 00:00:00,ANZ Commodity Price,LOW,NZD
49280315-757c-421e-a310-42656efbd050,12/03/2026 00:30:00,Exports (MoM),MEDIUM,AUD
24ae4502-0ce4-420e-ac54-65663e817d4d,12/03/2026 00:30:00,Imports (MoM),MEDIUM,AUD
16758672-76f4-4aae-bf89-05f0bee46937,12/03/2026 00:30:00,Trade Balance (MoM),HIGH,AUD
5c173fc2-5dfa-49c6-82fd-3ce90624a64d,12/03/2026 00:30:00,Jibun Bank Services PMI,LOW,JPY
a5eb386a-4df3-45bc-ad3a-9286d514e58a,12/03/2026 01:45:00,RatingDog Services PMI,HIGH,CNY
936a98f3-35b3-40d7-a7a7-421cb6616f19,12/03/2026 03:35:00,10-y Bond Auction,LOW,JPY
1ef25200-9829-46d6-8116-4a61dd7522fe,12/03/2026 07:45:00,Budget Balance,LOW,EUR
afb52053-75f2-4b7b-9a2f-7d890f16530b,12/03/2026 08:15:00,HCOB Services PMI,MEDIUM,EUR
4e140149-18a4-42dc-9b08-795c2ceeadae,12/03/2026 08:45:00,HCOB Services PMI,LOW,EUR
741937a8-19ec-47db-b660-557b6e24a8a0,12/03/2026 08:50:00,HCOB Composite PMI,LOW,EUR
b6498260-1088-4f9d-9025-49d7c510e58c,12/03/2026 08:50:00,HCOB Services PMI,LOW,EUR
d13d30fe-321e-41cb-b213-58bf6ffd4009,12/03/2026 08:55:00,HCOB Composite PMI,MEDIUM,EUR
2eab94e0-1e1f-44c3-b5f7-651982111089,12/03/2026 08:55:00,HCOB Services PMI,MEDIUM,EUR
129c809d-0606-4574-b429-82556f1af5bf,12/03/2026 09:00:00,HCOB Composite PMI,MEDIUM,EUR
66f63689-e946-4950-a127-8d02318934bf,12/03/2026 09:00:00,HCOB Services PMI,LOW,EUR
8ffc8e1b-1e35-4c34-bf38-bb1ac97e73d5,12/03/2026 09:15:00,BoE Monetary Policy Report Hearings,HIGH,GBP
72a10f0d-1d40-4a72-800a-c22751c7c58e,12/03/2026 09:30:00,S&P Global Composite PMI,LOW,GBP
c9d23882-32e7-495e-a533-9651eadb609a,12/03/2026 09:30:00,S&P Global Services PMI,LOW,GBP
145749ec-22d3-4170-bebc-6bf4fe2b382c,12/03/2026 10:00:00,Producer Price Index (MoM),MEDIUM,EUR
c525456e-d322-45ed-b4d2-7132a362ac06,12/03/2026 10:00:00,Producer Price Index (YoY),MEDIUM,EUR
5c5d6b4c-ab3a-4049-b95b-9f17c2fac85d,12/03/2026 10:30:00,Challenger Job Cuts,MEDIUM,USD
ad49dd0b-da2a-4bf5-81e2-0bcbb120bfde,12/03/2026 13:30:00,Continuing Jobless Claims,LOW,USD
4d889abd-df04-4c86-87df-e71202dc1ff0,12/03/2026 13:30:00,Initial Jobless Claims,MEDIUM,USD
33fa6da1-02a4-400f-be8d-09d88b565577,12/03/2026 13:30:00,Initial Jobless Claims 4-week average,LOW,USD
ad291f77-96db-4b9c-8fc0-75bdd79f0ae8,12/03/2026 14:45:00,S&P Global Composite PMI,MEDIUM,USD
bdc6b4c8-018b-4aa8-86b7-890be2353598,12/03/2026 14:45:00,S&P Global Services PMI,LOW,USD
20985000-ef97-46e2-a6cc-d18bbf03cb83,12/03/2026 15:00:00,Factory Orders (MoM),MEDIUM,USD
e025cb24-f5f5-4be2-8f59-c3c2f7a7b965,12/03/2026 15:00:00,ISM Services Employment Index,MEDIUM,USD
efd97113-509d-4e4e-85b0-658a92086f2c,12/03/2026 15:00:00,ISM Services New Orders Index,MEDIUM,USD
5181b7e1-326c-4e28-9636-3fbaf38279d1,12/03/2026 15:00:00,ISM Services PMI,HIGH,USD
64708035-0916-4cfc-87f1-2965f096b3d3,12/03/2026 15:00:00,ISM Services Prices Paid,MEDIUM,USD
a2ceab7d-dbac-4867-b846-24b6310d80c2,12/03/2026 15:30:00,EIA Natural Gas Storage Change,LOW,USD
40bcbe6f-72c4-4775-8112-d47ac7fca2d6,12/03/2026 16:30:00,4-Week Bill Auction,LOW,USD
fc97967c-a1c8-49ca-817f-c3718942078c,12/04/2026 07:45:00,Industrial Output (MoM),LOW,EUR
c135b357-cbe4-4987-8360-74f231ca2ffe,12/04/2026 08:00:00,Industrial Output Cal Adjusted (YoY),LOW,EUR
17b05151-4c0f-4e6c-812e-6605feea0a44,12/04/2026 08:00:00,Unemployment Change,LOW,EUR
4f77ad4b-94bc-4eb9-a922-6bf6bd74235a,12/04/2026 09:00:00,Retail Sales n.s.a (YoY),LOW,EUR
0a36bf3b-1fad-47f6-a632-d2723f3d370e,12/04/2026 09:00:00,Retail Sales s.a. (MoM),LOW,EUR
7afa706e-4e06-47be-9529-cd53b52f65bb,12/04/2026 09:30:00,S&P Global Construction PMI,LOW,GBP
5d5546d0-dce8-4186-8f72-9d1c246e44d0,12/04/2026 10:00:00,Retail Sales (MoM),MEDIUM,EUR
576107ce-d2b7-43b8-a46c-9ed4f644c790,12/04/2026 10:00:00,Retail Sales (YoY),HIGH,EUR
2c2c57bb-4fab-4bd2-ba3b-1d4508186b0c,12/04/2026 13:30:00,Average Hourly Wages (YoY),MEDIUM,CAD
2aa2d3c0-90b8-4249-b98d-3c78b5dedbf6,12/04/2026 13:30:00,Net Change in Employment,HIGH,CAD
396ee349-c44a-478c-abcf-5829615e2932,12/04/2026 13:30:00,Participation Rate,LOW,CAD
f9e794c8-e68d-4a0b-a1a5-bd8fcd01d908,12/04/2026 13:30:00,Unemployment Rate,HIGH,CAD
b49ee1fa-42a0-4273-995b-2eb1f7d68f3e,12/04/2026 13:30:00,Average Hourly Earnings (MoM),HIGH,USD
09a8ce2f-ea31-434b-9c97-68e820b28eac,12/04/2026 13:30:00,Average Hourly Earnings (YoY),HIGH,USD
04605e4a-82ec-44d6-8a5a-1b35f8538a09,12/04/2026 13:30:00,Average Weekly Hours,LOW,USD
b1b160fc-420a-43da-99e5-792865c389d8,12/04/2026 13:30:00,Labor Force Participation Rate,MEDIUM,USD
eec79d54-dcef-4c18-9314-ea051fefd13f,12/04/2026 13:30:00,Nonfarm Payrolls,HIGH,USD
284a102d-2b42-412e-8357-e8ad8730d73f,12/04/2026 13:30:00,U6 Underemployment Rate,MEDIUM,USD
d6c72528-7521-4397-8961-a382924bf061,12/04/2026 13:30:00,Unemployment Rate,MEDIUM,USD
83c0c7df-8b19-4a32-be99-4346d7580535,12/04/2026 15:00:00,Michigan Consumer Expectations Index,MEDIUM,USD
37382c85-1bad-4245-85f5-5a26a196507e,12/04/2026 15:00:00,Michigan Consumer Sentiment Index,HIGH,USD
b831ed6f-742b-4eaf-9b97-75b661fc3720,12/04/2026 15:00:00,UoM 1-year Consumer Inflation Expectations,MEDIUM,USD
2fbc2911-b619-4e73-b2bc-fc5d3a0cd6a9,12/04/2026 15:00:00,UoM 5-year Consumer Inflation Expectation,MEDIUM,USD
cc4bef68-0c11-40d6-a8c7-7ded1f2e2405,12/04/2026 18:00:00,Baker Hughes US Oil Rig Count,LOW,USD
da8667d9-d3b1-498c-9dff-8a9cdd13f383,12/04/2026 20:30:00,CFTC AUD NC Net Positions,LOW,AUD
22eb0b88-30c4-4169-9858-82f2183d953a,12/04/2026 20:30:00,CFTC EUR NC Net Positions,LOW,EUR
c43524b6-0d76-4eb7-87eb-52c3592d36ca,12/04/2026 20:30:00,CFTC JPY NC Net Positions,LOW,JPY
8d6ca15c-c093-4dc3-a51e-b14675cb0a13,12/04/2026 20:30:00,CFTC GBP NC Net Positions,LOW,GBP
c2c478ae-e74d-420c-8018-bae6478592d8,12/04/2026 20:30:00,CFTC Gold NC Net Positions,LOW,USD
8b65c122-d3fd-4652-958e-a11a64f5f961,12/04/2026 20:30:00,CFTC Oil NC Net Positions,LOW,USD
4996b99e-a1a3-4508-bd56-7c85b7576346,12/04/2026 20:30:00,CFTC S&P 500 NC Net Positions,LOW,USD
636b2b86-ee07-4a17-9004-cff015523e90,12/05/2026 22:00:00,Spanish Constitution Day,NONE,EUR
1541d767-5d09-46fa-a80f-b6f33a7cd1a4,12/06/2026 23:50:00,Gross Domestic Product (QoQ),HIGH,JPY
40e118e1-20b4-4468-ac7c-d14cc6ef7002,12/06/2026 23:50:00,Gross Domestic Product Annualized,MEDIUM,JPY
4981b6df-c407-45e0-9690-6805534697e0,12/06/2026 23:50:00,Gross Domestic Product Deflator (YoY),MEDIUM,JPY
09c97302-a89b-4f3f-8ead-3dcd41d3c75c,12/06/2026 23:50:00,JP Foreign Reserves,LOW,JPY
113667a2-f6b2-4ce8-af3b-e50ac47e7876,12/07/2026 00:30:00,ANZ Job Advertisements,LOW,AUD
6de6dfa6-9e28-4002-af6a-915da4855f91,12/07/2026 05:00:00,Coincident Index,LOW,JPY
2a729e2b-a105-4ef2-b049-60b0e641a1b8,12/07/2026 05:00:00,Leading Economic Index,LOW,JPY
5d3f462a-9cb4-4d51-8d21-8c1743073721,12/07/2026 07:00:00,Factory Orders n.s.a. (YoY),MEDIUM,EUR
ad4a13d3-f533-43ea-acf0-6fa0d87b59b8,12/07/2026 07:00:00,Factory Orders s.a. (MoM),MEDIUM,EUR
cd50d25b-70f6-402c-8a83-7453a73080f5,12/07/2026 07:00:00,Industrial Production n.s.a. w.d.a. (YoY),MEDIUM,EUR
94a42ce5-52c9-410b-abfd-2715b9f67488,12/07/2026 07:00:00,Industrial Production s.a. (MoM),MEDIUM,EUR
5181c807-2c93-49dd-b4cc-bd4560232158,12/07/2026 08:00:00,Foreign Exchange Reserves (MoM),LOW,CNY
27200c1d-9996-4172-826c-91e73f95de4f,12/07/2026 09:30:00,Sentix Investor Confidence,MEDIUM,EUR
db076a7c-7501-446d-858f-796fda3dde6d,12/07/2026 10:00:00,Employment Change (QoQ),MEDIUM,EUR
878e419b-f3ca-4504-9ab0-78db2f62ff78,12/07/2026 10:00:00,Employment Change (YoY),LOW,EUR
6d89c89f-4cbb-49df-869d-bbb6814b2d55,12/07/2026 10:00:00,Gross Domestic Product s.a. (QoQ),MEDIUM,EUR
a24055a4-860f-40fa-923e-e9c1984b34f9,12/07/2026 10:00:00,Gross Domestic Product s.a. (YoY),MEDIUM,EUR
c094b0ac-12ba-4a09-9b40-dd97ad7d5f3f,12/07/2026 16:30:00,3-Month Bill Auction,LOW,USD
0c6360ac-d845-4876-87d8-cf9494eb0673,12/07/2026 16:30:00,6-Month Bill Auction,LOW,USD
95c065c3-b682-42bd-ae41-21bbc6a1b015,12/07/2026 20:00:00,Consumer Credit Change,LOW,USD
6c6c3785-c4aa-4f8c-a970-61f8fd13114c,12/07/2026 22:00:00,Immaculate Conception,NONE,EUR
b9b6c045-4be9-4e19-807a-49e98f959f65,12/07/2026 22:00:00,Immaculate Conception Day,NONE,EUR
c9d5af20-0824-4590-b1f2-8ab23241ed67,12/07/2026 23:30:00,Labor Cash Earnings (YoY),MEDIUM,JPY
726f9de3-8aaa-4485-8500-77a663125db6,12/07/2026 23:30:00,Overall Household Spending (YoY),LOW,JPY
7ef69a70-24bb-4498-aa26-5ce05fe53e3a,12/07/2026 23:50:00,Current Account n.s.a.,MEDIUM,JPY
213f8798-b4f2-4e05-8ad2-4e7ffaac0927,12/07/2026 23:50:00,Trade Balance - BOP Basis,LOW,JPY
f4ebc9bc-a372-436c-802d-3cecd0569c30,12/08/2026 00:01:00,BRC Like-For-Like Retail Sales (YoY),MEDIUM,GBP
44b029bf-ceac-4cd6-a557-158cc6237eb7,12/08/2026 00:30:00,National Australia Bank's Business Conditions,LOW,AUD
1e400f7e-408d-4892-a36f-b23ce5feb684,12/08/2026 00:30:00,National Australia Bank's Business Confidence,LOW,AUD
ea4d4c31-f535-4dce-983b-4f0362089c00,12/08/2026 03:30:00,RBA Interest Rate Decision,HIGH,AUD
23f13ea9-087f-4d7e-9127-452eaee84daa,12/08/2026 03:30:00,RBA Monetary Policy Statement,HIGH,AUD
72dd0db9-b19b-4228-a224-0a9d4ed99a3c,12/08/2026 03:30:00,RBA Rate Statement,HIGH,AUD
c5a2c7fe-a12b-42bc-ac46-a7e71caea7ab,12/08/2026 04:30:00,RBA Press Conference,HIGH,AUD
2af5fb8d-3d9d-4588-a778-23b4c2d1144f,12/08/2026 07:00:00,Lloyds House Price Index (MoM),LOW,GBP
5c3c0df0-193e-4ac4-8ec5-53ef5468f973,12/08/2026 07:00:00,Lloyds House Price Index (YoY),LOW,GBP
56a157f8-7cb4-4b05-8edc-2cd6151e9aba,12/08/2026 07:45:00,Current Account,LOW,EUR
554f18e1-3db2-4f2b-ab31-27276a2bb4a4,12/08/2026 07:45:00,"Exports, EUR",LOW,EUR
e8ab2949-0747-4dcd-ac24-de6a4ddb2982,12/08/2026 07:45:00,"Imports, EUR",LOW,EUR
c81b90c0-9a14-419a-9399-fb6fc95231d8,12/08/2026 07:45:00,Trade Balance EUR,LOW,EUR
b075d5b9-3046-4a73-b8ba-e55afa265308,12/08/2026 11:00:00,NFIB Business Optimism Index,LOW,USD
9e1b8daa-8791-4cbf-a0cb-5943d9b4d58f,12/08/2026 13:15:00,ADP Employment Change 4-week average,MEDIUM,USD
672c1dd8-23e6-4661-8b85-dc5cc5a0249c,12/08/2026 13:30:00,Exports,LOW,CAD
ce00effa-6cff-493f-9d0a-8c315f81719c,12/08/2026 13:30:00,Imports,LOW,CAD
9db5bfe6-2e0d-433b-b8f8-4483dec6feb1,12/08/2026 13:30:00,International Merchandise Trade,LOW,CAD
a7a90641-9d13-4d25-8cd2-90331459b803,12/08/2026 13:30:00,Goods and Services Trade Balance,LOW,USD
b38acafa-32e0-494a-a7cf-488f00fd336e,12/08/2026 13:30:00,Goods Trade Balance,LOW,USD
979e28e7-e9fb-4543-874f-2474b25ed70a,12/08/2026 13:55:00,Redbook Index (YoY),LOW,USD
c23a94fb-97d8-427d-863d-52b97977e80b,12/08/2026 15:00:00,Ivey Purchasing Managers Index,MEDIUM,CAD
86adaa4f-d78e-4a6e-aa9d-22247666943a,12/08/2026 15:00:00,Ivey Purchasing Managers Index s.a,MEDIUM,CAD
68274342-5ddb-4262-ade1-b53dce8c682b,12/08/2026 18:00:00,3-Year Note Auction,LOW,USD
3756a950-1510-4589-ad39-506702bbbecf,12/08/2026 21:30:00,API Weekly Crude Oil Stock,LOW,USD
38af29be-e910-467a-8696-eb2bcf265c2f,12/09/2026 01:00:00,RBNZ Interest Rate Decision,HIGH,NZD
78234ab9-639b-4eaa-abe9-276ffdaa5d13,12/09/2026 01:00:00,RBNZ Monetary Policy Review,HIGH,NZD
7dbf4d77-2a1b-498c-9d33-c65948e09a90,12/09/2026 02:00:00,RBNZ Press Conference,HIGH,NZD
4cf986c1-0f93-40f5-87e4-b3302d2ee48b,12/09/2026 06:00:00,Machine Tool Orders (YoY),LOW,JPY
0b677d93-ecd5-4059-b7ae-1a21ab3b1886,12/09/2026 07:00:00,Exports (MoM),LOW,EUR
3774493f-f3e9-4d22-bc85-59c3ddac97ed,12/09/2026 07:00:00,Imports (MoM),LOW,EUR
1e484a7b-8f0f-4e47-bf0f-417ec7de19e6,12/09/2026 07:00:00,Trade Balance s.a.,MEDIUM,EUR
1d7ed3cb-64f1-467b-b218-69eeaf678a0d,12/09/2026 08:00:00,Foreign Currency Reserves,LOW,CHF
9525ea7a-3f9c-44a0-8fc7-79850c46f03f,12/09/2026 12:00:00,MBA Mortgage Applications,LOW,USD
d7d14404-e3b9-42b7-8924-39a570b78a34,12/09/2026 14:45:00,BoC Interest Rate Decision,HIGH,CAD
17b71778-d51e-470d-9072-ed973720c8aa,12/09/2026 14:45:00,BoC Monetary Policy Statement,HIGH,CAD
0f7b3fd9-c981-4560-823e-51cc16958b88,12/09/2026 15:00:00,Existing Home Sales (MoM),LOW,USD
a70b02a4-9025-42e2-94ae-7e4966d64ad7,12/09/2026 15:00:00,Existing Home Sales Change (MoM),MEDIUM,USD
884150d1-eaf5-4f17-b374-149f796d2237,12/09/2026 15:00:00,Wholesale Inventories,LOW,USD
51b3da2e-9b11-492b-95a2-5d0d90d966b7,12/09/2026 15:30:00,BoC Press Conference,HIGH,CAD
f5d53f83-bce8-4077-b0fe-8fb9d1968e25,12/09/2026 15:30:00,EIA Crude Oil Stocks Change,LOW,USD
07285ef1-dc00-4bc6-8b9f-5098f8e94b58,12/09/2026 15:30:00,EIA Distillate Stocks Change,LOW,USD
554bf10b-19a4-4ed0-b5ca-e2c5e7c9a496,12/09/2026 15:30:00,EIA Gasoline Stocks Change,LOW,USD
d9f79102-a351-48df-962a-62d1fd7dbfa7,12/09/2026 15:30:00,EIA Heating Oil Stocks Change,LOW,USD
07139a1f-47ee-4fd4-83f6-e40e65d9e87a,12/09/2026 18:00:00,10-Year Note Auction,LOW,USD
0f5a2e3a-6db9-4a82-9624-600da78dde70,12/09/2026 19:00:00,Fed Interest Rate Decision,HIGH,USD
aaa8dbe3-191c-4112-bc06-658211f04879,12/09/2026 19:00:00,Fed Monetary Policy Statement,HIGH,USD
ac41acfc-a738-4066-bd15-2dd1cee91dd8,12/09/2026 19:00:00,FOMC Economic Projections,HIGH,USD
e471c5ef-8293-4620-b51b-9fe162df8f24,12/09/2026 19:00:00,Interest Rate Projections - 1st year,HIGH,USD
3f5cb5b3-0104-4f40-9451-d4661b345909,12/09/2026 19:00:00,Interest Rate Projections - 2nd year,HIGH,USD
ad96a1c8-4113-44a8-8d36-8af7892237c7,12/09/2026 19:00:00,Interest Rate Projections - 3rd year,HIGH,USD
891d5b3c-32cd-4cab-a2f8-b9401a40f048,12/09/2026 19:00:00,Interest Rate Projections - Current,HIGH,USD
c8a61f38-7d2a-40f7-b80e-bdfb9989d953,12/09/2026 19:00:00,Interest Rate Projections - Longer,HIGH,USD
e65f5992-b1d8-42a2-8660-e6d84ae40eec,12/09/2026 19:30:00,FOMC Press Conference,HIGH,USD
e0d128d5-fac7-43b9-9875-4d1e04b13d4f,12/09/2026 21:45:00,Building Permits s.a. (MoM),MEDIUM,NZD
d2a0f9c8-185b-4725-ac9b-0b7cff582272,12/09/2026 21:45:00,Manufacturing Sales,LOW,NZD
bc74b3d1-b17c-49df-a458-cb786d6c0d15,12/09/2026 23:50:00,Bank Lending (YoY),LOW,JPY
276a3667-4011-4b8f-b7a8-54c28473a4a9,12/09/2026 23:50:00,BSI Large Manufacturing Conditions Index (QoQ),LOW,JPY
29c65fac-2b03-4294-b67c-f985190fceac,12/09/2026 23:50:00,Foreign Bond Investment,LOW,JPY
e55170c2-1002-4c69-8681-10f8f0d57a43,12/09/2026 23:50:00,Foreign Investment in Japan Stocks,LOW,JPY
7ceb74ed-52da-4c0a-8211-f8bf4201380c,12/09/2026 23:50:00,Producer Price Index (MoM),LOW,JPY
12d79349-315c-43ae-bb65-5bdda3638e9f,12/09/2026 23:50:00,Producer Price Index (YoY),LOW,JPY
36b639e7-0f6a-469e-9ec2-09e93c390ecf,12/10/2026 00:00:00,Consumer Inflation Expectations,MEDIUM,AUD
9c47a728-90ac-4800-afb2-ee2e52988da8,12/10/2026 00:01:00,RICS Housing Price Balance,LOW,GBP
2c9912b5-d057-4034-a07d-8a4fd8f3052e,12/10/2026 01:30:00,Consumer Price Index (MoM),MEDIUM,CNY
bad17b15-08fb-473a-9dfd-2efa6cb93319,12/10/2026 01:30:00,Consumer Price Index (YoY),HIGH,CNY
9fbd4268-4edf-4298-a982-4c790df33fb8,12/10/2026 01:30:00,Producer Price Index (YoY),MEDIUM,CNY
1a820167-dd32-4a61-980a-52662119999a,12/10/2026 05:00:00,Eco Watchers Survey: Current,LOW,JPY
232729a8-f272-4106-9705-5ceb5ca403d8,12/10/2026 05:00:00,Eco Watchers Survey: Outlook,LOW,JPY
ffba2df2-e263-4625-9ed4-089999ab77bf,12/10/2026 07:00:00,Consumer Price Index (MoM),LOW,EUR
6961759c-392d-45e6-9074-9c1d5b07f175,12/10/2026 07:00:00,Consumer Price Index (YoY),LOW,EUR
3b7cd01c-22a5-43f0-87d5-5f168db0f5db,12/10/2026 07:00:00,Harmonized Index of Consumer Prices (MoM),MEDIUM,EUR
daea703a-7c66-4bd1-846c-b3283b9c5f6b,12/10/2026 07:00:00,Harmonized Index of Consumer Prices (YoY),HIGH,EUR
366e14e6-b0fd-4da7-9055-a6723bec0d43,12/10/2026 08:00:00,Unemployment Rate s.a (MoM),LOW,CHF
29b4b04e-4684-402e-8fd6-ebf689bf51c5,12/10/2026 08:30:00,SNB Interest Rate Decision,HIGH,CHF
edc24fc6-02ef-4215-bfff-69fdf24e7c44,12/10/2026 08:30:00,SNB Monetary Policy Assessment,HIGH,CHF
f3d8f8f2-c4e7-4083-b125-5c18a61ea2ca,12/10/2026 09:00:00,SNB Press Conference,HIGH,CHF
0464a370-8e4b-4d7c-a116-210ced5a3a6c,12/10/2026 09:00:00,Industrial Output s.a. (MoM),LOW,EUR
e9ae98b1-c763-4f27-b7d9-25693585e374,12/10/2026 09:00:00,Industrial Output w.d.a (YoY),LOW,EUR
f48d1081-4638-4349-838c-2c331fffef8f,12/10/2026 13:30:00,Consumer Price Index (MoM),HIGH,USD
d66ce668-ef72-48d4-a230-a91c1eb8e758,12/10/2026 13:30:00,Consumer Price Index (YoY),HIGH,USD
40876ba0-ecb0-4912-bb2a-f304c15c0677,12/10/2026 13:30:00,Consumer Price Index Core s.a,LOW,USD
d7957d51-b4f6-40da-b91a-51c273ac6ae2,12/10/2026 13:30:00,Consumer Price Index ex Food & Energy (MoM),HIGH,USD
5e9d6b21-a7fd-47a4-b0eb-5b99d98deba8,12/10/2026 13:30:00,Consumer Price Index ex Food & Energy (YoY),HIGH,USD
0365d2bf-19f4-42b5-917c-327efd1b7c5f,12/10/2026 13:30:00,Consumer Price Index n.s.a (MoM),LOW,USD
fc429950-62db-4450-8f35-448cdfaa4270,12/10/2026 13:30:00,Continuing Jobless Claims,LOW,USD
582021b2-95d8-4ee5-8acc-e1a0b5b69c7b,12/10/2026 13:30:00,Initial Jobless Claims,MEDIUM,USD
52b7c44d-458b-4c66-ae64-d4e25c1adad7,12/10/2026 13:30:00,Initial Jobless Claims 4-week average,LOW,USD
e893c262-adfd-44cc-b11b-5848b55b4f4f,12/10/2026 13:30:00,Nonfarm Productivity,MEDIUM,USD
ce4cf7f1-8a42-4559-bb1e-5af9214da5ff,12/10/2026 13:30:00,Unit Labor Costs,MEDIUM,USD
7c49b037-32f8-4890-b41a-3a0735ffc3ee,12/10/2026 15:30:00,EIA Natural Gas Storage Change,LOW,USD
f5ec4377-2232-47b7-8097-529b7d150ff5,12/10/2026 16:30:00,4-Week Bill Auction,LOW,USD
56efb0fb-c915-4402-9e1d-960629807476,12/10/2026 17:00:00,USDA WASDE Report,LOW,USD
345c35da-3ad3-422d-9120-53d9defc15f0,12/10/2026 18:00:00,30-Year Bond Auction,LOW,USD
1367429f-f532-4d38-a69f-5e3971ef9fe6,12/10/2026 19:00:00,Monthly Budget Statement,MEDIUM,USD
71858387-b4d8-4e58-8498-054965336d0f,12/10/2026 21:30:00,Business NZ PMI,MEDIUM,NZD
e87b660c-b34e-43c2-b3c2-903a9a75151c,12/10/2026 21:45:00,Electronic Card Retail Sales  (MoM),LOW,NZD
998984e3-5a27-4408-992c-d9cf0947f14c,12/10/2026 21:45:00,Electronic Card Retail Sales (YoY),LOW,NZD
d94e9750-d132-413e-95e6-7c752524f981,12/10/2026 21:45:00,Food Price Index (MoM),LOW,NZD
0d027f9b-a436-4d4c-b347-126f05a99fa4,12/10/2026 23:50:00,Money Supply M2+CD (YoY),LOW,JPY
91d8f90d-8fa3-4d4d-bb3e-60d3c5d21699,12/11/2026 07:00:00,Goods Trade Balance,LOW,GBP
d221af64-88c0-484b-b454-f5668ad58e1a,12/11/2026 07:00:00,Gross Domestic Product (MoM),MEDIUM,GBP
fec2ae8a-8bc1-4af8-a361-2baceaee3b21,12/11/2026 07:00:00,Index of Services (3M/3M),LOW,GBP
dbd9fc56-6591-4400-b5e9-053e0a9508da,12/11/2026 07:00:00,Industrial Production (MoM),MEDIUM,GBP
bf856ff7-7ca2-4aa0-9d81-6d62ac134658,12/11/2026 07:00:00,Industrial Production (YoY),LOW,GBP
f422f284-baf6-4021-9631-73b937575109,12/11/2026 07:00:00,Manufacturing Production (MoM),MEDIUM,GBP
f9376b9b-305b-4626-834e-dcefa03b2293,12/11/2026 07:00:00,Manufacturing Production (YoY),LOW,GBP
06f50710-4bbb-4ee9-9c20-6b30014353c6,12/11/2026 07:00:00,Total Trade Balance,LOW,GBP
95de4419-842f-4f0f-ab31-59cce8af3902,12/11/2026 07:00:00,Trade Balance; non-EU,LOW,GBP
20ae2c40-b7f2-40d2-b051-944798e35f5a,12/11/2026 09:30:00,Consumer Inflation Expectations,MEDIUM,GBP
53831226-951f-4e78-aeb4-aa74fb46f0ab,12/11/2026 12:00:00,NIESR GDP Estimate (3M),LOW,GBP
692ac7c2-67bf-424c-a55b-900d8f8a00ac,12/11/2026 13:30:00,Building Permits (MoM),LOW,CAD
654afabf-69a6-4917-890d-9e22ced45017,12/11/2026 13:30:00,Current Account n.s.a.,LOW,EUR
26b4dab6-2265-454e-8657-ad70efa01fc2,12/11/2026 13:30:00,Retail Sales (MoM),HIGH,USD
956ec349-c843-4a57-87bd-2916260c10b1,12/11/2026 13:30:00,Retail Sales (YoY),LOW,USD
651de243-6e02-4385-ac0a-63d754ab48b6,12/11/2026 13:30:00,Retail Sales Control Group,HIGH,USD
28b447b9-60fb-451b-9c83-0373c800fe06,12/11/2026 13:30:00,Retail Sales ex Autos (MoM),MEDIUM,USD
ff5fe5e6-c6ac-4a0b-bb24-3c76d2594177,12/11/2026 18:00:00,Baker Hughes US Oil Rig Count,LOW,USD
d02aafd1-903c-45af-8679-a0952429c37d,12/11/2026 20:30:00,CFTC AUD NC Net Positions,LOW,AUD
d3d3b2c7-c851-4854-8631-a0ffa03099af,12/11/2026 20:30:00,CFTC EUR NC Net Positions,LOW,EUR
c914459c-8705-4a01-a4ed-c6d5d4116cd9,12/11/2026 20:30:00,CFTC JPY NC Net Positions,LOW,JPY
5279ea1d-a3e6-4814-a10d-c504babd73d9,12/11/2026 20:30:00,CFTC GBP NC Net Positions,LOW,GBP
90279cbd-772c-4ba2-bb43-299e9d2a4829,12/11/2026 20:30:00,CFTC Gold NC Net Positions,LOW,USD
91b926da-96ec-4364-b643-4173dc435249,12/11/2026 20:30:00,CFTC Oil NC Net Positions,LOW,USD
031b6efc-7bcb-4a10-8fea-918419245ccb,12/11/2026 20:30:00,CFTC S&P 500 NC Net Positions,LOW,USD
003eda31-80c9-4999-b0ee-a2e0a28f3d8c,12/13/2026 21:30:00,Business NZ PSI,MEDIUM,NZD
59c54249-7dad-4c53-ba67-31e635a57b02,12/13/2026 21:45:00,Visitor Arrivals (YoY),LOW,NZD
f5e2e978-f08f-40a6-8a8b-5c5f49a4d7c1,12/13/2026 21:45:00,Visitor Arrivals (YoY),LOW,NZD
b37be552-c38d-401d-af80-9292ca0c5246,12/13/2026 23:50:00,Tankan Large All Industry Capex,MEDIUM,JPY
5907dc02-8cc2-4974-bddd-a24269092fbb,12/13/2026 23:50:00,Tankan Large Manufacturing Index,HIGH,JPY
9542d861-edec-4067-ba8e-d432b6581469,12/13/2026 23:50:00,Tankan Large Manufacturing Outlook,MEDIUM,JPY
887b2bfe-bc2a-4cf5-b96f-c929f049b623,12/13/2026 23:50:00,Tankan Non - Manufacturing Index,LOW,JPY
90739eeb-6d31-48ff-a56e-960c0aacf508,12/13/2026 23:50:00,Tankan Non - Manufacturing Outlook,LOW,JPY
792683a7-4dae-430b-8efb-79a0295353a8,12/14/2026 00:01:00,Rightmove House Price Index (MoM),LOW,GBP
5afb9184-d242-4c56-944e-210f1f25bf69,12/14/2026 00:01:00,Rightmove House Price Index (YoY),LOW,GBP
4ef0982c-cd7d-4881-8284-23a1599c9392,12/14/2026 03:00:00,Exports (YoY),MEDIUM,CNY
c8f5bc5f-35ef-4c8f-8a1c-abff4d77d1a7,12/14/2026 03:00:00,Exports (YoY) CNY,MEDIUM,CNY
3b97d20c-ab3b-4f2e-9d0f-874614f17b9e,12/14/2026 03:00:00,Imports (YoY),MEDIUM,CNY
2a1b2663-83a4-4b20-be25-df110bb234da,12/14/2026 03:00:00,Imports (YoY) CNY,MEDIUM,CNY
caf96b47-58ad-4447-8fa9-87476c1efceb,12/14/2026 03:00:00,Trade Balance CNY,MEDIUM,CNY
7c36e370-26ba-473d-ad3b-ac7a5852883a,12/14/2026 03:00:00,Trade Balance USD,MEDIUM,CNY
e9db2aeb-5958-4755-97ee-7ff4d84a2bc5,12/14/2026 04:30:00,Capacity Utilization,LOW,JPY
1cde6614-0fe7-479d-9a26-dca8cc59dd6e,12/14/2026 04:30:00,Industrial Production (MoM),LOW,JPY
3f0521ee-d334-4a03-96b8-f3014534f984,12/14/2026 04:30:00,Industrial Production (YoY),LOW,JPY
d928b940-d86b-44bc-bca9-34e20a892496,12/14/2026 07:00:00,SECO Economic Forecasts,LOW,CHF
0090b877-ab6f-4d2f-821c-10a7ca37b342,12/14/2026 07:00:00,Wholesale Price Index (MoM),LOW,EUR
1c6859ac-494b-4a2f-b1ac-cc4e19c2a129,12/14/2026 07:00:00,Wholesale Price Index (YoY),LOW,EUR
f5add503-f58a-49db-b28a-5969d50aeddc,12/14/2026 10:00:00,M2 Money Supply (YoY),LOW,CNY
aa461825-c5e8-49f4-bff4-eff66fcf0231,12/14/2026 10:00:00,New Loans,LOW,CNY
718dd84f-11e1-4f26-bb66-bde23e35f6ec,12/14/2026 13:30:00,BoC Consumer Price Index Core (MoM),MEDIUM,CAD
c235a384-f213-45bc-9587-cb96083c6ac6,12/14/2026 13:30:00,BoC Consumer Price Index Core (YoY),HIGH,CAD
12df34a2-2415-4bee-bc6d-6447be108b99,12/14/2026 13:30:00,Consumer Price Index - Core (MoM),LOW,CAD
d2e287ff-3a79-4cd8-bffb-7de933225962,12/14/2026 13:30:00,Consumer Price Index (MoM),MEDIUM,CAD
06af4619-cac9-43e0-91ca-1c489c9c1313,12/14/2026 13:30:00,Consumer Price Index (YoY),HIGH,CAD
35fa7d50-ddc0-4ad4-a3ed-ee6de98aebef,12/14/2026 13:30:00,Manufacturing Sales (MoM),LOW,CAD
6b952096-1528-4d87-a92c-4ec6ced7a3f5,12/14/2026 16:30:00,3-Month Bill Auction,LOW,USD
b8dca0fa-29cf-4f6d-b3d0-c36e1cc42029,12/14/2026 16:30:00,6-Month Bill Auction,LOW,USD
f1345ba7-0d49-4f46-a107-e489920a2e82,12/14/2026 22:00:00,S&P Global Composite PMI,MEDIUM,AUD
539c02fa-5174-4970-ad40-3a86b636cd90,12/14/2026 22:00:00,S&P Global Manufacturing PMI,MEDIUM,AUD
ee9fe6a7-8a25-432e-8c4b-6d66583626fd,12/14/2026 22:00:00,S&P Global Services PMI,MEDIUM,AUD
9453719f-02e4-44e7-a6e1-2974e287273e,12/14/2026 23:30:00,Westpac Consumer Confidence,MEDIUM,AUD
701e4121-8ef1-4cd9-b1a2-132cfe5931ed,12/15/2026 07:00:00,Average Earnings Excluding Bonus (3Mo/Yr),MEDIUM,GBP
976f2ef0-ff2d-4d9f-911e-a3613ba2f8f3,12/15/2026 07:00:00,Average Earnings Including Bonus (3Mo/Yr),MEDIUM,GBP
cf9b2e00-9384-4158-bd5e-75b87437c888,12/15/2026 07:00:00,Claimant Count Change,HIGH,GBP
ff54203a-6ea2-429f-a8f0-4f3075e986d9,12/15/2026 07:00:00,Claimant Count Rate,MEDIUM,GBP
8256ecff-f3f5-4300-8ce5-c8da2c2f8c2d,12/15/2026 07:00:00,Employment Change (3M),HIGH,GBP
5e08b2ee-e1b5-4d96-ad40-7748fed8a61e,12/15/2026 07:00:00,ILO Unemployment Rate (3M),HIGH,GBP
1ce30fe0-9633-4b6e-90df-b2da3cf02238,12/15/2026 07:30:00,Producer and Import Prices (MoM),LOW,CHF
2c06eaba-1d5e-4a0a-8f28-853f50d2d840,12/15/2026 07:30:00,Producer and Import Prices (YoY),LOW,CHF
eed678d8-8e88-4b1d-af97-4762b4fb78f8,12/15/2026 07:45:00,Consumer Price Index (EU norm) (MoM),LOW,EUR
09ea5fe4-cbb2-4b23-89ee-33ed2e889ee9,12/15/2026 07:45:00,Consumer Price Index (EU norm) (YoY),MEDIUM,EUR
ba94a0f6-28ed-480f-9671-3b29804ac3a8,12/15/2026 07:45:00,Inflation ex-tobacco (MoM),LOW,EUR
4a3b1858-ca2e-42d2-b981-c84d897a510f,12/15/2026 08:00:00,Consumer Price Index (MoM),LOW,EUR
0726fff5-b9dd-418b-8b18-6aae07740844,12/15/2026 08:00:00,Consumer Price Index (YoY),LOW,EUR
e23c5d96-2ff0-4d94-adad-2ddb43c0161b,12/15/2026 08:00:00,Harmonized Index of Consumer Prices (MoM),LOW,EUR
30199977-5e6d-437a-84e8-37a725058445,12/15/2026 08:00:00,Harmonized Index of Consumer Prices (YoY),MEDIUM,EUR
9ebadadb-ad01-404a-b0be-c7814d804a5c,12/15/2026 09:00:00,Global Trade Balance,LOW,EUR
ec86b06c-24d1-4871-8438-1269f2d6bd2c,12/15/2026 09:00:00,Trade Balance EU,LOW,EUR
f4404ea2-b6a5-4f71-b06a-470e1de1738d,12/15/2026 10:00:00,ZEW Survey – Current Situation,MEDIUM,EUR
9afee1ad-50c3-4752-85f3-ea795d6e08de,12/15/2026 10:00:00,ZEW Survey – Economic Sentiment,MEDIUM,EUR
3874bc47-a202-48f1-b2e9-d5aaf5143036,12/15/2026 10:00:00,Industrial Production s.a. (MoM),MEDIUM,EUR
4ba52647-b91d-4b3a-af2c-caf18aa6959f,12/15/2026 10:00:00,Industrial Production w.d.a. (YoY),LOW,EUR
0a9fd689-bb3e-4e85-8b51-96060e060656,12/15/2026 10:00:00,ZEW Survey – Economic Sentiment,MEDIUM,EUR
8cdeffac-cfe9-4d4c-a958-a041004550b3,12/15/2026 13:15:00,ADP Employment Change 4-week average,MEDIUM,USD
65d715f5-b083-44da-a84f-1609380e9a14,12/15/2026 13:30:00,Producer Price Index (MoM),MEDIUM,USD
f0443842-f093-432b-9d0e-1096859e3d4e,12/15/2026 13:30:00,Producer Price Index (YoY),MEDIUM,USD
9b5e3fa3-76a8-4228-8b58-d1ec4ae353b7,12/15/2026 13:30:00,Producer Price Index ex Food & Energy (MoM),MEDIUM,USD
905878e9-2ccd-4c4a-9c76-f2d64513763b,12/15/2026 13:30:00,Producer Price Index ex Food & Energy (YoY),HIGH,USD
aa7be3a8-241c-4d12-a417-5b4c4e3b29d9,12/15/2026 13:55:00,Redbook Index (YoY),LOW,USD
cbe28735-15f2-458a-8a86-b8db0560a859,12/15/2026 15:00:00,GDT Price Index,LOW,NZD
7ecc75cb-fc44-47e8-b801-44da972c590e,12/15/2026 21:00:00,Net Long-Term TIC Flows,LOW,USD
fa1df148-e88b-465b-a061-16a3ae6dbc63,12/15/2026 21:00:00,Total Net TIC Flows,LOW,USD
8611976b-ade8-4249-97e0-adb50190cb15,12/15/2026 21:30:00,API Weekly Crude Oil Stock,LOW,USD
c9833742-a399-4ac7-a014-994329a08b3a,12/15/2026 21:45:00,Current Account - GDP Ratio,LOW,NZD
687a8a96-46f7-41f5-9b29-68ffc6f93732,12/15/2026 21:45:00,Current Account (QoQ),LOW,NZD
763ca9a3-3d95-4442-bea7-98ab7dc72394,12/16/2026 00:00:00,Westpac Leading Index (MoM),LOW,AUD
f9e77920-36e3-44c8-af6c-a90af23b81fd,12/16/2026 01:30:00,Mid-Year Economic and Fiscal Outlook,MEDIUM,AUD
99f122eb-9354-4d4e-b293-13575bdf06cb,12/16/2026 02:00:00,Fixed Asset Investment (YTD) (YoY),LOW,CNY
83707d50-d5b4-41f1-b4af-0332e93c301c,12/16/2026 02:00:00,Industrial Production (YoY),HIGH,CNY
a17698ba-dc8d-4178-81c7-1874298a4f20,12/16/2026 02:00:00,Retail Sales (YoY),HIGH,CNY
ea09176b-6459-4717-a6f7-e3370c679035,12/16/2026 07:00:00,Consumer Price Index (MoM),HIGH,GBP
9b076319-97f9-4107-af92-5d8eeec6efcc,12/16/2026 07:00:00,Consumer Price Index (YoY),HIGH,GBP
0cdc168e-5e6c-4f6a-bdd7-3202d638da38,12/16/2026 07:00:00,Core Consumer Price Index (YoY),HIGH,GBP
d03c23e3-9812-47ed-b5b7-7e3cea4e01bf,12/16/2026 07:00:00,PPI Core Output (MoM) n.s.a,MEDIUM,GBP
f9fa3b0f-7292-4fec-8e00-0615ec078dab,12/16/2026 07:00:00,"PPI Core Output (YoY) n.s.a ",MEDIUM,GBP
8fff9951-2451-4618-8c40-608f83c3b7c3,12/16/2026 07:00:00,Producer Price Index - Input (MoM) n.s.a,LOW,GBP
8d9598ef-7530-4889-bbcb-f5079087bee4,12/16/2026 07:00:00,Producer Price Index - Input (YoY) n.s.a,LOW,GBP
af6e4ab4-b346-4bb4-8e1c-ed14b6d88a62,12/16/2026 07:00:00,Producer Price Index - Output (MoM) n.s.a,MEDIUM,GBP
8c8dd2f4-1c44-4677-9a58-e50e8253c7d7,12/16/2026 07:00:00,Producer Price Index - Output (YoY) n.s.a,LOW,GBP
5506b73a-b3a8-45bf-8b7d-c56a9a85b67f,12/16/2026 07:00:00,Retail Price Index (MoM),MEDIUM,GBP
2d3422db-4437-46ed-87dd-89f563f39dba,12/16/2026 07:00:00,Retail Price Index (YoY),MEDIUM,GBP
10065227-cbc6-4c42-ae2d-64f86e68f557,12/16/2026 08:30:00,HCOB Composite PMI,HIGH,EUR
86a166e2-17f4-4c59-bbbd-e262b11a4f21,12/16/2026 08:30:00,HCOB Manufacturing PMI,HIGH,EUR
96ba05c8-2ead-41c2-b6db-a249aa8dcfea,12/16/2026 08:30:00,HCOB Services PMI,HIGH,EUR
64b3e76c-5f82-4f31-92b3-3226c2330628,12/16/2026 09:00:00,HCOB Composite PMI,HIGH,EUR
0f8187a3-d55d-4866-969e-5cd97d513338,12/16/2026 09:00:00,HCOB Manufacturing PMI,HIGH,EUR
ed203753-abd4-46af-af1c-f2caff504f05,12/16/2026 09:00:00,HCOB Services PMI,HIGH,EUR
2dee91ae-a22b-4b6b-b0ee-5bbe7e3f0aaf,12/16/2026 09:00:00,Consumer Price Index (EU Norm) (MoM),LOW,EUR
c9256bc0-8e91-46d8-9988-68750b0fa2ef,12/16/2026 09:00:00,Consumer Price Index (EU Norm) (YoY),MEDIUM,EUR
bb050a4f-39d1-4b7c-811e-cbf6a122ce3d,12/16/2026 09:00:00,Consumer Price Index (MoM),LOW,EUR
5e2fc6ef-c444-4eb6-a140-32d30183c184,12/16/2026 09:00:00,Consumer Price Index (YoY),MEDIUM,EUR
d8e8d4e2-ee3c-4354-8534-988f7db6602f,12/16/2026 09:30:00,DCLG House Price Index (YoY),LOW,GBP
1e2494d6-9043-4fe9-8953-bbd90e96fad3,12/16/2026 10:00:00,Trade Balance n.s.a.,LOW,EUR
a3ddf941-dd9d-40cf-bb4c-01e9cfdea832,12/16/2026 10:00:00,Trade Balance s.a.,LOW,EUR
d662480b-72d0-496c-888a-0e77f6cb7f07,12/16/2026 12:00:00,MBA Mortgage Applications,LOW,USD
0634cac9-cd6c-43ac-8fce-23d61152fb62,12/16/2026 13:15:00,Housing Starts s.a (YoY),LOW,CAD
c5dedb33-8eaf-4808-a1e2-65bd41a7948a,12/16/2026 13:30:00,Wholesale Sales (MoM),LOW,CAD
1c737205-ac27-4e88-8e49-dced43ae357f,12/16/2026 13:30:00,NY Empire State Manufacturing Index,MEDIUM,USD
098003e9-8b28-4e7b-be1c-455d1f489bb4,12/16/2026 14:00:00,SNB Quarterly Bulletin,MEDIUM,CHF
37d757c8-3a3d-440d-b86f-6a8bf3a4531e,12/16/2026 14:15:00,Capacity Utilization,LOW,USD
abf40988-ad21-4280-a88c-73a560925c91,12/16/2026 14:15:00,Industrial Production (MoM),MEDIUM,USD
29e9a9c2-eee4-41af-9078-c04f31affa60,12/16/2026 15:00:00,Business Inventories,LOW,USD
118531a1-c90e-4062-a283-89d680d7afce,12/16/2026 15:00:00,NAHB Housing Market Index,LOW,USD
ad2bbb3f-f866-4ee8-8dfb-8ab54eebdabd,12/16/2026 15:30:00,EIA Crude Oil Stocks Change,LOW,USD
d60f9c3a-09b1-4c0a-a841-488a7a267aa8,12/16/2026 15:30:00,EIA Distillate Stocks Change,LOW,USD
5c001f8f-c289-48d0-b0f2-199a1c0148b1,12/16/2026 15:30:00,EIA Gasoline Stocks Change,LOW,USD
a82c94a2-d0bd-40f0-ae16-828fb114f344,12/16/2026 15:30:00,EIA Heating Oil Stocks Change,LOW,USD
7fe0aeb8-692e-4e19-9abe-568029b31077,12/16/2026 21:45:00,Gross Domestic Product (QoQ),HIGH,NZD
8853b60a-524a-4cd2-8a6e-09a140e6ea58,12/16/2026 21:45:00,Gross Domestic Product (YoY),HIGH,NZD
5509bfd1-a6bc-4d41-9827-1aa4965ea1e2,12/16/2026 23:50:00,Adjusted Merchandise Trade Balance,MEDIUM,JPY
7801e041-e0ca-458d-9d31-7315f700241f,12/16/2026 23:50:00,Exports (YoY),MEDIUM,JPY
4bca0f8b-fcec-474c-b50f-f591129e702b,12/16/2026 23:50:00,Foreign Bond Investment,LOW,JPY
3b2e9671-92b6-43f4-a0d5-1b835f79447c,12/16/2026 23:50:00,Foreign Investment in Japan Stocks,LOW,JPY
ed5aab82-107a-4a1b-8280-0bc5e075c22b,12/16/2026 23:50:00,Imports (YoY),MEDIUM,JPY
177b7783-51ec-44ff-acbe-aef77e3a1b56,12/16/2026 23:50:00,Machinery Orders (MoM),LOW,JPY
8a448608-3cf6-4d48-9470-073624fbba34,12/16/2026 23:50:00,Machinery Orders (YoY),LOW,JPY
73f2031e-cabf-43f2-ac79-5ede1db0f08b,12/16/2026 23:50:00,Merchandise Trade Balance Total,MEDIUM,JPY
0e0a2a16-b43b-40a6-82e2-389e30491a64,12/17/2026 00:30:00,Employment Change s.a.,HIGH,AUD
a1f81f60-2bfa-47ee-bdba-d36d03c9ee26,12/17/2026 00:30:00,Full-Time Employment,MEDIUM,AUD
8933a4be-8c3d-436a-8aa2-e0d2de7f3bb5,12/17/2026 00:30:00,Part-Time Employment,MEDIUM,AUD
6473702d-d302-43e9-a64e-d4eeeae1b81d,12/17/2026 00:30:00,Participation Rate,MEDIUM,AUD
6bf86238-07b2-478b-91f8-5d932463a20d,12/17/2026 00:30:00,Unemployment Rate s.a.,HIGH,AUD
22ae9465-445a-4c38-8562-350d55a19b3b,12/17/2026 01:30:00,"House Price Index ",LOW,CNY
ff8aabe7-420a-4e97-b622-51b0acf7efb4,12/17/2026 04:30:00,Tertiary Industry Index (MoM),LOW,JPY
755d5f34-0eb6-4e54-8fec-51850925d572,12/17/2026 07:00:00,Exports (MoM),LOW,CHF
8c73f1af-dba2-4df7-8601-136c648751e8,12/17/2026 07:00:00,Imports (MoM),LOW,CHF
0b3737a0-46e8-4c8f-aa21-8db6896bdf68,12/17/2026 07:00:00,Trade Balance,LOW,CHF
7d52b4ea-19e6-4677-979b-9e3eb1f78d8a,12/17/2026 09:00:00,IFO – Business Climate,MEDIUM,EUR
d775fc44-9562-4a45-a7f5-ebdb6b1e0526,12/17/2026 09:00:00,IFO – Current Assessment,MEDIUM,EUR
8057bd30-36d2-497d-b30d-bed11e6954a8,12/17/2026 09:00:00,IFO – Expectations,MEDIUM,EUR
8c6b8924-eb77-4f4c-87e0-4dea59ee6eca,12/17/2026 10:00:00,Core Harmonized Index of Consumer Prices (MoM),MEDIUM,EUR
db7e299a-d1b0-403a-80d6-659e274435b0,12/17/2026 10:00:00,Core Harmonized Index of Consumer Prices (YoY),MEDIUM,EUR
39e1cba6-967a-426b-9e5a-6049260b8ec0,12/17/2026 10:00:00,Harmonized Index of Consumer Prices (MoM),MEDIUM,EUR
37f0e11d-5b64-4ac8-9ed0-157fe3f3566d,12/17/2026 10:00:00,Harmonized Index of Consumer Prices (YoY),LOW,EUR
77972728-38e1-4ff5-acac-983378e3485d,12/17/2026 10:00:00,Labor Cost Index,LOW,EUR
20d0bbdf-40b5-4270-8165-32d9e389fe99,12/17/2026 12:00:00,BoE Interest Rate Decision,HIGH,GBP
45fd5630-ed13-406b-8dba-b8b189d39470,12/17/2026 12:00:00,BoE Minutes,HIGH,GBP
88d683db-2eff-4800-8909-cec520543c0c,12/17/2026 12:00:00,BoE Monetary Policy Summary,HIGH,GBP
3b12a900-1c7f-4da8-8159-39143f08dd28,12/17/2026 12:00:00,BoE MPC Vote Rate Cut,HIGH,GBP
552a3001-f576-49af-982c-b9860c8f467c,12/17/2026 12:00:00,BoE MPC Vote Rate Hike,HIGH,GBP
7101af3d-868b-4489-abec-77db8393ab95,12/17/2026 12:00:00,BoE MPC Vote Rate Unchanged,HIGH,GBP
a3fd5937-a447-4e10-9aca-03ae94fdc344,12/17/2026 13:15:00,ECB Main Refinancing Operations Rate,HIGH,EUR
98e5408c-8198-4bc3-9102-1db253c44f45,12/17/2026 13:15:00,ECB Monetary Policy Statement,HIGH,EUR
e69a23d4-381a-4f5f-aa44-4928bf6ef9a3,12/17/2026 13:15:00,ECB Rate On Deposit Facility,HIGH,EUR
c9bfee16-602d-45eb-802b-39e10010546a,12/17/2026 13:30:00,Canadian Portfolio Investment in Foreign Securities,LOW,CAD
b76ea6a5-5e0d-4390-b42e-b35a913350fb,12/17/2026 13:30:00,Employment Insurance Beneficiaries Change (MoM),LOW,CAD
2cb66f0a-e2c6-4c5e-b327-19d775845975,12/17/2026 13:30:00,Foreign Portfolio Investment in Canadian Securities,LOW,CAD
08062254-a32b-476a-951c-7f37284b7362,12/17/2026 13:30:00,Industrial Product Price (MoM),LOW,CAD
e7a1693b-cd8d-4441-871f-5323cf1dbe54,12/17/2026 13:30:00,Raw Material Price Index,LOW,CAD
077fbe51-1e33-43f1-b49d-efe6a01ac39b,12/17/2026 13:30:00,Building Permits (MoM),MEDIUM,USD
79d50e1c-3cc8-4b4b-a924-9aec40c1b157,12/17/2026 13:30:00,Building Permits Change,LOW,USD
e1e45b42-d0f3-461f-b367-7cf7a8f7a907,12/17/2026 13:30:00,Continuing Jobless Claims,LOW,USD
eae75e8a-4895-406b-8137-024f2425cf7a,12/17/2026 13:30:00,Export Price Index (MoM),LOW,USD
a1e2e30d-3481-408b-888e-6acdc78766c7,12/17/2026 13:30:00,Export Price Index (YoY),LOW,USD
935aa3f2-c02f-4977-80df-3dc185789928,12/17/2026 13:30:00,Housing Starts (MoM),MEDIUM,USD
76bd5999-bc29-405e-9588-79cdf4977541,12/17/2026 13:30:00,Housing Starts Change,LOW,USD
b76e69fe-fb8f-42d5-87d8-63415329b93e,12/17/2026 13:30:00,Import Price Index (MoM),LOW,USD
480d2ba9-3bed-42b7-bfab-18eb899f40da,12/17/2026 13:30:00,Import Price Index (YoY),LOW,USD
84a101d5-6597-4df1-a851-6ece0c4eae8c,12/17/2026 13:30:00,Initial Jobless Claims,MEDIUM,USD
90ba0f0b-8a84-4770-8bf9-9400f15fcebe,12/17/2026 13:30:00,Initial Jobless Claims 4-week average,LOW,USD
036fcf7b-18a1-4d9f-a151-d8886a2fc487,12/17/2026 13:30:00,Philadelphia Fed Manufacturing Survey,MEDIUM,USD
86f08fae-98cc-43fa-a545-3c89d483cff5,12/17/2026 13:45:00,ECB Press Conference,HIGH,EUR
cad6bab8-4287-4bc8-9961-a73192dad595,12/17/2026 15:00:00,Pending Home Sales (MoM),MEDIUM,USD
dbb23a93-4be4-4cfd-af72-d6aba089a082,12/17/2026 15:00:00,Pending Home Sales (YoY),LOW,USD
009c6672-a398-4d8c-a52a-8342588a31ae,12/17/2026 15:30:00,EIA Natural Gas Storage Change,LOW,USD
084ac8d4-5a88-44a1-809d-6b1a31f43240,12/17/2026 16:00:00,Kansas Fed Manufacturing Activity,LOW,USD
21382312-6e38-49be-89db-d859f72c4d70,12/17/2026 16:30:00,4-Week Bill Auction,LOW,USD
e848f502-e72a-4c19-829b-5c8388026f00,12/17/2026 18:00:00,5-year TIPS Auction,LOW,USD
d4ac89a3-fd9b-437e-9774-f13cf79a8d87,12/17/2026 21:45:00,Exports,MEDIUM,NZD
80a16e8d-0749-48e8-a177-e66e17899137,12/17/2026 21:45:00,Imports,MEDIUM,NZD
2a4d2b34-70fc-48e8-ab8a-461ab4372a3c,12/17/2026 21:45:00,Trade Balance NZD (MoM),LOW,NZD
55027b05-0e8a-4e31-a486-2091dd648f4d,12/17/2026 21:45:00,Trade Balance NZD (YoY),MEDIUM,NZD
4eb478e4-a687-4d9f-87a3-7db6fb2a2715,12/17/2026 23:30:00,National Consumer Price Index (YoY),MEDIUM,JPY
779237ad-093a-4b9d-8b47-1f42df13bbdb,12/17/2026 23:30:00,"National CPI ex Food, Energy (YoY)",MEDIUM,JPY
fb577bfd-7b18-4543-bd30-35fda94811e6,12/17/2026 23:30:00,National CPI ex Fresh Food (YoY),MEDIUM,JPY
9dc34985-bf44-406b-9233-10815326bcc9,12/18/2026 00:00:00,ANZ Activity Outlook,LOW,NZD
bc6b4dfa-e0b5-4940-bdfb-b131c7cdab50,12/18/2026 00:00:00,ANZ Business Confidence,LOW,NZD
521b7102-5d6e-4ef5-89fa-0ff95e33e2a6,12/18/2026 00:01:00,GfK Consumer Confidence,MEDIUM,GBP
b828bd46-3522-44fa-8474-293fb36745f4,12/18/2026 00:30:00,Private Sector Credit (MoM),LOW,AUD
fb1fe895-556c-4308-a36a-a179e9348eaf,12/18/2026 00:30:00,Private Sector Credit (YoY),LOW,AUD
9f598e39-5cb7-4e2b-80eb-7161c3e7d67a,12/18/2026 03:00:00,BoJ Interest Rate Decision,HIGH,JPY
8d71c3a6-6d92-4675-a5fc-0661122f9c54,12/18/2026 03:00:00,BoJ Monetary Policy Statement,HIGH,JPY
39c1b2a8-8eca-442c-80f4-c18ec32ac5aa,12/18/2026 06:30:00,BoJ Press Conference,HIGH,JPY
15f2b451-acfe-47d2-8cb9-5dd68a42dc3e,12/18/2026 07:00:00,GfK Consumer Confidence Survey,MEDIUM,EUR
a9c58fdb-1497-4080-b6c1-e397d605faa6,12/18/2026 07:00:00,Producer Price Index (MoM),MEDIUM,EUR
1a01dad9-652d-4eb8-b0b7-739e2a2d110e,12/18/2026 07:00:00,Producer Price Index (YoY),MEDIUM,EUR
f9d06df6-4d55-4946-b1b5-6f61a2a958e8,12/18/2026 07:00:00,Retail Sales (MoM),HIGH,GBP
e9c7246d-b418-4a02-b111-e05707635a4e,12/18/2026 07:00:00,Retail Sales (YoY),MEDIUM,GBP
55732ed4-f034-4f80-a671-9d62241dc058,12/18/2026 07:00:00,Retail Sales ex-Fuel (MoM),MEDIUM,GBP
07de2220-0363-426a-87f8-81aeb4d4c186,12/18/2026 07:00:00,Retail Sales ex-Fuel (YoY),MEDIUM,GBP
f33236d8-37c6-415c-9624-2457da974db4,12/18/2026 07:45:00,Business Climate in Manufacturing,LOW,EUR
04e73ef5-e39f-485f-bf24-22ac0adb1d0b,12/18/2026 09:00:00,FDI - Foreign Direct Investment (YTD) (YoY),LOW,CNY
f30bf53b-f818-4298-91fe-0aaec6228512,12/18/2026 09:00:00,Current Account n.s.a,LOW,EUR
65256e5d-4640-4d68-858d-0ccc81b98f92,12/18/2026 09:00:00,Current Account s.a,LOW,EUR
c1fad5b6-2c60-42c6-81b6-225356d50b58,12/18/2026 09:30:00,S&P Global Composite PMI,HIGH,GBP
a0116d5c-b86f-4110-ae86-af5216e42d06,12/18/2026 09:30:00,S&P Global Manufacturing PMI,HIGH,GBP
d4e6adc8-b86e-4eb8-9596-b4ee5740b156,12/18/2026 09:30:00,S&P Global Services PMI,HIGH,GBP
d6a57e5c-b617-4f7e-a5d9-b58d8ab3107b,12/18/2026 10:00:00,Construction Output  s.a (MoM),LOW,EUR
47cd6c7d-7114-4f74-8866-454d4bca9741,12/18/2026 10:00:00,Construction Output w.d.a (YoY),LOW,EUR
336de490-50a1-4399-ad3c-03e2907d66fa,12/18/2026 13:30:00,Retail Sales (MoM),MEDIUM,CAD
059efbcb-9f96-4cf1-a759-792bf3974766,12/18/2026 13:30:00,Retail Sales ex Autos (MoM),MEDIUM,CAD
bd94bae2-28e0-4140-8fc9-19bee4ac9692,12/18/2026 13:30:00,Core Personal Consumption Expenditures - Price Index (MoM),HIGH,USD
8333849d-bc3a-4ad4-ba4f-53ce6a3ba79c,12/18/2026 13:30:00,Core Personal Consumption Expenditures - Price Index (YoY),HIGH,USD
6a6e300e-c9d5-4c20-98f0-d54eb04eec27,12/18/2026 13:30:00,Current Account,LOW,USD
aae3d45c-d716-42f0-8c67-463b2b45625a,12/18/2026 13:30:00,Personal Consumption Expenditures - Price Index (MoM),MEDIUM,USD
c6b0b6ab-4bc5-486c-8d1d-244c220d7aca,12/18/2026 13:30:00,Personal Consumption Expenditures - Price Index (YoY),MEDIUM,USD
04962c5f-cd9c-495b-8c2c-aca2f1afa8e4,12/18/2026 13:30:00,Personal Income (MoM),MEDIUM,USD
0ab24b97-55ed-45ff-92c4-d47e3a925b60,12/18/2026 13:30:00,Personal Spending,MEDIUM,USD
baa36f13-0bd7-49b3-a739-bcb7644b3e7b,12/18/2026 14:45:00,S&P Global Composite PMI,MEDIUM,USD
1d161402-f50b-4191-82f6-311755a0f8a1,12/18/2026 14:45:00,S&P Global Manufacturing PMI,HIGH,USD
25f3a260-7abe-480f-ba7e-709f2f19c9cc,12/18/2026 14:45:00,S&P Global Services PMI,HIGH,USD
2a67d3ce-b38a-4769-9ea7-cb15755b333e,12/18/2026 15:00:00,Michigan Consumer Expectations Index,MEDIUM,USD
9d9cbe3a-5dc8-4576-926d-29f3e5b823ae,12/18/2026 15:00:00,Michigan Consumer Sentiment Index,MEDIUM,USD
f77bac40-d21f-44e0-959f-c371a412e380,12/18/2026 15:00:00,UoM 1-year Consumer Inflation Expectations,MEDIUM,USD
e04eb2cf-57a3-47cd-b8cb-5fb075cda6bf,12/18/2026 18:00:00,Baker Hughes US Oil Rig Count,LOW,USD
b4c713ef-7d91-4778-81c2-025df72f8035,12/18/2026 20:30:00,CFTC AUD NC Net Positions,LOW,AUD
1c7b444f-4ec9-4b22-a6f1-70f17a40d491,12/18/2026 20:30:00,CFTC EUR NC Net Positions,LOW,EUR
681ff369-eb17-4b7c-b96c-180e789974d7,12/18/2026 20:30:00,CFTC JPY NC Net Positions,LOW,JPY
3aece348-f055-4719-83eb-68d7501a6fbb,12/18/2026 20:30:00,CFTC GBP NC Net Positions,LOW,GBP
5c6b6bcc-5a14-4655-907b-e40a84c6c880,12/18/2026 20:30:00,CFTC Gold NC Net Positions,LOW,USD
1b954fc7-963f-48b9-9eb7-739349cc2b1c,12/18/2026 20:30:00,CFTC Oil NC Net Positions,LOW,USD
54b2e191-4644-4b1e-9ba3-9196199b629d,12/18/2026 20:30:00,CFTC S&P 500 NC Net Positions,LOW,USD
26f0032d-25af-47c7-a8cf-2e4e68595cc1,12/21/2026 00:30:00,Jibun Bank Manufacturing PMI,LOW,JPY
ec968510-aabb-48a0-85f5-390f5cc91a6e,12/21/2026 00:30:00,Jibun Bank Services PMI,LOW,JPY
9932ed3a-d567-466b-98ba-82d505897049,12/21/2026 01:15:00,PBoC Interest Rate Decision,MEDIUM,CNY
a940a827-71dc-4b52-9436-12f280d58b41,12/21/2026 02:00:00,Credit Card Spending (YoY),LOW,NZD
1d239fd7-beba-4705-8906-bd67383903bd,12/21/2026 11:00:00,German Buba Monthly Report,MEDIUM,EUR
c98e6b06-fb71-4125-b00d-7f980e670aed,12/21/2026 15:00:00,Consumer Confidence,MEDIUM,EUR
2b16e8b0-dba5-4e21-bcd1-1fce1cc27b62,12/21/2026 16:30:00,3-Month Bill Auction,LOW,USD
483dd297-383a-47d8-93f4-41ecf39eff3d,12/21/2026 16:30:00,6-Month Bill Auction,LOW,USD
d77c6378-1c35-4fd9-aa36-3aeab21246c0,12/21/2026 20:00:00,Westpac Consumer Survey,MEDIUM,NZD
9c60847c-41ae-4f9f-8160-04ee3d7a4ea8,12/22/2026 00:30:00,RBA Meeting Minutes,HIGH,AUD
0703bf4e-976a-4c3e-bc0d-55e393911fb0,12/22/2026 07:00:00,Current Account,LOW,GBP
6f813c00-f5fe-4c23-812a-73b829921cfb,12/22/2026 07:00:00,Gross Domestic Product (QoQ),HIGH,GBP
f2f4f65e-e754-4561-a39e-632f02d21f2d,12/22/2026 07:00:00,Gross Domestic Product (YoY),HIGH,GBP
63681aba-ac7d-4ab4-9308-1dcac47647be,12/22/2026 07:00:00,Public Sector Net Borrowing,LOW,GBP
33719b1c-c48f-4da5-9461-1541bafff199,12/22/2026 07:00:00,Total Business Investment (QoQ),LOW,GBP
71034e77-9e24-4ee5-9b71-89935d79455a,12/22/2026 07:00:00,Total Business Investment (YoY),LOW,GBP
3af3f7b4-d802-4cfe-8b50-2b8f8fb1ab8e,12/22/2026 07:45:00,Producer Prices (MoM),LOW,EUR
5cf4e6e0-4bca-4f6b-b753-b60e950cfa8b,12/22/2026 08:15:00,HCOB Composite PMI,MEDIUM,EUR
d01c357b-d78d-4130-a01d-696a8dfdc384,12/22/2026 08:15:00,HCOB Manufacturing PMI,MEDIUM,EUR
ea6a2b48-e073-424b-be8e-267133a8f359,12/22/2026 08:15:00,HCOB Services PMI,MEDIUM,EUR
8044cfdc-4125-44d5-af15-c57abc3738da,12/22/2026 09:00:00,Business Confidence,LOW,EUR
4ecd5078-1240-475b-a8d1-483463092030,12/22/2026 09:00:00,Consumer Confidence,LOW,EUR
0b45a107-3e78-4a43-bbb3-e7d18dfd604e,12/22/2026 09:00:00,Industrial Sales n.s.a. (YoY),LOW,EUR
c1672ff4-ee10-49fe-9d67-eb1b56471c32,12/22/2026 09:00:00,Industrial Sales s.a. (MoM),LOW,EUR
49cd6500-a0f2-4266-929f-b12b8bb20af8,12/22/2026 09:00:00,Trade Balance non-EU,LOW,EUR
0b688deb-7311-47bf-96f3-3f472f9eaa07,12/22/2026 10:00:00,Producer Price Index (MoM),LOW,EUR
83647859-a56a-49e8-adb6-a9da7427bece,12/22/2026 10:00:00,Producer Price Index (YoY),LOW,EUR
c4f609ba-96bd-42c3-ba91-2888f6f6b777,12/22/2026 13:15:00,ADP Employment Change 4-week average,MEDIUM,USD
a4aa9f03-caf4-4269-ad61-f9029e5a966c,12/22/2026 13:30:00,New Housing Price Index (MoM),LOW,CAD
832c8066-2333-4b0a-993d-f222addc6e23,12/22/2026 13:30:00,New Housing Price Index (YoY),LOW,CAD
ea9bb4e7-88c9-4884-b022-a8b521961365,12/22/2026 13:30:00,"Chicago Fed National Activity Index ",LOW,USD
d535e2ae-4931-4332-8ff1-6b51025fc98d,12/22/2026 13:30:00,Durable Goods Orders,MEDIUM,USD
bce888bc-c6d4-45c8-8333-52d4674613e7,12/22/2026 13:30:00,Durable Goods Orders ex Defense,MEDIUM,USD
9786df41-2ce7-4775-86bf-bba1577eeed4,12/22/2026 13:30:00,Durable Goods Orders ex Transportation,MEDIUM,USD
91152470-fd35-419c-b663-4415c9548ef4,12/22/2026 13:30:00,Nondefense Capital Goods Orders ex Aircraft,MEDIUM,USD
fd67f8a6-001f-4fa8-a9f9-b200f40c026a,12/22/2026 13:55:00,Redbook Index (YoY),LOW,USD
f53c4fae-f230-42c9-9a4f-923634a9fa83,12/22/2026 15:00:00,Richmond Fed Manufacturing Index,LOW,USD
798d44fd-9461-401a-8bfb-30cb99bb533b,12/22/2026 21:00:00,ANZ – Roy Morgan Consumer Confidence,MEDIUM,NZD
f1746494-08b5-46af-a38b-1cac0fb09954,12/22/2026 21:30:00,API Weekly Crude Oil Stock,LOW,USD
4727258c-a848-4d35-b445-88f1a3f1c365,12/22/2026 23:50:00,BoJ Monetary Policy Meeting Minutes,MEDIUM,JPY
12f8f9dc-4210-45a9-ae48-4eb0ea7e1805,12/23/2026 08:00:00,Gross Domestic Product (QoQ),MEDIUM,EUR
75abb6a8-4354-4993-84e7-3b19d74e0f39,12/23/2026 08:00:00,Gross Domestic Product (YoY),LOW,EUR
8d6be8ff-ddc3-42e9-966c-de29d94a0a08,12/23/2026 12:00:00,MBA Mortgage Applications,LOW,USD
42fc0965-a8a0-42f1-84fc-0017bfd9627d,12/23/2026 13:30:00,Gross Domestic Product (MoM),MEDIUM,CAD
9d4f728e-3549-4cc4-9c64-a3abe7dcf231,12/23/2026 13:30:00,Continuing Jobless Claims,LOW,USD
c3bc9b8a-4219-458f-86c8-97d354b79904,12/23/2026 13:30:00,Core Personal Consumption Expenditures (QoQ),MEDIUM,USD
a35881ea-8f95-4f27-99d1-fd78893eeb66,12/23/2026 13:30:00,Gross Domestic Product Annualized,MEDIUM,USD
0016bbcc-9425-4899-a1be-efe70ea4ea15,12/23/2026 13:30:00,Gross Domestic Product Price Index,MEDIUM,USD
c4bcf9ed-5d44-499d-9d65-df4cc6d7857d,12/23/2026 13:30:00,Initial Jobless Claims,MEDIUM,USD
ab5b3a5b-c5b6-4bf5-8dfd-d610d9d81fb9,12/23/2026 13:30:00,Initial Jobless Claims 4-week average,LOW,USD
89ad942e-db7b-4982-a8d8-7ca656665e22,12/23/2026 13:30:00,Personal Consumption Expenditures Prices (QoQ),MEDIUM,USD
5c0d46a7-ee7f-4ba1-8995-7f04f92b8ef1,12/23/2026 15:00:00,New Home Sales (MoM),LOW,USD
eedbe494-c11f-478f-ba23-71b839182400,12/23/2026 15:00:00,New Home Sales Change (MoM),MEDIUM,USD
d38ffc7f-4385-43cd-9c52-86141a22f5af,12/23/2026 15:30:00,EIA Crude Oil Stocks Change,LOW,USD
cb4eae3a-6dfc-41f4-98b2-42bb28e2f663,12/23/2026 15:30:00,EIA Distillate Stocks Change,LOW,USD
f4a707b7-c87c-4b0a-b112-b21329dd2b05,12/23/2026 15:30:00,EIA Gasoline Stocks Change,LOW,USD
4eb0e847-d939-4fb5-95e6-d8e4f5147566,12/23/2026 15:30:00,EIA Heating Oil Stocks Change,LOW,USD
68296ca4-2eea-4505-ba99-f1021b927247,12/23/2026 16:30:00,4-Week Bill Auction,LOW,USD
cba09b8d-9c27-4cea-9c92-18fab5057394,12/23/2026 18:00:00,20-Year Bond Auction,LOW,USD
f2ebe0c2-0565-496a-b695-b28c6df00898,12/23/2026 18:30:00,BoC Summary of Deliberations,MEDIUM,CAD
9d93b22a-d793-4e55-9c1f-05b84a686972,12/23/2026 23:50:00,Foreign Bond Investment,LOW,JPY
fa3adea9-d5aa-4f22-b158-2f296f8a76a1,12/23/2026 23:50:00,Foreign Investment in Japan Stocks,LOW,JPY
0b711b20-d7da-44ac-a7b0-0abbc792087f,12/24/2026 12:00:00,Christmas Day,NONE,NZD
f2c1def9-88d6-4351-8a85-5a4c654e22c7,12/24/2026 14:00:00,Christmas Day,NONE,AUD
0cce440a-270e-44b4-8dd3-772e5cfa2d7d,12/24/2026 15:30:00,EIA Natural Gas Storage Change,LOW,USD
4208ea00-bbda-4540-9e25-13cbf8c4b088,12/24/2026 22:00:00,Christmas Day,NONE,CHF
95dd6506-bc3b-47a3-9b74-b509ef34437e,12/24/2026 22:00:00,Christmas Day,NONE,EUR
1c4b2a56-d6d5-4aac-8b80-72c62f0ad574,12/24/2026 22:00:00,Christmas Day,NONE,EUR
0b9af94b-06c6-42b4-ae44-298b199ce5be,12/24/2026 22:00:00,Christmas Day,NONE,EUR
97aa04d7-1cc3-44b1-ba8b-2590df8a4a7f,12/24/2026 22:00:00,"Christmas Day ",NONE,EUR
de55efe5-3210-4507-93ac-7d231db77db7,12/24/2026 23:00:00,Christmas Day,NONE,EUR
ec52750d-878b-403b-9c23-575d7f07b77c,12/24/2026 23:50:00,Corporate Service Price Index (YoY),LOW,JPY
39c80d9d-6afb-464b-8bc2-43673f11816f,12/25/2026 00:00:00,Christmas Day,NONE,GBP
c257da71-fab0-4e3b-8212-12f583549883,12/25/2026 05:00:00,Christmas Day,NONE,CAD
8cadaf39-18ea-450f-814a-a5190637d054,12/25/2026 05:00:00,Coincident Index,LOW,JPY
365d0dc0-318f-47a0-a5a2-74b3e98cec9c,12/25/2026 05:00:00,Leading Economic Index,LOW,JPY
2f471ca0-31f8-4029-82a8-26dd29e8179f,12/25/2026 05:00:00,Christmas Day,NONE,USD
e7d76193-9961-48e7-ae3a-48a15add45d2,12/25/2026 12:00:00,Boxing Day,NONE,NZD
1c772581-d6f5-45a5-a4c4-5837ffc9bca7,12/25/2026 14:00:00,"Boxing Day ",NONE,AUD
695bfaea-7a45-4204-89ff-aad50ec59eca,12/25/2026 15:00:00,UoM 5-year Consumer Inflation Expectation,MEDIUM,USD
d1e546be-0734-45f0-b9cb-e11a2bedc79c,12/25/2026 18:00:00,Baker Hughes US Oil Rig Count,LOW,USD
f7172829-8b51-4a7d-9300-fbcc8c30c5cf,12/25/2026 20:30:00,CFTC AUD NC Net Positions,LOW,AUD
15bb9970-c486-4ab8-8e7f-49a14f79580a,12/25/2026 20:30:00,CFTC EUR NC Net Positions,LOW,EUR
01c8da33-5e3a-4b8a-a91d-308ea6b73677,12/25/2026 20:30:00,CFTC JPY NC Net Positions,LOW,JPY
c2821aaf-7fd8-45fc-bd3f-cf2b78b38c82,12/25/2026 20:30:00,CFTC GBP NC Net Positions,LOW,GBP
db19dc43-ecbf-408e-993e-20b8bd110d14,12/25/2026 20:30:00,CFTC Gold NC Net Positions,LOW,USD
755de4ed-c75a-4270-843e-9813a9c8eed7,12/25/2026 20:30:00,CFTC Oil NC Net Positions,LOW,USD
67c320ce-9f47-4112-8c81-c25cfb5e58b1,12/25/2026 20:30:00,CFTC S&P 500 NC Net Positions,LOW,USD
fe6763f8-4ffb-4712-bd91-ba6a315afc77,12/25/2026 22:00:00,St Stephen's Day,NONE,CHF
83e59abf-d669-455b-ab79-e5af55d33ff0,12/25/2026 22:00:00,Boxing Day,NONE,EUR
0e8d3edf-a5d3-4b81-a075-ee20b25aadff,12/25/2026 22:00:00,Boxing Day,NONE,EUR
448298e3-a7ad-490c-9288-3762858ac1b0,12/25/2026 22:00:00,St Stephen's Day,NONE,EUR
79a91342-92eb-41c5-8c0f-5f420dbebe0b,12/26/2026 00:00:00,Boxing Day,NONE,GBP
5572b73e-7440-46b9-acaa-8cdbefbcdd05,12/26/2026 05:00:00,Boxing Day,NONE,CAD
dfa2e1d2-6585-4cec-99ea-2df20e9414ce,12/27/2026 23:50:00,BoJ Summary of Opinions,LOW,JPY
63f61a72-e9cc-44d7-8c91-9de4135281f3,12/27/2026 23:50:00,Industrial Production (MoM),LOW,JPY
2cad1088-1b19-4970-ba45-a1d2a9f7df94,12/27/2026 23:50:00,Industrial Production (YoY),LOW,JPY
f2dd832c-4a95-4777-9502-4f5a8cc032da,12/27/2026 23:50:00,Large Retailer Sales,MEDIUM,JPY
a4916511-a0ee-45a9-af95-b4b9e84133ef,12/27/2026 23:50:00,Retail Trade (YoY),MEDIUM,JPY
7468ae82-a627-47ad-a916-750dd8432bd4,12/27/2026 23:50:00,Retail Trade s.a (MoM),MEDIUM,JPY
b7b39695-8c2c-40e9-a9e9-8fe73561c3b2,12/28/2026 05:00:00,Annualized Housing Starts,LOW,JPY
d0a5cf7e-7b29-4dc4-8a58-606a671fadc1,12/28/2026 05:00:00,Construction Orders (YoY),LOW,JPY
fceea8be-2a86-4c39-b0a9-a658affaabb3,12/28/2026 05:00:00,Housing Starts (YoY),LOW,JPY
94893656-545f-479e-b475-1a36f05cd3c0,12/28/2026 13:30:00,Wholesale Inventories,LOW,USD
a3d052fb-2495-47fd-8775-871a121fa26f,12/28/2026 15:30:00,Dallas Fed Manufacturing Business Index,LOW,USD
5d241340-5500-4c6b-b933-0ac9023f5504,12/28/2026 16:30:00,3-Month Bill Auction,LOW,USD
7f1d8626-73c9-4ac7-abc5-3e9fb2d08c6a,12/28/2026 16:30:00,6-Month Bill Auction,LOW,USD
8edd5b5d-4593-4212-9938-8a2ebdba6d78,12/28/2026 18:00:00,2-Year Note Auction,LOW,USD
c6c4e68f-a915-4646-a3d1-a63bdfa5fe5d,12/28/2026 18:00:00,5-Year Note Auction,LOW,USD
e7bd1158-4dac-4d16-bb65-dcc2ce902794,12/28/2026 23:30:00,Jobs / Applicants Ratio,LOW,JPY
3053aaa5-7ec9-4ec4-98cd-b977fc9f8fb6,12/28/2026 23:30:00,Unemployment Rate,MEDIUM,JPY
3b1931e0-e98c-4383-850d-41d0b89b3207,12/29/2026 00:01:00,BRC Shop Price Index (YoY),LOW,GBP
90f77d6c-b275-4a23-a5e6-3c624ab8a679,12/29/2026 13:55:00,Redbook Index (YoY),LOW,USD
2cd9a1db-94c0-49cf-aa1c-75f2af145270,12/29/2026 14:00:00,Housing Price Index (MoM),MEDIUM,USD
3b3e4fe9-88bb-449b-90cf-d2b16cf2209e,12/29/2026 14:00:00,S&P/Case-Shiller Home Price Indices (YoY),LOW,USD
c284b768-1462-4025-bb2d-9c2408acc0e4,12/29/2026 15:00:00,Consumer Confidence,MEDIUM,USD
2a6ea0f4-3f81-4643-9dda-b5363c234a3d,12/29/2026 15:30:00,52-Week Bill Auction,LOW,USD
77bb9962-9137-4a9e-b0eb-20c745a0c548,12/29/2026 18:00:00,7-Year Note Auction,LOW,USD
4ff084fd-1814-4401-88c5-0def12e0d1a4,12/29/2026 21:30:00,API Weekly Crude Oil Stock,LOW,USD
eef195cf-c11f-400a-ac52-fac12793e23e,12/30/2026 07:00:00,Import Price Index (MoM),LOW,EUR
b2c3b888-b59e-404a-bb95-32bb68e1593e,12/30/2026 07:00:00,Import Price Index (YoY),LOW,EUR
3193a950-4378-4eaa-9273-12d730a888a6,12/30/2026 07:00:00,Nationwide Housing Prices n.s.a (YoY),LOW,GBP
2f8e2d61-6500-4aa4-b982-a80a83371709,12/30/2026 07:00:00,Nationwide Housing Prices s.a (MoM),LOW,GBP
20b42c51-0360-47e3-a2b7-f385e33eaa5b,12/30/2026 08:00:00,KOF Leading Indicator,LOW,CHF
7f93b600-a998-412b-96ea-ed2f65a8828b,12/30/2026 08:00:00,Consumer Price Index (MoM),LOW,EUR
847d07c8-c041-4d0d-9599-603010277191,12/30/2026 08:00:00,Consumer Price Index (YoY),LOW,EUR
744cb029-e08e-4cba-8f6d-ae170a890457,12/30/2026 08:00:00,Harmonized Index of Consumer Prices (MoM),LOW,EUR
a15c453e-4388-48ef-a31c-d6f672ef4b51,12/30/2026 08:00:00,Harmonized Index of Consumer Prices (YoY),MEDIUM,EUR
599ebfc3-b476-4caf-ac0a-ad79646f30b3,12/30/2026 08:00:00,Retail Sales (YoY),LOW,EUR
18d1046c-d5ee-499c-8b73-37d300b4a3ba,12/30/2026 09:00:00,ZEW Survey – Expectations,MEDIUM,CHF
0273a90e-c963-4cee-bd4c-398cb917eae9,12/30/2026 09:00:00,M3 Money Supply (3m),LOW,EUR
2483ea71-ca71-4865-8e22-c12a3a90a16e,12/30/2026 09:00:00,M3 Money Supply (YoY),LOW,EUR
a235a672-df64-4363-a0e7-9fcbc4104510,12/30/2026 09:00:00,Private Loans (YoY),LOW,EUR
00a99f70-ac9e-41b4-96a2-b2bf5e7fe357,12/30/2026 09:00:00,Current Account Balance,LOW,EUR
325856e3-fb8e-497b-ad9f-9afc9dbce72b,12/30/2026 12:00:00,MBA Mortgage Applications,LOW,USD
c0e1d088-3a3a-4f51-ae8e-40ac7bf9be65,12/30/2026 13:30:00,Continuing Jobless Claims,LOW,USD
61ada45f-92fc-479c-bec0-6a161ba472f9,12/30/2026 13:30:00,Goods Trade Balance,LOW,USD
0a3b2a6a-1eb0-45e7-b9eb-60b697859588,12/30/2026 13:30:00,Initial Jobless Claims,MEDIUM,USD
4385fefc-0eac-4653-b5c0-168033774ab7,12/30/2026 13:30:00,Initial Jobless Claims 4-week average,LOW,USD
f0a7521b-1a53-4ad1-a80c-0d3cad91d843,12/30/2026 14:00:00,New Year's holiday,NONE,AUD
80b60a6c-38b9-4479-a336-a8935ce75f3b,12/30/2026 14:45:00,Chicago PMI,MEDIUM,USD
3e5fe1b4-c1d6-4b28-bc48-1dafa309b994,12/30/2026 15:30:00,EIA Crude Oil Stocks Change,LOW,USD
b047c1fc-fba9-4594-a72f-2b0381b1f16c,12/30/2026 15:30:00,EIA Distillate Stocks Change,LOW,USD
cf674847-fd46-4acb-84d2-f85086648157,12/30/2026 15:30:00,EIA Gasoline Stocks Change,LOW,USD
26f8ae5c-d889-4d98-9700-b7b0b6738188,12/30/2026 15:30:00,EIA Heating Oil Stocks Change,LOW,USD
3a229598-1dd9-4d0a-9554-20731c26d9ff,12/30/2026 16:30:00,4-Week Bill Auction,LOW,USD
e60d10dd-3909-42e5-b09d-0ab7d2e4cb6c,12/30/2026 22:00:00,New Year's Eve,NONE,EUR
9a2a4091-6ec0-43b5-8255-dfa1725c8db1,12/30/2026 23:50:00,Foreign Bond Investment,LOW,JPY
5bf148fa-1b3d-4aae-ba2c-6d1117b56886,12/30/2026 23:50:00,Foreign Investment in Japan Stocks,LOW,JPY
3aae80e0-5503-44fc-b71a-4125c4bd4c4e,12/31/2026 01:30:00,NBS Manufacturing PMI,HIGH,CNY
aedc2caf-9ad9-495b-a890-b66792bcca55,12/31/2026 01:30:00,NBS Non-Manufacturing PMI,HIGH,CNY
b96ea996-dc0b-4226-a1af-8521c30d9a35,12/31/2026 12:00:00,"New Year's Day ",NONE,NZD
7fc73e79-9622-43e6-afa9-266301e98b49,12/31/2026 14:00:00,New Year's Day,NONE,AUD
99f681c0-ee03-4d00-b75c-b5930826f33d,12/31/2026 15:00:00,New Year's Day,NONE,JPY
e05a1327-3e9e-4beb-862b-fd71e5b569b9,12/31/2026 15:30:00,EIA Natural Gas Storage Change,LOW,USD
c1ff81bb-87c3-40bd-9aca-09ce3c9ece75,12/31/2026 16:00:00,New Year's Day,NONE,CNY
7a2e8db7-a953-4944-a445-d39770ffdae1,12/31/2026 22:00:00,New Year's Day,NONE,CHF
f044690a-f93a-42d5-838f-1f56dcb5ceca,12/31/2026 22:00:00,New Year's Day,NONE,EUR
93d9d2dd-8909-48b4-b664-aa7f86a449d9,12/31/2026 22:00:00,New Year's Day,NONE,EUR
22a1b12d-197b-49a3-a554-697168bc194e,12/31/2026 23:00:00,New Year's Day,NONE,EUR
9ada0eea-9084-4b17-a9fe-9225d90f7990,12/31/2026 23:00:00,New Year's Day,NONE,EUR
8fd3ddd3-097b-4ac3-aac7-1338472f2243,01/01/2027 00:00:00,New Year's Day,NONE,GBP
ca01823a-1585-4550-90db-c0dbbee36acc,01/01/2027 05:00:00,New Year's Day,NONE,CAD
dff7a500-37a9-4850-9c8d-fcc407194d9f,01/01/2027 05:00:00,New Year's Day,NONE,USD
46ab0924-447b-42e2-b253-26ae537d51ff,01/01/2027 12:00:00,"Day after New Year's Day ",NONE,NZD
0652c2ec-abdd-4bf3-8a4e-09ee31fb3ccf,01/01/2027 13:30:00,Average Hourly Earnings (MoM),HIGH,USD
983aad37-8ae4-43cf-a1d3-08640fd76477,01/01/2027 13:30:00,Average Hourly Earnings (YoY),HIGH,USD
17779eea-21c5-474c-a6cf-2cea57f3669d,01/01/2027 13:30:00,Average Weekly Hours,LOW,USD
8f3add65-ca16-4bd7-a4a4-3fe73e0a7fc6,01/01/2027 13:30:00,Labor Force Participation Rate,MEDIUM,USD
14cabcee-65bb-4584-89f0-c77bf5452f78,01/01/2027 13:30:00,Nonfarm Payrolls,HIGH,USD
984c1b4b-3f98-4387-afd2-6c2d58d679ad,01/01/2027 13:30:00,U6 Underemployment Rate,MEDIUM,USD
b9c4d656-c336-4c49-bd86-088615ad9fc0,01/01/2027 13:30:00,Unemployment Rate,MEDIUM,USD
a9d3d828-44ab-45dc-b8d5-367342abaf53,01/01/2027 16:00:00,New Years Holiday,NONE,CNY
ae1dd4fc-da7f-47ac-939d-5b40c342bb9f,01/01/2027 18:00:00,Baker Hughes US Oil Rig Count,LOW,USD
c944fa52-dd45-4528-8cb8-086fdcf29752,01/01/2027 20:30:00,CFTC AUD NC Net Positions,LOW,AUD
43ebca03-6fca-4b88-b16f-97405ab7f94e,01/01/2027 20:30:00,CFTC EUR NC Net Positions,LOW,EUR
577a059f-f58a-4779-ae8f-dea272b718e5,01/01/2027 20:30:00,CFTC JPY NC Net Positions,LOW,JPY
a905d1aa-8494-4761-b72f-81af820a734e,01/01/2027 20:30:00,CFTC GBP NC Net Positions,LOW,GBP
6be3921d-86b1-4955-ba8c-625553e18927,01/01/2027 20:30:00,CFTC Gold NC Net Positions,LOW,USD
854c7b75-1598-4ef5-abd3-66c5b28dda31,01/01/2027 20:30:00,CFTC Oil NC Net Positions,LOW,USD
48d0b1d0-c4cd-478f-b523-20ad99ccc649,01/01/2027 20:30:00,CFTC S&P 500 NC Net Positions,LOW,USD
1790c4db-9df8-4ec8-b816-63602e9d5639,01/03/2027 22:00:00,S&P Global Manufacturing PMI,LOW,AUD
dc5f7779-3dba-43a1-ab4b-2cdcc88f381f,01/03/2027 23:50:00,Monetary Base (YoY),LOW,JPY
b354051d-b80a-4356-92ce-c0daf518df46,01/04/2027 00:30:00,Jibun Bank Manufacturing PMI,LOW,JPY
66df0ae2-b422-47a0-9d37-fc933eca387b,01/04/2027 01:45:00,RatingDog Manufacturing PMI,HIGH,CNY
8d3fd9a3-597e-40b0-bd21-10ea8db87393,01/04/2027 05:30:00,RBA Commodity Index SDR (YoY),LOW,AUD
5d60333d-b543-44cf-b7f7-eab765f8c0a6,01/04/2027 07:30:00,Real Retail Sales (YoY),MEDIUM,CHF
7384efca-d66a-4214-907c-d33bb607fa5f,01/04/2027 08:00:00,Unemployment Change,LOW,EUR
6c3857f1-4140-4620-a35b-788e439732ff,01/04/2027 08:15:00,HCOB Manufacturing PMI,MEDIUM,EUR
b154d722-4400-4d07-8483-fba613a810d6,01/04/2027 08:30:00,SVME - Purchasing Managers' Index,LOW,CHF
f3f9be13-242f-4544-8db5-e8e6d961a84f,01/04/2027 08:45:00,HCOB Manufacturing PMI,MEDIUM,EUR
88e63bd8-93a6-410e-9a36-403c78aff31d,01/04/2027 08:50:00,HCOB Manufacturing PMI,LOW,EUR
30189c10-1164-4807-9937-2696d63a4731,01/04/2027 08:55:00,HCOB Manufacturing PMI,MEDIUM,EUR
896fe4cf-83f9-4057-8b9e-45557391dd15,01/04/2027 09:00:00,HCOB Manufacturing PMI,LOW,EUR
12c2d994-32cb-4c60-b0b0-b5e01e1e7d4d,01/04/2027 09:30:00,Sentix Investor Confidence,MEDIUM,EUR
738a490a-d416-4c28-86e7-6b1acf3f8447,01/04/2027 09:30:00,S&P Global Manufacturing PMI,LOW,GBP
ab58410c-dc1f-4f8f-b816-1d16ac7ab534,01/04/2027 14:30:00,S&P Global Manufacturing PMI,MEDIUM,CAD
d2abfbca-47e6-40a1-9d9d-f3349629b4ed,01/04/2027 14:45:00,S&P Global Manufacturing PMI,LOW,USD
f2600b0e-099f-4c76-a0cb-dea4c44cdacf,01/04/2027 15:00:00,Construction Spending (MoM),LOW,USD
32059714-d592-49b8-bd74-eb242994f4ce,01/04/2027 15:00:00,ISM Manufacturing Employment Index,MEDIUM,USD
aa5d6a14-d213-4ec0-ba62-f26596db3c2d,01/04/2027 15:00:00,ISM Manufacturing New Orders Index,MEDIUM,USD
11142892-63d4-4722-993a-052125f49c2a,01/04/2027 15:00:00,ISM Manufacturing PMI,HIGH,USD
01ee7c7e-2e50-40b8-ba5a-52e00f999f98,01/04/2027 15:00:00,ISM Manufacturing Prices Paid,MEDIUM,USD
a0b06f4e-0950-4012-9219-5ead757d738b,01/04/2027 16:30:00,3-Month Bill Auction,LOW,USD
3b7e7f02-f917-4822-8b52-eb6e7db7fd61,01/04/2027 16:30:00,6-Month Bill Auction,LOW,USD
6be96a4a-db03-46f5-90a9-e109805be733,01/04/2027 20:30:00,Total Vehicle Sales,LOW,USD
733f3313-959d-407a-b6bb-f54ebda86574,01/04/2027 21:45:00,Building Permits s.a. (MoM),MEDIUM,NZD
c3c23082-edfc-4f82-91c8-14d65778bf93,01/05/2027 00:01:00,BRC Like-For-Like Retail Sales (YoY),MEDIUM,GBP
ea4236df-a58e-4a12-b31c-ffb2d452fcf1,01/05/2027 00:30:00,Building Permits (MoM),MEDIUM,AUD
516272ab-f4ec-4ba5-9313-668c0d224adf,01/05/2027 00:30:00,Building Permits (YoY),LOW,AUD
3f0bdbb3-868e-4d83-a25e-7a313ea26af6,01/05/2027 05:00:00,Consumer Confidence Index,LOW,JPY
f3a678fd-7fa9-4899-ab81-91809375ff65,01/05/2027 07:30:00,Consumer Price Index (MoM),MEDIUM,CHF
1940e064-8bfc-4210-92ae-d0c9ecd81b1b,01/05/2027 07:30:00,Consumer Price Index (YoY),HIGH,CHF
85c35464-dc45-4dd3-abbf-8f6bde9b8c5c,01/05/2027 08:55:00,Unemployment Change,MEDIUM,EUR
0d0334fb-e17e-4394-9f97-b243570c6ba4,01/05/2027 08:55:00,Unemployment Rate s.a.,MEDIUM,EUR
1377532d-ccff-41e4-88fd-2a703c0d636e,01/05/2027 09:00:00,Baden-Wuerttemberg CPI (MoM),LOW,EUR
36bcf5bd-01bd-427f-aea3-e7b948477bd3,01/05/2027 09:00:00,Baden-Wuerttemberg CPI (YoY),LOW,EUR
0cde39ed-399d-4c9a-834a-6a5f994ffe5c,01/05/2027 09:00:00,Bavaria CPI (MoM),LOW,EUR
49fe3365-0a98-4f09-b320-cbd8b7aafabb,01/05/2027 09:00:00,Bavaria CPI (YoY),LOW,EUR
61216a21-fe98-4c9e-a360-d76b981aa7a5,01/05/2027 09:00:00,Brandenburg CPI (MoM),LOW,EUR
c52fa5af-ef87-4b43-ad02-0841c373bb61,01/05/2027 09:00:00,Brandenburg CPI (YoY),LOW,EUR
5a0e7d10-7c64-4753-975d-b2b4a3a893cb,01/05/2027 09:00:00,Hesse CPI (MoM),LOW,EUR
fbd6050c-11da-4228-ae8e-83d7e130de23,01/05/2027 09:00:00,Hesse CPI (YoY),LOW,EUR
ed65cd1d-5263-4668-b03d-7358f58b0823,01/05/2027 09:00:00,North Rhine-Westphalia CPI (MoM),LOW,EUR
c3d97bf5-51d8-4c9b-9c5b-6fb404c80777,01/05/2027 09:00:00,North Rhine-Westphalia CPI (YoY),LOW,EUR
6c617363-4857-4c7c-9b05-ca0f55dd6753,01/05/2027 09:00:00,Saxony CPI (MoM),LOW,EUR
bc010d4b-8500-47f1-8cbd-c44d5743953f,01/05/2027 09:00:00,Saxony CPI (YoY),LOW,EUR
81180008-3b86-45f5-a39e-84eda3c05087,01/05/2027 09:30:00,Consumer Credit,LOW,GBP
d9bb13e9-4ecc-4633-8539-0b96549fb487,01/05/2027 09:30:00,M4 Money Supply (MoM),LOW,GBP
a18cb6a3-8de2-4eb6-97c1-e8b6f1875525,01/05/2027 09:30:00,M4 Money Supply (YoY),LOW,GBP
4c46c5fd-667b-4eb9-b9cc-91991985a9f1,01/05/2027 09:30:00,Mortgage Approvals,LOW,GBP
9f2cbdfb-b636-4da3-83c4-041a97b97c23,01/05/2027 09:30:00,Net Lending to Individuals (MoM),LOW,GBP
313cfae0-b7fe-4129-b873-67b5f12bc0b8,01/05/2027 10:00:00,Producer Price Index (MoM),MEDIUM,EUR
22cda9cb-9f9c-4bc0-ad35-e1a69c25996f,01/05/2027 10:00:00,Producer Price Index (YoY),MEDIUM,EUR
516242f5-a84d-4f80-99bd-4bc77e28e337,01/05/2027 10:00:00,Unemployment Rate,MEDIUM,EUR
634ac09f-a9e1-4139-aa52-f5173904d720,01/05/2027 13:00:00,Consumer Price Index (MoM),HIGH,EUR
10dccf06-010a-47e0-a6b8-a60f865bfb88,01/05/2027 13:00:00,Consumer Price Index (YoY),HIGH,EUR
26eaa3c9-91ff-48cf-b3ab-e2494e2cd838,01/05/2027 13:00:00,Harmonized Index of Consumer Prices (MoM),MEDIUM,EUR
655e730b-ba4d-4a83-a0df-be78d1ebfa5c,01/05/2027 13:00:00,Harmonized Index of Consumer Prices (YoY),HIGH,EUR
93ca2172-954a-4f04-9724-c3dd62b1a47e,01/05/2027 13:30:00,Goods and Services Trade Balance,LOW,USD
1072b0a8-eab9-4fcf-a96f-c86b37abcc91,01/05/2027 13:30:00,Goods Trade Balance,LOW,USD
00c80777-b9fb-42e2-86a7-1e120d9d9f27,01/05/2027 13:55:00,Redbook Index (YoY),LOW,USD
04aec69f-4a86-42ae-ad75-411d19d46541,01/05/2027 15:00:00,GDT Price Index,LOW,NZD
6acaa0c9-2418-4f73-968e-c6237bfd449c,01/05/2027 15:00:00,JOLTS Job Openings,MEDIUM,USD
1d5276bf-8191-4fb1-8ee3-19508a9d88aa,01/05/2027 18:00:00,3-Year Note Auction,LOW,USD
4001bbbe-8fe1-451a-aa50-ee515f4fcc70,01/05/2027 21:30:00,API Weekly Crude Oil Stock,LOW,USD
9c7fdd01-c359-41e2-816d-c70b7d836503,01/05/2027 22:00:00,S&P Global Composite PMI,MEDIUM,AUD
53af9f42-12e7-442f-827b-f53ba9f23100,01/05/2027 22:00:00,S&P Global Services PMI,MEDIUM,AUD
0b2101a2-a5de-4043-9a3c-e74fddf5a04f,01/06/2027 00:00:00,ANZ Commodity Price,LOW,NZD
5ea7bbec-0f64-46b0-b4a8-c8104444c689,01/06/2027 00:30:00,Consumer Price Index (MoM),MEDIUM,AUD
2339ea18-73bb-4049-abc2-a262063c0520,01/06/2027 00:30:00,Consumer Price Index (YoY),HIGH,AUD
7f4d6087-651c-4ce4-9252-36a228375be7,01/06/2027 00:30:00,Trimmed Mean CPI (MoM),MEDIUM,AUD
9f7376bd-57d0-4698-a385-19a4df822afe,01/06/2027 00:30:00,Trimmed Mean CPI (YoY),HIGH,AUD
9db52dc6-6e24-48e0-a6fb-369b2abd8e1d,01/06/2027 00:30:00,Jibun Bank Services PMI,LOW,JPY
cac81470-8dad-4ab7-86d5-7b7077931bb9,01/06/2027 01:45:00,RatingDog Services PMI,HIGH,CNY
d16a1f52-c970-478f-b74e-a327cfd29c06,01/06/2027 05:00:00,Coincident Index,LOW,JPY
cf28ae4b-3674-4c1b-8402-4000c098781e,01/06/2027 05:00:00,Leading Economic Index,LOW,JPY
f638c7bf-4e18-4898-9c95-4b3e4802ee2d,01/06/2027 07:00:00,Factory Orders n.s.a. (YoY),MEDIUM,EUR
bfffaee0-d2da-43ae-a52e-809782020318,01/06/2027 07:00:00,Factory Orders s.a. (MoM),MEDIUM,EUR
bd86b1f0-ffce-45ee-8737-d1fb30012d8e,01/06/2027 08:15:00,HCOB Services PMI,MEDIUM,EUR
01a01e60-f0c7-4e65-b3be-580341532b0f,01/06/2027 08:45:00,HCOB Services PMI,LOW,EUR
45bec976-969b-4769-b954-43727de35d38,01/06/2027 08:50:00,HCOB Composite PMI,LOW,EUR
700b3107-c12d-4906-9f5c-075bb0a5e53b,01/06/2027 08:50:00,HCOB Services PMI,LOW,EUR
7a4ef25c-dec4-4c44-a9a4-de0168976a4d,01/06/2027 08:55:00,HCOB Composite PMI,MEDIUM,EUR
fc1489bb-41f5-455f-95f3-38d2aea119fa,01/06/2027 08:55:00,HCOB Services PMI,MEDIUM,EUR
1adec18b-e6ae-46f9-89f5-9d4eb83be8b5,01/06/2027 09:00:00,HCOB Composite PMI,MEDIUM,EUR
31996091-9835-4d11-a06c-c19584138cb3,01/06/2027 09:00:00,HCOB Services PMI,LOW,EUR
8d774af0-4369-4859-b298-f1e86a4acc0e,01/06/2027 09:30:00,S&P Global Composite PMI,LOW,GBP
99779cbf-a44d-4c11-a044-422629a6be39,01/06/2027 09:30:00,S&P Global Services PMI,LOW,GBP
d45660fa-daa8-4ac7-bd88-1a16aae7d801,01/06/2027 10:00:00,Retail Sales (MoM),MEDIUM,EUR
ba250aa2-c6ae-46db-b558-d90d48be2695,01/06/2027 10:00:00,Retail Sales (YoY),HIGH,EUR
bea0b01f-0356-4f36-9317-0e616c048887,01/06/2027 12:00:00,MBA Mortgage Applications,LOW,USD
124d9773-9579-4afa-8bc1-0ebf0e48c525,01/06/2027 13:15:00,ADP Employment Change,HIGH,USD
f208c242-6d02-4ce9-98db-a17a1309c633,01/06/2027 13:30:00,Exports,LOW,CAD
7aee43b2-f0c6-4828-adaf-12da48815b33,01/06/2027 13:30:00,Imports,LOW,CAD
c904c5e9-134d-42d4-b503-c1df001ed0c7,01/06/2027 13:30:00,International Merchandise Trade,LOW,CAD
693858c9-a05e-4208-8353-a6b7ead42782,01/06/2027 14:45:00,S&P Global Composite PMI,MEDIUM,USD
80c22502-0607-46f6-a10b-55d39aa3c835,01/06/2027 14:45:00,S&P Global Services PMI,LOW,USD
dfe26632-3fb7-44e4-b2cd-47afc27a9425,01/06/2027 15:00:00,Factory Orders (MoM),MEDIUM,USD
8e751f99-8136-45bd-820d-9d6f53c7acbf,01/06/2027 15:00:00,ISM Services Employment Index,MEDIUM,USD
e87e46de-8fb1-4569-ae7d-a7e5e6c77e12,01/06/2027 15:00:00,ISM Services New Orders Index,MEDIUM,USD
da06b4b7-a3cc-40c2-b641-3961b670cba0,01/06/2027 15:00:00,ISM Services PMI,HIGH,USD
8248d600-9194-465f-aa1f-3a66e7ff1751,01/06/2027 15:00:00,ISM Services Prices Paid,MEDIUM,USD
0e5e5ee4-17af-4263-a4aa-a6a179682bd3,01/06/2027 15:30:00,EIA Crude Oil Stocks Change,LOW,USD
9493b928-9383-489c-b888-467fd2096f84,01/06/2027 15:30:00,EIA Distillate Stocks Change,LOW,USD
2fe52b32-5152-41e4-8ec2-c0a04466f99c,01/06/2027 15:30:00,EIA Gasoline Stocks Change,LOW,USD
fad9426e-6077-4413-95f5-7f0ace760136,01/06/2027 15:30:00,EIA Heating Oil Stocks Change,LOW,USD
30f82e10-536e-44ab-92d3-870f745bb483,01/06/2027 18:00:00,10-Year Note Auction,LOW,USD
db5befcf-52ee-478b-9e1d-c77775a9eb34,01/06/2027 19:00:00,FOMC Minutes,HIGH,USD
332004c8-404a-43d1-8968-fddb729044c6,01/06/2027 23:50:00,Foreign Bond Investment,LOW,JPY
d5103a77-0598-4074-8574-20346c5b8128,01/06/2027 23:50:00,Foreign Investment in Japan Stocks,LOW,JPY
ce259526-bebd-4549-a2bc-fc6a5a0358e3,01/07/2027 00:30:00,Exports (MoM),MEDIUM,AUD
136b34b7-0fd6-46f1-92f4-b1bba249f95d,01/07/2027 00:30:00,Imports (MoM),MEDIUM,AUD
8afe888b-97f4-4c7a-a2d7-b5f9ab988f71,01/07/2027 00:30:00,Trade Balance (MoM),HIGH,AUD
47c0be33-c14f-4340-b42a-a1be6302ca95,01/07/2027 03:00:00,Exports (YoY),MEDIUM,CNY
9bbaf285-56fc-4c98-b203-b5e5195dc4d2,01/07/2027 03:00:00,Exports (YoY) CNY,MEDIUM,CNY
41bad616-7fdf-472b-a13d-e2c9eed8b5b4,01/07/2027 03:00:00,Imports (YoY),MEDIUM,CNY
c98afe67-9fc3-412f-b639-6e99d74755b9,01/07/2027 03:00:00,Imports (YoY) CNY,MEDIUM,CNY
5b4b1fd5-814d-4885-96b4-778bda480b5b,01/07/2027 03:00:00,Trade Balance CNY,MEDIUM,CNY
8658c603-eb36-45e5-8e93-de185dff67a0,01/07/2027 03:00:00,Trade Balance USD,MEDIUM,CNY
2944034f-2d4e-45e5-99c3-d5ccef9badbf,01/07/2027 03:35:00,10-y Bond Auction,LOW,JPY
3e27f616-06d1-48c7-b07e-a448f95b33fc,01/07/2027 06:45:00,Unemployment Rate s.a (MoM),LOW,CHF
50652344-d6d1-4b21-8908-11caf03ca8dd,01/07/2027 07:00:00,Exports (MoM),LOW,EUR
463db334-1d8a-4428-a8c2-6f443936fb2b,01/07/2027 07:00:00,Imports (MoM),LOW,EUR
161a328f-057c-49d2-b8fb-c70d1eb27a0a,01/07/2027 07:00:00,Industrial Production n.s.a. w.d.a. (YoY),MEDIUM,EUR
a398db62-a7ba-4b06-91a8-9f9981ecdb54,01/07/2027 07:00:00,Industrial Production s.a. (MoM),MEDIUM,EUR
677afee0-d17d-4479-8b9b-058ca275c65a,01/07/2027 07:00:00,Trade Balance s.a.,MEDIUM,EUR
d91ea092-b3bb-4702-8313-3f58382182a9,01/07/2027 07:00:00,Lloyds House Price Index (MoM),LOW,GBP
b3ffcdd2-77d0-498f-956e-2f92999219d6,01/07/2027 07:00:00,Lloyds House Price Index (YoY),LOW,GBP
71368e94-d328-424c-a9d3-0dc16db4d830,01/07/2027 07:45:00,Consumer Confidence,LOW,EUR
bab6514d-d518-4812-8f76-86d835fda0b8,01/07/2027 07:45:00,Consumer Price Index (EU norm) (MoM),LOW,EUR
a6753f8f-7c27-4885-94cd-f693f8521580,01/07/2027 07:45:00,Consumer Price Index (EU norm) (YoY),MEDIUM,EUR
0ed9d20f-7f06-49c3-b5a4-d85bd6fb1ab0,01/07/2027 07:45:00,Current Account,LOW,EUR
4edf9c99-44b5-4763-bddc-7c8f531e8ce8,01/07/2027 07:45:00,"Exports, EUR",LOW,EUR
50e472c3-fd49-42f2-91ba-eed7b647cdad,01/07/2027 07:45:00,"Imports, EUR",LOW,EUR
a964a74b-4b72-4563-aa26-11b277c6a766,01/07/2027 07:45:00,Trade Balance EUR,LOW,EUR
2306aa6a-2e47-4bf3-86d0-8a5dbefa4d99,01/07/2027 08:00:00,Foreign Currency Reserves,LOW,CHF
91258729-e054-4dce-b813-816341acdb54,01/07/2027 08:00:00,Foreign Exchange Reserves (MoM),LOW,CNY
611c731b-fdba-4c7c-93c4-6308de9d55b8,01/07/2027 09:00:00,Consumer Confidence,MEDIUM,EUR
d14dac52-7cf8-4bbd-8033-e13ccec91eb9,01/07/2027 09:30:00,S&P Global Construction PMI,LOW,GBP
073fbf06-2766-42e8-9e7b-a86351c738c6,01/07/2027 10:00:00,Business Climate,MEDIUM,EUR
70708fbc-7b97-4027-b71d-87803f72a46b,01/07/2027 10:00:00,Core Harmonized Index of Consumer Prices (MoM),HIGH,EUR
e5267de7-5c7f-4217-9134-e09c04ce3218,01/07/2027 10:00:00,Core Harmonized Index of Consumer Prices (YoY),HIGH,EUR
ea426da1-3e76-446b-a6e3-9de4c3d5a4f6,01/07/2027 10:00:00,Economic Sentiment Indicator,MEDIUM,EUR
96a88e3f-37bf-4e72-bf8b-7a0b2fa2a510,01/07/2027 10:00:00,Harmonized Index of Consumer Prices (MoM),HIGH,EUR
10d0bad0-e95e-423c-9368-281899409be6,01/07/2027 10:00:00,Harmonized Index of Consumer Prices (YoY),HIGH,EUR
cc89663c-5b95-4d08-9549-d014ae11db70,01/07/2027 10:00:00,Industrial Confidence,LOW,EUR
5ee54c05-bb24-4052-a414-60be1af098f5,01/07/2027 10:00:00,Services Sentiment,LOW,EUR
544e5f99-11b1-4315-be1f-228b1e6a68f5,01/07/2027 10:30:00,Challenger Job Cuts,MEDIUM,USD
7346082b-a6d7-423f-a970-64aa2e87384b,01/07/2027 13:30:00,Continuing Jobless Claims,LOW,USD
e8abc21c-06b7-4bb6-b0e5-98914a5df8c4,01/07/2027 13:30:00,Initial Jobless Claims,MEDIUM,USD
de2032bf-888b-4ad4-af3c-80d28b1f2f15,01/07/2027 13:30:00,Initial Jobless Claims 4-week average,LOW,USD
e273a4a6-5080-4e59-abcc-764f17e7baab,01/07/2027 15:00:00,Ivey Purchasing Managers Index,MEDIUM,CAD
684317b2-25be-4116-87fc-b7ee237b2b76,01/07/2027 15:00:00,Ivey Purchasing Managers Index s.a,MEDIUM,CAD
3a991a68-4799-4905-994f-929ab6e07a88,01/07/2027 15:30:00,EIA Natural Gas Storage Change,LOW,USD
7b0eb077-27ef-44cb-91db-e1a45dc88952,01/07/2027 16:30:00,4-Week Bill Auction,LOW,USD
51560ab0-b98e-455d-b488-45c90377adbc,01/07/2027 18:00:00,30-Year Bond Auction,LOW,USD
d6959b80-f699-4ead-a8a3-85c6940c6564,01/07/2027 20:00:00,Consumer Credit Change,LOW,USD
336a5856-bcae-477d-aeb2-9f028c9d6047,01/07/2027 23:30:00,Labor Cash Earnings (YoY),MEDIUM,JPY
6a6524dd-6e47-4610-a383-f1a1271c735a,01/07/2027 23:30:00,Overall Household Spending (YoY),LOW,JPY
f841777e-c6d7-4363-82fe-fe47222c5773,01/07/2027 23:30:00,Tokyo Consumer Price Index (YoY),HIGH,JPY
bcc0c66a-9096-4ce6-af63-09339aa3b722,01/07/2027 23:30:00,"Tokyo CPI ex Food, Energy (YoY)",HIGH,JPY
312b5837-57d5-43bb-9310-57674cdb025c,01/07/2027 23:30:00,Tokyo CPI ex Fresh Food (YoY),MEDIUM,JPY
a834defa-796c-4108-be84-f610ab6e6268,01/07/2027 23:50:00,Current Account n.s.a.,MEDIUM,JPY
b3f10eb1-f297-4747-a3dd-db5205c0f72b,01/07/2027 23:50:00,JP Foreign Reserves,LOW,JPY
fb09c7f9-ab2c-4ba4-ad83-b084007d9d21,01/07/2027 23:50:00,Trade Balance - BOP Basis,LOW,JPY
c4bd0c09-ac91-4a82-9758-d8145419036e,01/08/2027 05:00:00,Eco Watchers Survey: Current,LOW,JPY
ee1ffab6-6cd1-4c42-a8ec-bf75cf853481,01/08/2027 05:00:00,Eco Watchers Survey: Outlook,LOW,JPY
b4935c89-4b61-44d9-baf6-baa33795cd92,01/08/2027 07:00:00,Retail Sales (MoM),MEDIUM,EUR
5c092882-3f40-476a-acc0-8d1c94d987d8,01/08/2027 07:00:00,Retail Sales (YoY),HIGH,EUR
5bb38a11-7ca0-4d2f-be91-e5045097f3ff,01/08/2027 07:45:00,Consumer Spending (MoM),LOW,EUR
d8ddd9db-ee58-44b8-87cb-2818a27aa1f2,01/08/2027 07:45:00,Industrial Output (MoM),LOW,EUR
816aaa26-d27a-45ad-8f9c-8410396460de,01/08/2027 08:00:00,Industrial Output Cal Adjusted (YoY),LOW,EUR
44c22c5a-670a-4fbc-8cb6-097d5730d243,01/08/2027 09:00:00,Industrial Output s.a. (MoM),LOW,EUR
ec4927dd-628e-425e-94c7-f0254832c4ab,01/08/2027 09:00:00,Industrial Output w.d.a (YoY),LOW,EUR
23fd5163-eae8-4616-82a2-de1f3e50bf1f,01/08/2027 09:00:00,Retail Sales n.s.a (YoY),LOW,EUR
fe001025-f65d-41cd-b40a-971b6b5b547a,01/08/2027 09:00:00,Retail Sales s.a. (MoM),LOW,EUR
5411d589-8650-4d44-a7bc-744681ba66f8,01/08/2027 09:00:00,Unemployment,LOW,EUR
fbe7a311-6b28-44fa-85a7-a47ce0bd8c64,01/08/2027 10:00:00,Consumer Price Index (EU Norm) (MoM),LOW,EUR
f265e663-667d-4336-9722-b2337d5f38b4,01/08/2027 10:00:00,Consumer Price Index (EU Norm) (YoY),MEDIUM,EUR
b08cab51-6ce5-4dd8-873a-8877bd6664d4,01/08/2027 10:00:00,Consumer Price Index (MoM),LOW,EUR
11d2b0a8-060f-4730-8d8f-a8adb4e9c4f2,01/08/2027 10:00:00,Consumer Price Index (YoY),MEDIUM,EUR
916ea4bb-5e92-4bf2-b1e5-e785a5eed32c,01/08/2027 10:00:00,Public Deficit/GDP,LOW,EUR
215db18f-c934-46ef-a51f-387b4b8437c5,01/08/2027 13:30:00,Average Hourly Wages (YoY),MEDIUM,CAD
03114292-4d79-41b2-91c8-f0e292caa1a1,01/08/2027 13:30:00,Net Change in Employment,HIGH,CAD
7f5c003b-6102-45a4-a80b-4aaf4f14ee58,01/08/2027 13:30:00,Participation Rate,LOW,CAD
b136e3ad-d366-4207-87e3-3a00d8bddb22,01/08/2027 13:30:00,Unemployment Rate,HIGH,CAD
425d30d6-5fd7-4f03-b51c-c35f18f8dbf0,01/08/2027 15:00:00,Michigan Consumer Expectations Index,MEDIUM,USD
744ee24d-ad3c-4701-86ec-4965b324a3f2,01/08/2027 15:00:00,Michigan Consumer Sentiment Index,HIGH,USD
bb085c3f-e76c-468c-8e88-1e4512eca9e1,01/08/2027 15:00:00,UoM 1-year Consumer Inflation Expectations,MEDIUM,USD
0f94da05-4206-45a8-8ecf-18c168a5c79e,01/08/2027 15:00:00,UoM 5-year Consumer Inflation Expectation,MEDIUM,USD
536986db-be7d-4d8f-a07d-77b7db434df3,01/08/2027 15:00:00,Wholesale Inventories,LOW,USD
f30afd9c-03a7-49c4-b42b-5503d1c8c646,01/08/2027 18:00:00,Baker Hughes US Oil Rig Count,LOW,USD
1f013567-82be-4452-b5ba-8a9b305a2cf5,01/08/2027 20:30:00,CFTC AUD NC Net Positions,LOW,AUD
1251c18e-a658-4312-af36-4cc50778806f,01/08/2027 20:30:00,CFTC EUR NC Net Positions,LOW,EUR
97d6ad7e-f34b-4672-957b-ba8a2e49bbdd,01/08/2027 20:30:00,CFTC JPY NC Net Positions,LOW,JPY
d980fca7-eed0-4e20-a4e4-64687ea27915,01/08/2027 20:30:00,CFTC GBP NC Net Positions,LOW,GBP
22b88b9a-7ef7-4e81-ad56-b6dfb62309c6,01/08/2027 20:30:00,CFTC Gold NC Net Positions,LOW,USD
72019245-f962-4e85-ae05-cacc0b2d8021,01/08/2027 20:30:00,CFTC Oil NC Net Positions,LOW,USD
260ce50c-7bf1-4bf6-86a9-903afc5c6db1,01/08/2027 20:30:00,CFTC S&P 500 NC Net Positions,LOW,USD
152cfbcc-6e59-4687-bd12-4f028d81a51c,01/09/2027 01:30:00,Consumer Price Index (MoM),MEDIUM,CNY
99b3d1fa-9a49-417a-9ff9-3c2fcc0bb160,01/09/2027 01:30:00,Consumer Price Index (YoY),HIGH,CNY
ebae0e8a-6724-4ba9-a95d-cf535de69f67,01/09/2027 01:30:00,Producer Price Index (YoY),MEDIUM,CNY
0302045b-dd9e-4393-8504-5b21c5591f51,01/10/2027 15:00:00,Coming-of-Age Day,NONE,JPY
0ed934a4-43d8-4c84-9c07-99b8a072ce3d,01/11/2027 00:00:00,TD-MI Inflation Gauge (MoM),LOW,AUD
6ee46d53-7379-4ae2-8045-91100fc86eda,01/11/2027 00:00:00,TD-MI Inflation Gauge (YoY),MEDIUM,AUD
fccf5ad8-136d-4f08-ab5b-9bf260bbefc1,01/11/2027 00:30:00,ANZ Job Advertisements,LOW,AUD
35f780fe-19ea-4b7e-83bc-e7786df5f9bf,01/11/2027 16:30:00,3-Month Bill Auction,LOW,USD
874546ac-091a-4af2-972d-a2d686891795,01/11/2027 16:30:00,6-Month Bill Auction,LOW,USD
2c76cdbc-06dd-41db-93d5-a52fb018f690,01/11/2027 21:45:00,Visitor Arrivals (YoY),LOW,NZD
c30d988b-257b-4a94-a721-3f679290f00f,01/11/2027 23:30:00,Westpac Consumer Confidence,MEDIUM,AUD
ba16b146-361a-40a5-98de-86860b101c6c,01/11/2027 23:50:00,Bank Lending (YoY),LOW,JPY
660a76c1-3b69-4e66-95cc-14b129572632,01/11/2027 23:50:00,Money Supply M2+CD (YoY),LOW,JPY
7ec3278e-0037-4946-9ebe-ed2dbd084403,01/11/2027 23:50:00,Producer Price Index (MoM),LOW,JPY
1cf5640f-cb70-48ed-a0cd-e4d5fdd1b085,01/11/2027 23:50:00,Producer Price Index (YoY),LOW,JPY
808198ca-b751-4f71-a9f2-5e87169d1525,01/12/2027 11:00:00,NFIB Business Optimism Index,LOW,USD
ac5333e8-da45-4233-acbd-55374ed50450,01/12/2027 13:15:00,ADP Employment Change 4-week average,MEDIUM,USD
1442a687-00b5-49de-b46f-4c9abe6d7cf7,01/12/2027 13:55:00,Redbook Index (YoY),LOW,USD
08041b3d-d564-4b20-917c-03c83db4361d,01/12/2027 15:00:00,RealClearMarkets/TIPP Economic Optimism (MoM),LOW,USD
6c56ddc7-1167-429d-890b-93f6082dd75a,01/12/2027 19:00:00,Monthly Budget Statement,MEDIUM,USD
0982e0c6-cdf8-43d0-8604-b71a194b5e23,01/12/2027 21:30:00,API Weekly Crude Oil Stock,LOW,USD
9bb61e18-abf9-49ac-ba04-8205d8f2cf55,01/12/2027 21:45:00,Food Price Index (MoM),LOW,NZD
1999cb48-b363-48d6-b75c-81ee7db6ead8,01/13/2027 06:00:00,Machine Tool Orders (YoY),LOW,JPY
ca2f57bf-303d-4a47-84a0-0e6736c1c25f,01/13/2027 10:00:00,Industrial Production s.a. (MoM),MEDIUM,EUR
8384e288-5ef5-4309-b001-363909eb4b1e,01/13/2027 10:00:00,Industrial Production w.d.a. (YoY),LOW,EUR
d714d231-a054-47bc-ab3b-7e0d5423f182,01/13/2027 12:00:00,MBA Mortgage Applications,LOW,USD
135822a9-bd43-403d-ac36-649bcb51e21b,01/13/2027 13:30:00,Producer Price Index (MoM),MEDIUM,USD
fd6f7695-63a9-4d3b-96e3-86386cdc70ce,01/13/2027 13:30:00,Producer Price Index (YoY),MEDIUM,USD
e6799b19-9dc8-4760-b966-683d1b5c5b8d,01/13/2027 13:30:00,Producer Price Index ex Food & Energy (MoM),MEDIUM,USD
72d17361-91b6-424a-ac84-b02edfa0eaa5,01/13/2027 13:30:00,Producer Price Index ex Food & Energy (YoY),HIGH,USD
a04de9ad-22da-4a98-8446-c9b350ce3097,01/13/2027 15:30:00,EIA Crude Oil Stocks Change,LOW,USD
c0c2234c-22e9-476f-81da-03e51ff44353,01/13/2027 15:30:00,EIA Distillate Stocks Change,LOW,USD
e5b92c80-9eb6-402d-9450-32f9bfc371e5,01/13/2027 15:30:00,EIA Gasoline Stocks Change,LOW,USD
5589d1cc-d681-4237-958c-3f227af7cbf3,01/13/2027 15:30:00,EIA Heating Oil Stocks Change,LOW,USD
5b29a626-4ec3-4e4b-bf12-9d3e83307849,01/13/2027 21:45:00,Electronic Card Retail Sales  (MoM),LOW,NZD
44f5c0e6-e93a-47d6-9ec0-3ab34c0bd36b,01/13/2027 21:45:00,Electronic Card Retail Sales (YoY),LOW,NZD
4443dfe5-a1f5-41a4-873f-7597333b9a9b,01/14/2027 00:00:00,Consumer Inflation Expectations,MEDIUM,AUD
674c2115-df01-48ab-9439-d2f24a38f651,01/14/2027 00:01:00,RICS Housing Price Balance,LOW,GBP
6a70bc4e-0c10-44ef-ab1a-de8d0c43dc71,01/14/2027 00:30:00,Employment Change s.a.,HIGH,AUD
78a42937-7610-4749-a236-9bec7573e916,01/14/2027 00:30:00,Full-Time Employment,MEDIUM,AUD
dfdad8b4-129c-4f76-ad5f-a1c265de3c20,01/14/2027 00:30:00,Part-Time Employment,MEDIUM,AUD
2b74f7ab-b503-4dce-91b8-eeff4cb4c75f,01/14/2027 00:30:00,Participation Rate,MEDIUM,AUD
5cf0828e-3aad-4d30-bc6e-2f54015d69ae,01/14/2027 00:30:00,Unemployment Rate s.a.,HIGH,AUD
dce7114d-bdff-454e-a7fd-85916f411c50,01/14/2027 07:45:00,Budget Balance,LOW,EUR
dfcc87d9-8343-48db-a97c-6d0ae5ba84d8,01/14/2027 09:00:00,Real GDP Growth,LOW,EUR
0806a676-aab7-4d7e-b58e-4d9312daff01,01/14/2027 09:30:00,BoE Credit Conditions Survey,LOW,GBP
78e34b26-48f5-4075-a058-47f15a0c1fea,01/14/2027 12:00:00,NIESR GDP Estimate (3M),LOW,GBP
76bcd192-425e-40ef-97aa-baf4845309dc,01/14/2027 13:30:00,Wholesale Sales (MoM),LOW,CAD
16f02531-23b3-434d-824f-90d417240558,01/14/2027 13:30:00,Current Account n.s.a.,LOW,EUR
8b587f98-a24c-4fb3-9a02-2eac50afc7e2,01/14/2027 13:30:00,Consumer Price Index (MoM),HIGH,USD
f997a3c2-69c3-4785-b3cf-0fd2365f6cbf,01/14/2027 13:30:00,Consumer Price Index (YoY),HIGH,USD
f98f0317-666c-4e30-87e4-808460864f99,01/14/2027 13:30:00,Consumer Price Index Core s.a,LOW,USD
02c6975e-eef6-43d8-8b6a-c2f2ef1f3c4b,01/14/2027 13:30:00,Consumer Price Index ex Food & Energy (MoM),HIGH,USD
d7916369-143f-4fc8-9ecd-a5a7cefb90c2,01/14/2027 13:30:00,Consumer Price Index ex Food & Energy (YoY),HIGH,USD
e3887aca-7a99-4036-96c3-896c58390926,01/14/2027 13:30:00,Consumer Price Index n.s.a (MoM),LOW,USD
e3cc6793-b740-4273-90ad-550b4c639e03,01/14/2027 13:30:00,Continuing Jobless Claims,LOW,USD
5d05fa87-054f-4edd-8c8d-17a383d0c04a,01/14/2027 13:30:00,Export Price Index (MoM),LOW,USD
78a6a420-8d61-4e71-8046-6651c346869c,01/14/2027 13:30:00,Export Price Index (YoY),LOW,USD
2b019fae-3ab8-41b4-815e-614a4b94fc72,01/14/2027 13:30:00,Import Price Index (MoM),LOW,USD
06f89bea-e902-42a3-9a8f-411a11a284b5,01/14/2027 13:30:00,Import Price Index (YoY),LOW,USD
5d24f77b-6de2-4790-b0a6-421e3c7041ae,01/14/2027 13:30:00,Initial Jobless Claims,MEDIUM,USD
3e5f9bd8-8454-4ea2-a2f3-beb29c8d9400,01/14/2027 13:30:00,Initial Jobless Claims 4-week average,LOW,USD
d996ee37-1162-4bc5-a45e-cd23eb3312b8,01/14/2027 15:30:00,EIA Natural Gas Storage Change,LOW,USD
d12ffba5-25f4-4b80-adc6-dee3ede6317d,01/14/2027 16:30:00,4-Week Bill Auction,LOW,USD
24fe1ae9-cf11-465f-99a5-71187c14ea28,01/14/2027 21:30:00,Business NZ PMI,MEDIUM,NZD
61f57f63-6f7e-48eb-9ef6-b0370236bd41,01/15/2027 01:30:00,"House Price Index ",LOW,CNY
eb025004-c323-4f56-be99-ac4db7934084,01/15/2027 02:00:00,Fixed Asset Investment (YTD) (YoY),LOW,CNY
9d9e1f29-3459-4f79-8ef8-733a15a19937,01/15/2027 02:00:00,Industrial Production (YoY),HIGH,CNY
b5316df1-2d6d-4ca3-a998-f48e815407d6,01/15/2027 02:00:00,Retail Sales (YoY),HIGH,CNY
c0ab69c4-3153-4bcb-b5c4-ef620dda098d,01/15/2027 04:30:00,Capacity Utilization,LOW,JPY
9fc649ce-1915-4b61-93e7-d8df21644cf4,01/15/2027 04:30:00,Industrial Production (MoM),LOW,JPY
1ffc57df-f752-465a-9c6e-79da002385b6,01/15/2027 04:30:00,Industrial Production (YoY),LOW,JPY
6f208b31-83bd-4adb-a1fa-374b3bbf3a2a,01/15/2027 04:30:00,Tertiary Industry Index (MoM),LOW,JPY
e0817974-fadf-408b-accc-b5e1720b88df,01/15/2027 07:00:00,Consumer Price Index (MoM),LOW,EUR
904b9d1d-4462-45b2-9df1-f2007ace3990,01/15/2027 07:00:00,Consumer Price Index (YoY),LOW,EUR
f33d21bf-0d37-482e-9a9e-6b1c003fb23d,01/15/2027 07:00:00,Harmonized Index of Consumer Prices (MoM),MEDIUM,EUR
22a28d9a-ad38-4cad-b084-fb6ca1553759,01/15/2027 07:00:00,Harmonized Index of Consumer Prices (YoY),HIGH,EUR
13a52962-cfec-4996-8c19-bfdb31cba3e0,01/15/2027 07:00:00,Wholesale Price Index (MoM),LOW,EUR
1053f2a2-0db8-4a83-a27f-beeb9de1921d,01/15/2027 07:00:00,Wholesale Price Index (YoY),LOW,EUR
fa6ba9d5-6df9-4cda-97ed-f34a02deb766,01/15/2027 07:00:00,Goods Trade Balance,LOW,GBP
eeffa4ea-3c1f-4a20-9a52-e41edded44ad,01/15/2027 07:00:00,Gross Domestic Product (MoM),MEDIUM,GBP
ffd58d78-0d38-43d7-989b-2ec3322b947a,01/15/2027 07:00:00,Index of Services (3M/3M),LOW,GBP
fef2b9d9-79eb-4ded-8082-d0e82e282eb5,01/15/2027 07:00:00,Industrial Production (MoM),MEDIUM,GBP
bad78a41-9e21-4acc-b311-26420097dd35,01/15/2027 07:00:00,Industrial Production (YoY),LOW,GBP
039b8cc7-9a3a-4b94-a68d-0058cc0cca2d,01/15/2027 07:00:00,Manufacturing Production (MoM),MEDIUM,GBP
786bf9f4-3575-4989-82b9-78afec7c9376,01/15/2027 07:00:00,Manufacturing Production (YoY),LOW,GBP
c3ea92ab-0fa3-4d8d-9d53-ace26184ba48,01/15/2027 07:00:00,Total Trade Balance,LOW,GBP
f9035a5b-1129-4307-ad5d-caee73457f39,01/15/2027 07:00:00,Trade Balance; non-EU,LOW,GBP
bc73fd55-36f3-481d-9ec8-bf2b074a5464,01/15/2027 07:45:00,Consumer Price Index (EU norm) (MoM),LOW,EUR
873581f5-625d-4989-b873-26320eddcc66,01/15/2027 07:45:00,Consumer Price Index (EU norm) (YoY),MEDIUM,EUR
aaab78ed-fedc-4ea3-a3e9-55d7e62c2675,01/15/2027 07:45:00,Inflation ex-tobacco (MoM),LOW,EUR
af85925a-1e79-4300-a05e-9eee6ca024fa,01/15/2027 08:00:00,Consumer Price Index (MoM),LOW,EUR
39a7b97f-4d3f-4c18-8fc8-0a9599ff9da7,01/15/2027 08:00:00,Consumer Price Index (YoY),LOW,EUR
5797cebc-af19-4e17-ac7e-3b721de90ed7,01/15/2027 08:00:00,Harmonized Index of Consumer Prices (MoM),LOW,EUR
b7aba029-9a63-4960-95d4-cd0acaaeba9f,01/15/2027 08:00:00,Harmonized Index of Consumer Prices (YoY),MEDIUM,EUR
22e75fdc-23e6-4045-8904-9f92d61a0261,01/15/2027 09:00:00,Global Trade Balance,LOW,EUR
c98295a3-61d4-46cc-819c-b3cd433d237c,01/15/2027 09:00:00,Trade Balance EU,LOW,EUR
b9a94aea-e4b1-4003-b6b9-64fb557964ad,01/15/2027 10:00:00,M2 Money Supply (YoY),LOW,CNY
71d864de-f0cf-4ed4-8c33-7859674c5dba,01/15/2027 10:00:00,New Loans,LOW,CNY
dae5f7f1-9c5a-4f69-9dea-32e259468aff,01/15/2027 10:00:00,Trade Balance n.s.a.,LOW,EUR
64ec9ff2-f77c-46b9-a09c-85a23c16e95e,01/15/2027 10:00:00,Trade Balance s.a.,LOW,EUR
b66d12d5-7478-4a35-984e-3fc03c15563a,01/15/2027 13:30:00,Building Permits (MoM),LOW,CAD
b1085918-d3ae-4b20-9337-85eb94051c62,01/15/2027 13:30:00,Manufacturing Sales (MoM),LOW,CAD
121f2acd-118c-424c-a7eb-06803fceec6d,01/15/2027 13:30:00,NY Empire State Manufacturing Index,MEDIUM,USD
2d3c413c-3bbb-4eba-9564-829cece732c8,01/15/2027 13:30:00,Retail Sales (MoM),HIGH,USD
b087325a-8f33-4118-99e2-bcb4dfffb82a,01/15/2027 13:30:00,Retail Sales (YoY),LOW,USD
8433253b-360d-455f-83a7-6bf4dabb3ed4,01/15/2027 13:30:00,Retail Sales Control Group,HIGH,USD
27348f82-7923-4177-8e83-34e73837a646,01/15/2027 13:30:00,Retail Sales ex Autos (MoM),MEDIUM,USD
2e971a21-fee8-44cd-b733-0e2b65c6f58f,01/15/2027 14:15:00,Capacity Utilization,LOW,USD
d56b7f95-3cdd-47ab-92e8-c683cf088c92,01/15/2027 14:15:00,Industrial Production (MoM),MEDIUM,USD
daf5bb37-2aca-417e-a30a-834de4330720,01/15/2027 15:00:00,Business Inventories,LOW,USD
e082d42f-d7d8-4b77-8c0f-89e6a430d831,01/15/2027 18:00:00,Baker Hughes US Oil Rig Count,LOW,USD
4ed1e06e-b765-4e01-868d-e5d2ea5c8f7e,01/15/2027 20:30:00,CFTC AUD NC Net Positions,LOW,AUD
1861cf21-8e7f-47d1-9b0f-fd6fe3a96065,01/15/2027 20:30:00,CFTC EUR NC Net Positions,LOW,EUR
e1dc5303-2bab-4c37-a482-89db3e37755a,01/15/2027 20:30:00,CFTC JPY NC Net Positions,LOW,JPY
4efa7571-24cd-40e0-bcfd-b9c033658f7b,01/15/2027 20:30:00,CFTC GBP NC Net Positions,LOW,GBP
59fffe72-2910-42b9-87c0-add67a104b84,01/15/2027 20:30:00,CFTC Gold NC Net Positions,LOW,USD
c62eade5-05a5-46c5-9834-111abd641416,01/15/2027 20:30:00,CFTC Oil NC Net Positions,LOW,USD
25d3e281-f888-44dd-b400-8264fe5e1436,01/15/2027 20:30:00,CFTC S&P 500 NC Net Positions,LOW,USD
414137e3-867d-4cd0-9610-16fd90962097,01/17/2027 23:50:00,Machinery Orders (MoM),LOW,JPY
8dd16026-c821-40b3-8c32-f1f9b10f2eee,01/17/2027 23:50:00,Machinery Orders (YoY),LOW,JPY
d8078d89-7a83-426f-aa70-2dd1d729876e,01/18/2027 00:01:00,Rightmove House Price Index (MoM),LOW,GBP
2f7b076f-cf9e-45e5-a89b-a57f4aaa4e85,01/18/2027 00:01:00,Rightmove House Price Index (YoY),LOW,GBP
5591e283-31e2-4b01-aeca-88abf1d338e4,01/18/2027 02:00:00,Gross Domestic Product (QoQ),HIGH,CNY
67262a51-6537-40ec-8fb3-7de2da1b976d,01/18/2027 02:00:00,Gross Domestic Product (YoY),HIGH,CNY
3bc61cb7-8016-4001-b37f-0b984aa35bdc,01/18/2027 05:00:00,Martin L. King's Birthday,NONE,USD
a2228d49-843d-4316-9d7e-92c25450bff5,01/18/2027 09:00:00,FDI - Foreign Direct Investment (YTD) (YoY),LOW,CNY
86d42512-d8e8-48cc-a97e-c276da763e38,01/18/2027 09:00:00,Consumer Price Index (EU Norm) (MoM),LOW,EUR
71844cf8-0446-47d3-9ef0-61cf96812030,01/18/2027 09:00:00,Consumer Price Index (EU Norm) (YoY),MEDIUM,EUR
d1f8a74d-b672-46b6-9f8e-5a2946e055db,01/18/2027 09:00:00,Consumer Price Index (MoM),LOW,EUR
6ce849e3-2ce4-49e8-9106-b1e7b1ff42f6,01/18/2027 09:00:00,Consumer Price Index (YoY),MEDIUM,EUR
dd425e2a-2bf2-4dc2-9a41-133a71e982ac,01/18/2027 11:00:00,German Buba Monthly Report,MEDIUM,EUR
e7ef6268-3985-482c-8ca5-8e4e6648ad80,01/18/2027 13:15:00,Housing Starts s.a (YoY),LOW,CAD
844f895d-4b21-4d68-9645-84864902ed54,01/18/2027 13:30:00,BoC Consumer Price Index Core (MoM),MEDIUM,CAD
00a65e07-4bb3-43a4-8776-a3ea13a1e73b,01/18/2027 13:30:00,BoC Consumer Price Index Core (YoY),HIGH,CAD
b877741b-832f-4a66-aff4-de31eaee65d7,01/18/2027 13:30:00,Canadian Portfolio Investment in Foreign Securities,LOW,CAD
f04756ee-75e5-46f2-ab35-99c262103765,01/18/2027 13:30:00,Consumer Price Index - Core (MoM),LOW,CAD
5ddd17c5-a1bd-4dbe-a9bf-4bb348a5975e,01/18/2027 13:30:00,Consumer Price Index (MoM),MEDIUM,CAD
01af2b58-d689-4d7a-98d0-775202fb6b34,01/18/2027 13:30:00,Consumer Price Index (YoY),HIGH,CAD
65c65c05-3089-4114-aee3-3ff928bb9ee2,01/18/2027 13:30:00,Foreign Portfolio Investment in Canadian Securities,LOW,CAD
cd0f197a-5605-4c4b-a883-ce6fa37fb639,01/18/2027 15:00:00,NAHB Housing Market Index,LOW,USD
231674a4-2abe-4974-a54a-59e6223841c6,01/18/2027 15:30:00,Bank of Canada Business Outlook Survey,MEDIUM,CAD
49796f53-cdb7-49c8-9cce-d1b5d41af116,01/18/2027 16:30:00,3-Month Bill Auction,LOW,USD
16990ca9-52a0-4db4-8bec-f84220c376d1,01/18/2027 16:30:00,6-Month Bill Auction,LOW,USD
5ffd00a5-2ee5-4ecd-9889-1962af39fdba,01/18/2027 21:00:00,NZIER Business Confidence (QoQ),MEDIUM,NZD
ab3729c0-eaff-4b1a-8f42-f67de1d9b0d1,01/18/2027 21:30:00,Business NZ PSI,MEDIUM,NZD
8d9764b0-096f-478b-a9fb-586f3b6ae00e,01/19/2027 07:00:00,Average Earnings Excluding Bonus (3Mo/Yr),MEDIUM,GBP
39eb3a6d-1e3f-4343-899c-c18989621f7b,01/19/2027 07:00:00,Average Earnings Including Bonus (3Mo/Yr),MEDIUM,GBP
6b5dab65-5276-4c0b-ad3f-73af1460123d,01/19/2027 07:00:00,Claimant Count Change,HIGH,GBP
d77d7d2a-b270-4e57-8fc6-d1ad15362db9,01/19/2027 07:00:00,Claimant Count Rate,MEDIUM,GBP
d2ee12aa-2a63-48d7-8853-1bc11fc008af,01/19/2027 07:00:00,Employment Change (3M),HIGH,GBP
9e665918-d91a-423c-9ca9-2397f7e61ff3,01/19/2027 07:00:00,ILO Unemployment Rate (3M),HIGH,GBP
1ce5d3a8-831f-423d-b794-0514ffbf6590,01/19/2027 07:30:00,Producer and Import Prices (MoM),LOW,CHF
3e4d9ae8-6281-46b7-aa5f-d4df2cc1aeba,01/19/2027 07:30:00,Producer and Import Prices (YoY),LOW,CHF
67d27429-ae8b-4e32-9ef1-bf46c3d6054c,01/19/2027 09:00:00,Current Account n.s.a,LOW,EUR
b7d4260e-d432-429a-a1a3-77d1b02cc1a0,01/19/2027 09:00:00,Current Account s.a,LOW,EUR
a367ec9b-3f9f-48de-8d6c-93a94b0fc775,01/19/2027 10:00:00,ZEW Survey – Current Situation,MEDIUM,EUR
89d71d02-4599-4fa2-80ff-cc7bc2e69092,01/19/2027 10:00:00,ZEW Survey – Economic Sentiment,MEDIUM,EUR
8ced0aa0-064b-4620-afbd-77bbb01dbb61,01/19/2027 10:00:00,ZEW Survey – Economic Sentiment,MEDIUM,EUR
294bc416-09a2-4058-bf19-af57c038bdd7,01/19/2027 13:15:00,ADP Employment Change 4-week average,MEDIUM,USD
ebc22175-d069-4d30-bb14-35588caf2409,01/19/2027 13:30:00,Building Permits (MoM),MEDIUM,USD
944608d9-7d82-4a7d-a27d-c0ce32a2e158,01/19/2027 13:30:00,Building Permits Change,LOW,USD
e1145c6c-f6e9-447e-83d9-19f0f48773aa,01/19/2027 13:30:00,Housing Starts (MoM),MEDIUM,USD
9e87b1e8-b1de-437c-8ef7-4d5bb29d9185,01/19/2027 13:30:00,Housing Starts Change,LOW,USD
45c45675-0f7c-449e-8162-ec6a113f5c0e,01/19/2027 13:55:00,Redbook Index (YoY),LOW,USD
8ffa17cf-c0f5-45d2-ba03-f7107f071d51,01/19/2027 15:00:00,GDT Price Index,LOW,NZD
53b0d906-4a10-4a07-9f8e-88f35cfe31f2,01/19/2027 15:30:00,52-Week Bill Auction,LOW,USD
42c0001f-c7e8-499f-82db-af61519fbd73,01/19/2027 21:00:00,Net Long-Term TIC Flows,LOW,USD
9b89acd8-a06c-4af2-b3ae-2838d9bbd96c,01/19/2027 21:00:00,Total Net TIC Flows,LOW,USD
586adb44-407d-4924-acd9-88243fe5a5b7,01/19/2027 21:45:00,Consumer Price Index (QoQ),HIGH,NZD
1b2430c5-7c66-415a-beee-6044a72980c8,01/19/2027 21:45:00,Consumer Price Index (YoY),HIGH,NZD
13b86c80-da9c-4ae7-ab75-5d350bdf7d7d,01/19/2027 23:50:00,Adjusted Merchandise Trade Balance,MEDIUM,JPY
27d95fc4-6563-4652-b549-83ea02357922,01/19/2027 23:50:00,Exports (YoY),MEDIUM,JPY
b419883b-f539-49b5-9b78-e680500b0703,01/19/2027 23:50:00,Imports (YoY),MEDIUM,JPY
f3dbffb2-ef00-4b14-b629-e8e667027e0a,01/19/2027 23:50:00,Merchandise Trade Balance Total,MEDIUM,JPY
1d7e1468-f771-4729-8e33-c5490aaf9dee,01/20/2027 00:00:00,Westpac Leading Index (MoM),LOW,AUD
35456744-75f0-40d5-8f2b-74915c1b6154,01/20/2027 01:15:00,PBoC Interest Rate Decision,MEDIUM,CNY
734b9268-e788-4329-a4dd-43043944390a,01/20/2027 07:00:00,Consumer Price Index (MoM),HIGH,GBP
032e65e9-868b-4382-8811-f6073eada1cd,01/20/2027 07:00:00,Consumer Price Index (YoY),HIGH,GBP
5278a72a-830e-4aa0-a323-6ed369c6ffaf,01/20/2027 07:00:00,Core Consumer Price Index (YoY),HIGH,GBP
d85f2230-7d7a-4ee7-bc8a-9edfb81e9208,01/20/2027 07:00:00,PPI Core Output (MoM) n.s.a,MEDIUM,GBP
a15e17dc-a276-42c1-924d-ee6a675fda59,01/20/2027 07:00:00,"PPI Core Output (YoY) n.s.a ",MEDIUM,GBP
219d4507-658e-4fd5-90fb-ef4eb2cba5b6,01/20/2027 07:00:00,Producer Price Index - Input (MoM) n.s.a,LOW,GBP
c007a93a-e807-4e0d-8e5f-e293df2a3fc1,01/20/2027 07:00:00,Producer Price Index - Input (YoY) n.s.a,LOW,GBP
5a8d1c7b-c29a-443a-be09-72131b60d033,01/20/2027 07:00:00,Producer Price Index - Output (MoM) n.s.a,MEDIUM,GBP
7ae4a7aa-1b3e-414a-abd3-74d5d1b005b6,01/20/2027 07:00:00,Producer Price Index - Output (YoY) n.s.a,LOW,GBP
b5dd742d-37b3-480b-9ffa-bf16c3e597fc,01/20/2027 07:00:00,Public Sector Net Borrowing,LOW,GBP
3eab859a-987b-4591-8e0d-95d25a4a92ed,01/20/2027 07:00:00,Retail Price Index (MoM),MEDIUM,GBP
162007ee-9c2e-4522-aa94-a3ae0c39894e,01/20/2027 07:00:00,Retail Price Index (YoY),MEDIUM,GBP
66d12e08-789d-42f1-bc43-47f72de63431,01/20/2027 09:30:00,DCLG House Price Index (YoY),LOW,GBP
af37196c-fe47-4494-8a7a-7f41cd526174,01/20/2027 10:00:00,Construction Output  s.a (MoM),LOW,EUR
6a1f3b94-b21b-4714-aa31-88ce83f76618,01/20/2027 10:00:00,Construction Output w.d.a (YoY),LOW,EUR
249aa893-5091-49a4-931d-e77988749d55,01/20/2027 10:00:00,Core Harmonized Index of Consumer Prices (MoM),MEDIUM,EUR
ef2cff44-0f0e-4d74-9ef2-f945cdd17a3f,01/20/2027 10:00:00,Core Harmonized Index of Consumer Prices (YoY),MEDIUM,EUR
525ce088-4656-4ce6-aacd-f8b4354a7396,01/20/2027 10:00:00,Harmonized Index of Consumer Prices (MoM),MEDIUM,EUR
cfb3052b-0591-4101-b42e-4f5691fbab26,01/20/2027 10:00:00,Harmonized Index of Consumer Prices (YoY),LOW,EUR
ed8ed30d-c9cb-4e83-a2d2-c891fd8e4460,01/20/2027 12:00:00,MBA Mortgage Applications,LOW,USD
6d50e025-46be-4153-b04a-fcf5024c6cd9,01/20/2027 18:00:00,20-Year Bond Auction,LOW,USD
0ea48dd1-99ab-4536-9d65-5a1008fed120,01/20/2027 21:30:00,API Weekly Crude Oil Stock,LOW,USD
e282b3a0-5d08-4d61-813d-eef868ac68d2,01/21/2027 02:00:00,Credit Card Spending (YoY),LOW,NZD
641d78fb-ba1f-4cbd-bfb6-35920718fd05,01/21/2027 07:00:00,Producer Price Index (MoM),MEDIUM,EUR
02210282-db81-4e26-abc0-c8dca1c0f62c,01/21/2027 07:00:00,Producer Price Index (YoY),MEDIUM,EUR
1fe3b564-60d4-4ad3-ba26-d52033ccc0cc,01/21/2027 07:45:00,Business Climate in Manufacturing,LOW,EUR
00f967b4-696a-4f5f-9aa1-4d64beb8b0f3,01/21/2027 09:00:00,HCOB Composite PMI,HIGH,EUR
f034c5d4-754d-4886-9c55-69a1576e2719,01/21/2027 09:00:00,HCOB Manufacturing PMI,HIGH,EUR
884e9a02-a969-4d6b-bba6-f1dc005ebda1,01/21/2027 09:00:00,HCOB Services PMI,HIGH,EUR
89478e61-fe5e-4e79-83dd-f93546924ad0,01/21/2027 09:30:00,S&P Global Composite PMI,HIGH,GBP
1ee360a0-2b48-4a61-8afb-a13fa99d67c2,01/21/2027 09:30:00,S&P Global Manufacturing PMI,HIGH,GBP
c6098261-78fc-44f4-820e-37b77dccb600,01/21/2027 09:30:00,S&P Global Services PMI,HIGH,GBP
4990959f-b09a-40e2-b342-0ec18563258a,01/21/2027 13:30:00,Employment Insurance Beneficiaries Change (MoM),LOW,CAD
4bf13ba5-a6ca-4a3e-8738-1d8f4e0b468e,01/21/2027 13:30:00,Industrial Product Price (MoM),LOW,CAD
6050ac35-8877-4a9f-96e6-f35fd31cb3ad,01/21/2027 13:30:00,Raw Material Price Index,LOW,CAD
05c42640-ccf0-46db-bf62-35c1a5d148d2,01/21/2027 13:30:00,Continuing Jobless Claims,LOW,USD
74073b65-4ff4-4d2a-8630-9b5a08c8d59a,01/21/2027 13:30:00,Initial Jobless Claims,MEDIUM,USD
e48ae8a6-7dbf-49ae-9747-87282f9620a9,01/21/2027 13:30:00,Initial Jobless Claims 4-week average,LOW,USD
15ad13ea-5c2d-44df-b710-3c27a36ec8c9,01/21/2027 13:30:00,Philadelphia Fed Manufacturing Survey,MEDIUM,USD
a2337d07-47b2-42f1-9b02-c6188c88107f,01/21/2027 15:00:00,Existing Home Sales (MoM),LOW,USD
c2753756-aec3-47d7-82ee-e3cd15b3de98,01/21/2027 15:00:00,Existing Home Sales Change (MoM),MEDIUM,USD
0a720d86-4156-46e0-953a-2ff598157a75,01/21/2027 15:00:00,Pending Home Sales (MoM),MEDIUM,USD
2e3b3f20-a5c0-4680-a948-df4f6976f147,01/21/2027 15:00:00,Pending Home Sales (YoY),LOW,USD
0d161329-d146-412f-9805-8c891c9131b7,01/21/2027 15:30:00,EIA Natural Gas Storage Change,LOW,USD
979dd37b-10c0-47e5-bf8a-f8f0a029383f,01/21/2027 16:00:00,Kansas Fed Manufacturing Activity,LOW,USD
8703d4ad-3e68-4d8e-a389-2471db40c94c,01/21/2027 16:30:00,4-Week Bill Auction,LOW,USD
817bc8a7-5fd6-4cb0-9dc3-d5a86e011a04,01/21/2027 17:00:00,EIA Crude Oil Stocks Change,LOW,USD
b5fad78c-2518-4b84-b112-97068baf16bd,01/21/2027 17:00:00,EIA Distillate Stocks Change,LOW,USD
52b0c9f3-abf0-4bdc-8b78-2681f6af3561,01/21/2027 17:00:00,EIA Gasoline Stocks Change,LOW,USD
10c88436-131c-47fd-85f6-5118155aae1d,01/21/2027 17:00:00,EIA Heating Oil Stocks Change,LOW,USD
93801c55-c632-46cb-9971-0a6f60a5b4c3,01/21/2027 18:00:00,10-year TIPS Auction,LOW,USD
a8f29af7-49fa-46b8-bdab-d78043acd1d2,01/21/2027 23:30:00,National Consumer Price Index (YoY),MEDIUM,JPY
168d21d0-c54b-4ef1-9379-1cec38b522e6,01/21/2027 23:30:00,"National CPI ex Food, Energy (YoY)",MEDIUM,JPY
0316620e-48b1-4460-b409-077bc6ab033a,01/21/2027 23:30:00,National CPI ex Fresh Food (YoY),MEDIUM,JPY
b4ad1c10-c68e-4598-934a-e0d526befb00,01/22/2027 00:01:00,GfK Consumer Confidence,MEDIUM,GBP
e410ac24-9049-448f-b9a4-d7c632e5e718,01/22/2027 03:00:00,BoJ Interest Rate Decision,HIGH,JPY
fb13c00d-5d12-4ceb-96bd-799e8da55ec5,01/22/2027 03:00:00,BoJ Monetary Policy Statement,HIGH,JPY
88c04f66-c240-4d70-8106-bc0fbdc59ba6,01/22/2027 03:00:00,BoJ Outlook Report,MEDIUM,JPY
7c4e00a2-e0f3-492b-85d9-082887b85f1f,01/22/2027 06:30:00,BoJ Press Conference,HIGH,JPY
cdf7993c-49dc-43ec-a122-cb59dfc07f5b,01/22/2027 07:00:00,Retail Sales (MoM),HIGH,GBP
6c50f010-b780-49ce-bca4-8f79ea848d92,01/22/2027 07:00:00,Retail Sales (YoY),MEDIUM,GBP
a3c221aa-68b1-4c69-bd66-b655aa81b4b9,01/22/2027 07:00:00,Retail Sales ex-Fuel (MoM),MEDIUM,GBP
ac250319-a873-4235-a174-e664a78704ee,01/22/2027 07:00:00,Retail Sales ex-Fuel (YoY),MEDIUM,GBP
35165adb-c1b9-49e9-8a85-631039068e5a,01/22/2027 08:15:00,HCOB Composite PMI,MEDIUM,EUR
5fb496cb-ee6a-4614-8934-f3ac7da17a93,01/22/2027 08:15:00,HCOB Manufacturing PMI,MEDIUM,EUR
f355f44e-3cf9-400a-a8ff-fa06dbc6bd76,01/22/2027 08:15:00,HCOB Services PMI,MEDIUM,EUR
37c1a0f0-1595-4a1a-aeb0-2f70c75aafcb,01/22/2027 08:30:00,HCOB Composite PMI,HIGH,EUR
320d4934-2e5f-44ec-9bf4-f4c438115750,01/22/2027 08:30:00,HCOB Manufacturing PMI,HIGH,EUR
df37b0c4-360a-4ed7-abc9-130341aa744a,01/22/2027 08:30:00,HCOB Services PMI,HIGH,EUR
af82096e-8f12-4224-9cf3-a48680840803,01/22/2027 13:30:00,New Housing Price Index (MoM),LOW,CAD
3f902261-02a0-433b-97ee-c37e9aba9064,01/22/2027 13:30:00,New Housing Price Index (YoY),LOW,CAD
6ca26835-989c-4417-9a84-e7cf463c5d79,01/22/2027 13:30:00,Retail Sales (MoM),MEDIUM,CAD
85476818-5c45-4912-88f4-700fa26b33b0,01/22/2027 13:30:00,Retail Sales ex Autos (MoM),MEDIUM,CAD
a5cf364c-70cd-4c94-9efb-067a07fce7fe,01/22/2027 14:45:00,S&P Global Composite PMI,MEDIUM,USD
47d00c14-9844-4747-8d71-29f7c448973a,01/22/2027 14:45:00,S&P Global Manufacturing PMI,HIGH,USD
6a48d145-101f-40e4-8a2c-37d8b52ed30f,01/22/2027 14:45:00,S&P Global Services PMI,HIGH,USD
fb53943a-4f8d-45ca-9d02-4c256f013aa9,01/22/2027 15:00:00,Consumer Confidence,MEDIUM,EUR
3a810fee-e014-4d27-b166-71c717e8f5b8,01/22/2027 15:00:00,Michigan Consumer Expectations Index,MEDIUM,USD
69453115-7ccc-4d5e-bc61-2acfc620b950,01/22/2027 15:00:00,Michigan Consumer Sentiment Index,MEDIUM,USD
90bf0848-135f-4321-8207-73f639244821,01/22/2027 15:00:00,UoM 1-year Consumer Inflation Expectations,MEDIUM,USD
e9d39565-8a2b-43ee-a912-b21ce21b9191,01/22/2027 15:00:00,UoM 5-year Consumer Inflation Expectation,MEDIUM,USD
71d0c644-db32-4f93-b6a1-3f525963339e,01/22/2027 18:00:00,Baker Hughes US Oil Rig Count,LOW,USD
f0c33123-3617-4b30-9e08-a9db1e2cd8fe,01/22/2027 20:30:00,CFTC AUD NC Net Positions,LOW,AUD
6eaa855d-86d0-4b29-8ffa-79a04d766434,01/22/2027 20:30:00,CFTC EUR NC Net Positions,LOW,EUR
d006c396-2999-4cc8-9bdd-a9cf9c1bbd1a,01/22/2027 20:30:00,CFTC JPY NC Net Positions,LOW,JPY
6bab712e-8faa-434e-9c1d-58cf10fe7b65,01/22/2027 20:30:00,CFTC GBP NC Net Positions,LOW,GBP
92016598-8f08-4e88-9da1-ece6c0af8c58,01/22/2027 20:30:00,CFTC Gold NC Net Positions,LOW,USD
a7803e92-c878-493d-b056-143b0e53fb10,01/22/2027 20:30:00,CFTC Oil NC Net Positions,LOW,USD
1e4b98f5-f7ff-47da-b7c1-995eeb958879,01/22/2027 20:30:00,CFTC S&P 500 NC Net Positions,LOW,USD
2408366f-aeb1-457f-8f4e-8ad50d3515ea,01/24/2027 22:00:00,S&P Global Composite PMI,MEDIUM,AUD
7de1af87-81c7-4edf-a454-7e3c852914c2,01/24/2027 22:00:00,S&P Global Manufacturing PMI,MEDIUM,AUD
8a87c7a3-8e83-4d67-9267-d12d9c8fd2e7,01/24/2027 22:00:00,S&P Global Services PMI,MEDIUM,AUD
a5e9c7a9-21f4-490e-b0ea-2000b2734d54,01/25/2027 00:30:00,Jibun Bank Manufacturing PMI,LOW,JPY
6a72363a-9caf-46aa-b737-917870995364,01/25/2027 00:30:00,Jibun Bank Services PMI,LOW,JPY
3a6b17b9-a4ee-47cd-bbb7-71568b0bb53d,01/25/2027 09:00:00,IFO – Business Climate,MEDIUM,EUR
c906f23c-d178-4b69-b42e-01e78d6e7979,01/25/2027 09:00:00,IFO – Current Assessment,MEDIUM,EUR
bfa7f896-116d-43d0-a2eb-a6ff4eae5124,01/25/2027 09:00:00,IFO – Expectations,MEDIUM,EUR
75472fcd-dfde-4c44-8b6b-4237c02b9c7e,01/25/2027 13:30:00,"Chicago Fed National Activity Index ",LOW,USD
4fbcf1f3-fa2a-47c9-84b4-308c24ef4839,01/25/2027 14:00:00,Australia Day,NONE,AUD
90ca71fd-b30b-4bef-b469-6bc239db08d2,01/25/2027 15:00:00,New Home Sales (MoM),LOW,USD
6d2c0b25-9464-415b-92e8-0af92495dd66,01/25/2027 15:00:00,New Home Sales Change (MoM),MEDIUM,USD
ebeb2d8f-6edf-4277-a7eb-725bea6c7c1c,01/25/2027 16:30:00,3-Month Bill Auction,LOW,USD
94c59ed7-f663-41c6-bd0d-1819af4c75ef,01/25/2027 16:30:00,6-Month Bill Auction,LOW,USD
d5b0bfab-ac03-4574-9226-4d495dbeba82,01/25/2027 23:50:00,Corporate Service Price Index (YoY),LOW,JPY
637fd33a-cd3b-4cec-a588-109c3d512398,01/26/2027 00:30:00,National Australia Bank's Business Conditions,LOW,AUD
8756312a-8e3b-4151-b8df-d3745d3850d8,01/26/2027 00:30:00,National Australia Bank's Business Confidence,LOW,AUD
bef7cfcf-12a7-4899-b7a0-fb5274717d26,01/26/2027 07:45:00,Consumer Confidence,LOW,EUR
a0c4dbeb-d628-4c55-91df-344098c11ef0,01/26/2027 13:15:00,ADP Employment Change 4-week average,MEDIUM,USD
1024ec3c-b638-46eb-abe8-1d412754a94f,01/26/2027 13:55:00,Redbook Index (YoY),LOW,USD
771a3317-dce5-40ca-b335-a3ce06ddb90d,01/26/2027 14:00:00,Housing Price Index (MoM),MEDIUM,USD
128d0061-99f5-4782-927a-e013f8aa63d7,01/26/2027 14:00:00,S&P/Case-Shiller Home Price Indices (YoY),LOW,USD
136a40fa-ca98-4d10-8bca-826edfc36221,01/26/2027 15:00:00,Consumer Confidence,MEDIUM,USD
857d91b5-90d9-40d2-963f-bd29a55d177f,01/26/2027 15:00:00,Richmond Fed Manufacturing Index,LOW,USD
6e10396e-485e-42b6-ae4c-3c4263e48087,01/26/2027 15:30:00,Dallas Fed Manufacturing Business Index,LOW,USD
683c8914-f091-4dbb-9336-4f2e66c4635e,01/26/2027 18:00:00,2-Year Note Auction,LOW,USD
2d35b0ca-2066-473f-973d-9fc11ddbd7f7,01/26/2027 18:00:00,5-Year Note Auction,LOW,USD
7a7e0dbe-fe38-4386-8579-c16e33e43e89,01/26/2027 21:30:00,API Weekly Crude Oil Stock,LOW,USD
efe71c11-46aa-4805-89d8-965bf2bee172,01/26/2027 23:50:00,BoJ Monetary Policy Meeting Minutes,MEDIUM,JPY
37f1eebc-47e6-4335-8f4f-4ca891ec233a,01/27/2027 00:30:00,Consumer Price Index (MoM),MEDIUM,AUD
16ff09cb-ec79-43bd-bfee-0768ce7e35fe,01/27/2027 00:30:00,Consumer Price Index (YoY),HIGH,AUD
c6c9a441-ef42-4d6e-b346-b330513e6341,01/27/2027 00:30:00,Quarterly Consumer Price Index (QoQ),LOW,AUD
4e859ab8-9200-428c-9395-82c9f8ed3b38,01/27/2027 00:30:00,Quarterly Consumer Price Index (YoY),LOW,AUD
6540540c-2097-46a5-aa6f-ab221942c0bc,01/27/2027 00:30:00,Quarterly RBA Trimmed Mean CPI (QoQ),LOW,AUD
7d3c1591-8df8-4981-a845-7819aafb9189,01/27/2027 00:30:00,Quarterly RBA Trimmed Mean CPI (YoY),LOW,AUD
6f7f7e17-a6f2-4611-81fc-56c0e104d9a7,01/27/2027 00:30:00,Trimmed Mean CPI (MoM),MEDIUM,AUD
28b78602-d69f-4491-bf5c-a332fc107f76,01/27/2027 00:30:00,Trimmed Mean CPI (YoY),HIGH,AUD
27b7b214-72da-4ec6-9059-386ef1ea81ea,01/27/2027 05:00:00,Coincident Index,LOW,JPY
ddb77061-5990-4ecc-98c1-0c4bbf3ab26c,01/27/2027 05:00:00,Leading Economic Index,LOW,JPY
535070a7-da99-4161-83c1-49da8ff22ba2,01/27/2027 07:00:00,GfK Consumer Confidence Survey,MEDIUM,EUR
9d2ad0ad-8dba-4fcd-91ea-203bba9c2e2a,01/27/2027 09:00:00,ZEW Survey – Expectations,MEDIUM,CHF
555a055f-c589-4394-9ad8-fd33b0127148,01/27/2027 12:00:00,MBA Mortgage Applications,LOW,USD
96520e4b-4b96-4603-87e5-d216ecd4b6af,01/27/2027 13:30:00,Durable Goods Orders,MEDIUM,USD
639a7f76-eb08-4d6f-b129-c5fb681eaf7d,01/27/2027 13:30:00,Durable Goods Orders ex Defense,MEDIUM,USD
3c0bc89d-e887-47bd-9ce7-a163eff48673,01/27/2027 13:30:00,Durable Goods Orders ex Transportation,MEDIUM,USD
906f12fc-06b2-4f93-8348-de9e1a702d58,01/27/2027 13:30:00,Nondefense Capital Goods Orders ex Aircraft,MEDIUM,USD
655ebcdb-e972-4018-8373-0ff9b332bdc9,01/27/2027 14:45:00,BoC Interest Rate Decision,HIGH,CAD
dc71dcf6-2fa7-46e1-8ef7-fa624c1aa378,01/27/2027 14:45:00,BoC Monetary Policy Report,HIGH,CAD
18b4f8a1-722c-41dc-b7fe-101260d1dc7e,01/27/2027 14:45:00,BoC Monetary Policy Statement,HIGH,CAD
c1a0a495-9109-4507-833b-9c443aa0bc31,01/27/2027 15:30:00,BoC Press Conference,HIGH,CAD
fe59b6e3-1682-497e-b6d5-dc5df75de4b4,01/27/2027 15:30:00,EIA Crude Oil Stocks Change,LOW,USD
6e677d95-0785-4480-918f-3f31ff23da8e,01/27/2027 15:30:00,EIA Distillate Stocks Change,LOW,USD
1665bf60-65c6-4f30-aec3-b914201d73d6,01/27/2027 15:30:00,EIA Gasoline Stocks Change,LOW,USD
bb6aeea8-1b0e-4e0b-8ebc-04df13be9211,01/27/2027 15:30:00,EIA Heating Oil Stocks Change,LOW,USD
9f28fc24-a9af-411c-b751-3569ff16ba74,01/27/2027 18:00:00,7-Year Note Auction,LOW,USD
57ee874c-f3c1-488e-9b0c-55a1d43d7de7,01/27/2027 19:00:00,Fed Interest Rate Decision,HIGH,USD
b60dfe46-3e2f-4257-a6d6-e275b061713d,01/27/2027 19:00:00,Fed Monetary Policy Statement,HIGH,USD
7ffe24b9-6acd-4ce3-8b46-ccc2967a9838,01/27/2027 19:30:00,FOMC Press Conference,HIGH,USD
dd472d73-ce16-4577-8592-cd5fa35142f3,01/28/2027 00:01:00,BRC Shop Price Index (YoY),LOW,GBP
e6a9406a-aa97-4572-a256-b81b03e5c12e,01/28/2027 00:30:00,Export Price Index (QoQ),LOW,AUD
ded3c164-75f5-437a-a722-e400d8562431,01/28/2027 00:30:00,Import Price Index (QoQ),LOW,AUD
47c1e245-30f3-49d1-ab59-19392c9f3eb4,01/28/2027 07:00:00,Exports (MoM),LOW,CHF
4d1ccf17-1f03-49c6-be66-1fd0c1acc9b6,01/28/2027 07:00:00,Imports (MoM),LOW,CHF
e5e76c55-6883-4f54-8329-e538211933cf,01/28/2027 07:00:00,Trade Balance,LOW,CHF
bec7f50f-fffa-4c2b-85ca-97525a97dd8e,01/28/2027 08:00:00,Unemployment Survey,LOW,EUR
568210d8-b621-4dfb-8ff0-8a7b09921b4c,01/28/2027 10:00:00,Business Climate,MEDIUM,EUR
49a7ec97-0384-4394-b071-cfedc1b7b7a7,01/28/2027 10:00:00,Consumer Confidence,MEDIUM,EUR
13f199a2-6f88-4920-8bf3-d44074dbf730,01/28/2027 10:00:00,Economic Sentiment Indicator,MEDIUM,EUR
ed48795c-64f1-4ee0-b252-30cb4c67ff9e,01/28/2027 10:00:00,Industrial Confidence,LOW,EUR
c4373a5d-df6c-4fd6-bd33-1be46bbb3e1b,01/28/2027 10:00:00,Services Sentiment,LOW,EUR
db2750d8-cf68-450a-814e-f1bfa156837a,01/28/2027 13:30:00,Continuing Jobless Claims,LOW,USD
5dfd3332-32dc-4866-a2ea-d84d10d158ee,01/28/2027 13:30:00,Core Personal Consumption Expenditures (QoQ),MEDIUM,USD
4b958ea6-7709-4aa9-9611-0b15fb57be47,01/28/2027 13:30:00,Goods Trade Balance,LOW,USD
c4528d7a-d67b-498b-bfce-64ae1a54c4e1,01/28/2027 13:30:00,Gross Domestic Product Annualized,HIGH,USD
f533417f-1fdf-4cc6-b9b3-d741ae04d349,01/28/2027 13:30:00,Gross Domestic Product Price Index,HIGH,USD
c4c34d87-a982-4480-a94a-b4c0f2844be4,01/28/2027 13:30:00,Initial Jobless Claims,MEDIUM,USD
ceac2937-4679-463a-8d65-8757104746fd,01/28/2027 13:30:00,Initial Jobless Claims 4-week average,LOW,USD
4a37df80-7f25-43ab-9ca5-61e2d1e2b5ba,01/28/2027 13:30:00,Personal Consumption Expenditures Prices (QoQ),MEDIUM,USD
a0eead0f-6672-4d8c-9989-75052e750ffb,01/28/2027 13:30:00,Wholesale Inventories,LOW,USD
797e505e-918e-455a-b0c7-7483c132e586,01/28/2027 15:30:00,EIA Natural Gas Storage Change,LOW,USD
eafb4c3a-bb53-4f11-b4bb-e98d0d742002,01/28/2027 16:30:00,4-Week Bill Auction,LOW,USD
29067a8e-07fb-4a69-ad2a-8636d4e58f3a,01/28/2027 21:00:00,ANZ – Roy Morgan Consumer Confidence,MEDIUM,NZD
ae3d73bb-19b1-4da7-bdbc-0ce4f66f2c75,01/28/2027 21:45:00,Exports,MEDIUM,NZD
2c829787-9411-43bd-a088-1d3a01e4feee,01/28/2027 21:45:00,Imports,MEDIUM,NZD
e65e2c39-8c48-4e38-a72f-c9ef81c2ad56,01/28/2027 21:45:00,Trade Balance NZD (MoM),LOW,NZD
58ede63b-920c-4a97-b8df-65bd2d57deb6,01/28/2027 21:45:00,Trade Balance NZD (YoY),MEDIUM,NZD
780ae02f-bdd3-4390-87ab-9c44e97aa788,01/28/2027 23:30:00,Jobs / Applicants Ratio,LOW,JPY
fe780d87-d12e-43d8-ae59-5bd8743933d8,01/28/2027 23:30:00,Tokyo Consumer Price Index (YoY),HIGH,JPY
a721756f-be0a-4843-9e42-91e5177cbd61,01/28/2027 23:30:00,"Tokyo CPI ex Food, Energy (YoY)",HIGH,JPY
dc1bd909-368f-4884-a5fd-dea04b673669,01/28/2027 23:30:00,Tokyo CPI ex Fresh Food (YoY),MEDIUM,JPY
054b5efe-84e2-4cc2-a453-7022e170d210,01/28/2027 23:30:00,Unemployment Rate,MEDIUM,JPY
ab14c54f-c36f-49d0-a39e-2a53f6371955,01/28/2027 23:50:00,Industrial Production (MoM),LOW,JPY
b195a60f-2914-4805-95b3-a943f2f58c02,01/28/2027 23:50:00,Industrial Production (YoY),LOW,JPY
3571115b-d104-4df6-9a39-3dde3cdbc126,01/29/2027 00:00:00,ANZ Activity Outlook,LOW,NZD
d1a7cf57-d87e-4d32-90db-2ad4ab6972e9,01/29/2027 00:00:00,ANZ Business Confidence,LOW,NZD
8ad089e6-1b0c-4a5c-9a2c-0adaa2971d15,01/29/2027 00:30:00,Private Sector Credit (MoM),LOW,AUD
34d0f590-1216-4f18-9897-05826503e639,01/29/2027 00:30:00,Private Sector Credit (YoY),LOW,AUD
4237c0b5-5305-4207-8338-2a032897c50f,01/29/2027 00:30:00,Producer Price Index (QoQ),LOW,AUD
1c68cfbd-f977-4553-b5ea-18918415f196,01/29/2027 00:30:00,Producer Price Index (YoY),MEDIUM,AUD
95668a72-d1a3-4257-a518-936c00d859ea,01/29/2027 05:00:00,Annualized Housing Starts,LOW,JPY
38e77f2c-74c7-442b-a562-2ecbdd8692d2,01/29/2027 05:00:00,Construction Orders (YoY),LOW,JPY
123bc18d-26a3-4544-b79c-52d2d80a91bf,01/29/2027 05:00:00,Housing Starts (YoY),LOW,JPY
7f645c6a-fd3f-4ee9-8341-058f7025df75,01/29/2027 07:00:00,Gross Domestic Product (QoQ),HIGH,EUR
f6c5f311-7058-45d5-b3fb-9cf085209f57,01/29/2027 07:00:00,Gross Domestic Product (YoY),HIGH,EUR
d558bd21-0e53-4909-b083-0c6a25315dff,01/29/2027 07:00:00,Gross Domestic Product w.d.a (YoY),MEDIUM,EUR
579317ca-d01e-4f6f-9d6e-95bb8afd97e0,01/29/2027 07:00:00,Import Price Index (MoM),LOW,EUR
5abaa2f2-4fb7-4303-89a4-9c3b9c6f8da7,01/29/2027 07:00:00,Import Price Index (YoY),LOW,EUR
77a3a1d5-6641-4ffd-9e83-62b0a3b62d7b,01/29/2027 07:00:00,Retail Sales (MoM),MEDIUM,EUR
b65b4ed6-3e2a-4e46-b363-2f4b774faca6,01/29/2027 07:00:00,Retail Sales (YoY),HIGH,EUR
5d10a003-5c02-4629-90e2-8999cbbee266,01/29/2027 07:45:00,Consumer Price Index (EU norm) (MoM),LOW,EUR
250e146a-6f1f-4587-86fe-36eb42383046,01/29/2027 07:45:00,Consumer Price Index (EU norm) (YoY),MEDIUM,EUR
ea80550e-11e4-4cd2-81cc-eed2ed179efb,01/29/2027 07:45:00,Consumer Spending (MoM),LOW,EUR
373ab695-57c1-4119-bedf-e9dd148905d7,01/29/2027 07:45:00,Gross Domestic Product (QoQ),MEDIUM,EUR
dad00f3c-88fc-470b-aefb-a1f10372b693,01/29/2027 07:45:00,Producer Prices (MoM),LOW,EUR
ba925e7b-3a09-493c-bda4-6200bd3adeee,01/29/2027 08:00:00,KOF Leading Indicator,LOW,CHF
97ae907b-0f51-4311-b19e-9cfc2f21bfa1,01/29/2027 08:00:00,Consumer Price Index (MoM),LOW,EUR
60ec621e-5e82-46e6-8e73-a488b6e5bf5a,01/29/2027 08:00:00,Consumer Price Index (YoY),LOW,EUR
833a0664-9282-40e5-9ca1-3df249ec13c0,01/29/2027 08:00:00,Gross Domestic Product - Estimated (QoQ),MEDIUM,EUR
fedfe7ec-8c59-49ca-a877-1b5c42398775,01/29/2027 08:00:00,Gross Domestic Product - Estimated (YoY),LOW,EUR
62b00473-d145-4ed8-a6ce-5bfe314a681c,01/29/2027 08:00:00,Harmonized Index of Consumer Prices (MoM),LOW,EUR
bfccb89e-e7d8-4667-a79d-4482b6688d4f,01/29/2027 08:00:00,Harmonized Index of Consumer Prices (YoY),MEDIUM,EUR
5dba390a-4e88-4672-9b60-7c5c84c032f2,01/29/2027 08:00:00,Retail Sales (YoY),LOW,EUR
99686275-2d8b-4d5f-bc40-a3a3328af710,01/29/2027 08:55:00,Unemployment Change,MEDIUM,EUR
f86ff640-251d-4e7a-920c-17a7682a01fc,01/29/2027 08:55:00,Unemployment Rate s.a.,MEDIUM,EUR
d2e5146d-e1f2-4eb7-90c2-ddb7b9e08f99,01/29/2027 09:00:00,Baden-Wuerttemberg CPI (MoM),LOW,EUR
c8b802fc-5e00-42f4-84b5-7fb090381219,01/29/2027 09:00:00,Baden-Wuerttemberg CPI (YoY),LOW,EUR
d7d309fd-dd99-41d8-9b2b-c146625e01fb,01/29/2027 09:00:00,Bavaria CPI (MoM),LOW,EUR
7bbe0bd0-fd3d-4856-bdd3-9b50044a89fd,01/29/2027 09:00:00,Bavaria CPI (YoY),LOW,EUR
6f6452f6-f4dc-464a-89ea-3b9e23d2fc72,01/29/2027 09:00:00,Brandenburg CPI (MoM),LOW,EUR
477f5fd8-3cbf-4b40-a2ea-0864be40103f,01/29/2027 09:00:00,Brandenburg CPI (YoY),LOW,EUR
87eac268-0401-4997-af27-898c6b93b7c3,01/29/2027 09:00:00,Hesse CPI (MoM),LOW,EUR
48148403-acf0-45b2-bb08-6c10823b44b6,01/29/2027 09:00:00,Hesse CPI (YoY),LOW,EUR
17cdd412-59f1-42eb-ad5d-cd67b3eb49c2,01/29/2027 09:00:00,North Rhine-Westphalia CPI (MoM),LOW,EUR
005f3d4d-da51-4060-93d0-bb3c65280405,01/29/2027 09:00:00,North Rhine-Westphalia CPI (YoY),LOW,EUR
6ec6ab31-168f-42e4-a2b1-29c60eea1c41,01/29/2027 09:00:00,Saxony CPI (MoM),LOW,EUR
cea7f4a8-0fac-43f8-a46e-d1e9d934e45e,01/29/2027 09:00:00,Saxony CPI (YoY),LOW,EUR
8d9b4dbe-8062-4fc9-8f2f-64999345d7cd,01/29/2027 09:00:00,M3 Money Supply (3m),LOW,EUR
b59246b0-a695-425f-9638-65389437d835,01/29/2027 09:00:00,M3 Money Supply (YoY),LOW,EUR
26eef418-c7c4-4a66-b9d3-107b7dc7fcbe,01/29/2027 09:00:00,Private Loans (YoY),LOW,EUR
35923e88-c1a5-4071-a36b-326cb8f229a1,01/29/2027 09:00:00,Current Account Balance,LOW,EUR
d64abc98-cdff-4acb-bca5-73e348c945fc,01/29/2027 09:00:00,Business Confidence,LOW,EUR
e443007d-b573-4eea-8fb1-30785d8d7788,01/29/2027 09:00:00,Consumer Confidence,LOW,EUR
3ab73a43-1fb1-434e-bfeb-a9de18c84da4,01/29/2027 09:00:00,Gross Domestic Product (QoQ),MEDIUM,EUR
f8128817-a5b4-4b9e-94e9-9a8d0e8d0690,01/29/2027 09:00:00,Gross Domestic Product (YoY),MEDIUM,EUR
5203ccf0-4702-4eb2-b817-efcf2999a208,01/29/2027 09:00:00,Industrial Sales n.s.a. (YoY),LOW,EUR
19cb16ba-ac79-49a0-b6c5-5efdbec53f6f,01/29/2027 09:00:00,Industrial Sales s.a. (MoM),LOW,EUR
d8cfba8f-7bb6-4aba-be4b-92336fef39a5,01/29/2027 09:00:00,Trade Balance non-EU,LOW,EUR
2455f8d1-2ff9-40d1-9b77-5088984aad43,01/29/2027 09:00:00,Unemployment,LOW,EUR
b660c084-0f1e-4a75-ab97-d9adb22731f5,01/29/2027 10:00:00,Gross Domestic Product s.a. (QoQ),HIGH,EUR
7875db6c-68e6-4c27-a5f2-518bc8400d57,01/29/2027 10:00:00,Gross Domestic Product s.a. (YoY),HIGH,EUR
4a715f73-4664-42f7-88b1-e2f29609810c,01/29/2027 10:00:00,Consumer Price Index (EU Norm) (MoM),LOW,EUR
5711501b-6ab1-4bad-8477-e51844822933,01/29/2027 10:00:00,Consumer Price Index (EU Norm) (YoY),MEDIUM,EUR
ce98d3b3-6966-459a-b1a6-078b6ea5c2df,01/29/2027 10:00:00,Consumer Price Index (MoM),LOW,EUR
521aa2cc-6771-41e6-b009-f0bc6bbddc28,01/29/2027 10:00:00,Consumer Price Index (YoY),MEDIUM,EUR
41fe6af8-ee29-4231-be58-fa399208e57b,01/29/2027 10:00:00,Producer Price Index (MoM),LOW,EUR
3ab657f5-316f-4061-a56b-37cf9c79d8ae,01/29/2027 10:00:00,Producer Price Index (YoY),LOW,EUR
b918bb79-dd73-4c78-af54-ba31dce4a46c,01/29/2027 13:00:00,Consumer Price Index (MoM),HIGH,EUR
fcdf5319-6273-4252-b711-0390b4d30245,01/29/2027 13:00:00,Consumer Price Index (YoY),HIGH,EUR
b17b26d5-91a1-403c-acb7-36f72733af95,01/29/2027 13:00:00,Harmonized Index of Consumer Prices (MoM),MEDIUM,EUR
69d7832f-2f00-41ec-b028-07eb133ee49f,01/29/2027 13:00:00,Harmonized Index of Consumer Prices (YoY),HIGH,EUR
2b6c2e03-56a3-4c4d-bc8e-60c35358b811,01/29/2027 13:30:00,Gross Domestic Product (MoM),MEDIUM,CAD
19522570-11f3-46b1-b198-d3fd9fc4ab4b,01/29/2027 13:30:00,Core Personal Consumption Expenditures - Price Index (MoM),HIGH,USD
f9ed2f83-9c52-4096-83d6-e79f61bfe4ea,01/29/2027 13:30:00,Core Personal Consumption Expenditures - Price Index (YoY),HIGH,USD
5f95f1dc-f21f-48a3-a23f-c79e5fd071d8,01/29/2027 13:30:00,Employment Cost Index,MEDIUM,USD
f2f88849-79db-41ae-b45c-2c420d8f5e93,01/29/2027 13:30:00,Personal Consumption Expenditures - Price Index (MoM),MEDIUM,USD
a6be6618-5c33-4c16-ba1a-9a022191687f,01/29/2027 13:30:00,Personal Consumption Expenditures - Price Index (YoY),MEDIUM,USD
777da7ae-a4aa-4be2-8cbd-65f84c3c21bb,01/29/2027 13:30:00,Personal Income (MoM),MEDIUM,USD
75d0a76c-db0b-4f2b-acd8-6b892d2aca46,01/29/2027 13:30:00,Personal Spending,MEDIUM,USD
1f4a3fff-939e-4e4a-9329-32ba67b982e4,01/29/2027 14:45:00,Chicago PMI,MEDIUM,USD
797c137e-3637-4b79-b24f-f502015f4773,01/29/2027 18:00:00,Baker Hughes US Oil Rig Count,LOW,USD
dc9f3e25-c811-4b47-96f0-1ea0a66d8a62,01/29/2027 20:30:00,CFTC AUD NC Net Positions,LOW,AUD
21e1ebbf-e90f-4f2f-bf2d-40632c954f72,01/29/2027 20:30:00,CFTC EUR NC Net Positions,LOW,EUR
9811796b-4acf-46b2-9497-ffa3e231419e,01/29/2027 20:30:00,CFTC JPY NC Net Positions,LOW,JPY
acdfebaf-a153-44e8-83a1-5392182f8769,01/29/2027 20:30:00,CFTC GBP NC Net Positions,LOW,GBP
4b301edd-f941-4c68-bb7f-359b4b8ade1d,01/29/2027 20:30:00,CFTC Gold NC Net Positions,LOW,USD
e8e2aed6-0284-41bc-bb8b-5df5fb0e8368,01/29/2027 20:30:00,CFTC Oil NC Net Positions,LOW,USD
ce7917e9-346e-4f2d-bf7f-a3965c93f053,01/29/2027 20:30:00,CFTC S&P 500 NC Net Positions,LOW,USD
81edbbbb-9efd-4a47-bee9-7fc449f7b081,01/31/2027 01:30:00,NBS Manufacturing PMI,HIGH,CNY
638be29a-4bcf-4d52-984c-9071c6d05261,01/31/2027 01:30:00,NBS Non-Manufacturing PMI,HIGH,CNY
ce03aab3-3308-40d4-9c56-0e1c0e02afe7,01/31/2027 23:50:00,BoJ Summary of Opinions,LOW,JPY
10ea9cd5-3d40-48f6-8c1a-339b2dc23bfa,01/31/2027 23:50:00,Large Retailer Sales,MEDIUM,JPY
cbdbe3e0-d55b-44d2-8c10-ceb06276beba,01/31/2027 23:50:00,Retail Trade (YoY),MEDIUM,JPY
1a750efa-d116-4f2d-9e9b-f9c4ab47dbba,01/31/2027 23:50:00,Retail Trade s.a (MoM),MEDIUM,JPY
062fdcc4-e6e0-4460-8629-3e6399c19e31,02/01/2027 01:45:00,RatingDog Manufacturing PMI,HIGH,CNY
f7c7e254-ecdb-4e1a-b840-c7f93afe3f2f,02/01/2027 08:55:00,HCOB Manufacturing PMI,MEDIUM,EUR
e1fb9ce6-0517-4eaf-9899-ea9bfec6ef79,02/01/2027 09:00:00,HCOB Manufacturing PMI,LOW,EUR
14570c4d-a441-4c37-887c-30aab87c69c8,02/01/2027 09:30:00,Consumer Credit,LOW,GBP
8b0be8ee-abde-4985-befd-f52e993b008c,02/01/2027 09:30:00,M4 Money Supply (MoM),LOW,GBP
a5861b85-0e2d-40e4-bc38-a72b15cf2471,02/01/2027 09:30:00,M4 Money Supply (YoY),LOW,GBP
7901eb62-9549-4ecc-8ae8-d25cc87bc6e2,02/01/2027 09:30:00,Mortgage Approvals,LOW,GBP
db4d99b0-86df-4e1a-b124-6f9c1c4271cb,02/01/2027 09:30:00,Net Lending to Individuals (MoM),LOW,GBP
2b631847-3544-4f5c-817e-f2aa35f18e20,02/01/2027 09:30:00,S&P Global Manufacturing PMI,LOW,GBP
a4312dfc-cc5e-45cb-bba3-81a8d65194a9,02/01/2027 14:30:00,S&P Global Manufacturing PMI,MEDIUM,CAD
ecabc8f1-6d75-4adc-84fe-e14ebcfe7823,02/01/2027 14:45:00,S&P Global Manufacturing PMI,LOW,USD
0eedb38d-f2d7-49d4-8e72-a6bd0bc9b4ff,02/01/2027 15:00:00,Construction Spending (MoM),LOW,USD
06652b90-2b30-49a6-9b9b-cb81d1b0420c,02/01/2027 15:00:00,ISM Manufacturing Employment Index,MEDIUM,USD
9bb0074e-2868-45e7-ae1f-307e5821e03f,02/01/2027 15:00:00,ISM Manufacturing New Orders Index,MEDIUM,USD
fd1d7305-43da-470c-b1ca-4685e54d4822,02/01/2027 15:00:00,ISM Manufacturing PMI,HIGH,USD
da24e5c4-b22a-41e4-8b58-ba5b55f806a9,02/01/2027 15:00:00,ISM Manufacturing Prices Paid,MEDIUM,USD
965308ae-b151-4def-87ae-ec49eb35686e,02/01/2027 16:30:00,3-Month Bill Auction,LOW,USD
9bae3a96-e9db-4f52-ba4d-8f5809ead647,02/01/2027 16:30:00,6-Month Bill Auction,LOW,USD
a03e3c0c-5fac-4890-8b71-017e9ac06932,02/01/2027 19:00:00,Loan Officer Survey,MEDIUM,USD
d8e634f7-f0a5-48c4-b9b5-41a37773555c,02/02/2027 00:30:00,Current Account Balance,LOW,AUD
83ce52f0-284e-40fa-8018-88b9a0ae377e,02/02/2027 07:00:00,Nationwide Housing Prices n.s.a (YoY),LOW,GBP
256712db-2a80-4e75-98ff-4e9fcd945c6b,02/02/2027 07:00:00,Nationwide Housing Prices s.a (MoM),LOW,GBP
c349d935-f9ce-4516-a8c6-0104ab2b578f,02/02/2027 10:00:00,Core Harmonized Index of Consumer Prices (MoM),HIGH,EUR
95673069-2a80-4ceb-b6a4-c951a643254c,02/02/2027 10:00:00,Core Harmonized Index of Consumer Prices (YoY),HIGH,EUR
83d9ab81-0d2e-4f7d-a5e3-675893bd338c,02/02/2027 10:00:00,Harmonized Index of Consumer Prices (MoM),HIGH,EUR
fb38de95-f7ce-4152-a0e5-33fe2a6bb165,02/02/2027 10:00:00,Harmonized Index of Consumer Prices (YoY),HIGH,EUR
aea0f3ac-60e5-4b11-aed5-8f56c833c45c,02/02/2027 13:55:00,Redbook Index (YoY),LOW,USD
019fecc7-0cb1-4ce8-957b-cd12b1e13d29,02/02/2027 15:00:00,Factory Orders (MoM),MEDIUM,USD
d9144b95-8e48-4a33-93ee-6dadde3996df,02/02/2027 15:00:00,JOLTS Job Openings,MEDIUM,USD
457d7161-561a-4134-8801-1980087a9ffd,02/02/2027 15:00:00,RealClearMarkets/TIPP Economic Optimism (MoM),LOW,USD
1d1ab309-b795-45fb-be54-8c7d6715ac56,02/02/2027 20:30:00,Total Vehicle Sales,LOW,USD
1e87714f-149a-4689-ad2a-8d37ffcf69b5,02/02/2027 21:30:00,API Weekly Crude Oil Stock,LOW,USD
c87c396b-9aa3-403f-87d0-41cd84a61b43,02/02/2027 21:45:00,Employment Change,HIGH,NZD
f41687fe-6a1a-4ffd-b7d5-e38bbeca3bbc,02/02/2027 21:45:00,Labour Cost Index (QoQ),MEDIUM,NZD
cac59f3c-f945-4682-8d5f-3c0fd86ae0fb,02/02/2027 21:45:00,Labour Cost Index (YoY),LOW,NZD
8ead3055-8fa6-41f2-abb2-f0445854fbab,02/02/2027 21:45:00,Participation Rate,MEDIUM,NZD
0803607f-b6ea-4d58-a5ae-9e0ddc3ca6bb,02/02/2027 21:45:00,Unemployment Rate,HIGH,NZD
62f87d99-28cf-4b2f-9cd9-f1ffcaadeb28,02/02/2027 22:00:00,Ai Group Construction PMI,LOW,AUD
74faa0bb-f1aa-4483-9d6e-de2b2f2ad860,02/02/2027 22:00:00,Ai Group Manufacturing PMI,LOW,AUD
a790b5f0-c4bb-4285-957d-9df77452aaf5,02/02/2027 22:00:00,AiG Industry Index,MEDIUM,AUD
fd5be439-0126-4ff0-9686-62023ed53da7,02/03/2027 01:45:00,RatingDog Services PMI,HIGH,CNY
7fd39bd3-965f-4aaf-9fae-b9a53df17d55,02/03/2027 07:30:00,Consumer Price Index (MoM),MEDIUM,CHF
00d7f648-41ca-4d53-b91a-c8333b48f73a,02/03/2027 07:30:00,Consumer Price Index (YoY),HIGH,CHF
838f6120-0ca5-4d6d-a7c2-03e2a570dd74,02/03/2027 08:55:00,HCOB Composite PMI,MEDIUM,EUR
b0efc5a5-719e-4077-a37d-e27ca75d097a,02/03/2027 08:55:00,HCOB Services PMI,MEDIUM,EUR
df13a62b-4aa7-4ca9-825f-5fe96c0bc9a5,02/03/2027 09:00:00,HCOB Composite PMI,MEDIUM,EUR
44c4dfaf-e085-4ff6-a6ec-da2036b0cbfa,02/03/2027 09:00:00,HCOB Services PMI,LOW,EUR
577ed472-a7e4-4244-b7ad-03af8ee84def,02/03/2027 09:30:00,S&P Global Composite PMI,LOW,GBP
b4ff2019-4de8-437d-91f8-605c8fce8c25,02/03/2027 09:30:00,S&P Global Services PMI,LOW,GBP
3a227394-3f42-4570-a6e4-6b485c0586ba,02/03/2027 12:00:00,MBA Mortgage Applications,LOW,USD
9156fc30-bbb8-4ed4-94b9-938e02d94af0,02/03/2027 13:15:00,ADP Employment Change,HIGH,USD
c4bbbd29-e2bd-4f16-a98a-f7710f0176c1,02/03/2027 13:30:00,Goods and Services Trade Balance,LOW,USD
b3a56652-45df-496f-8d9e-4ad5869bb6bd,02/03/2027 13:30:00,Goods Trade Balance,LOW,USD
8b38fb8a-46f7-4195-a5f9-e1c7f14a539d,02/03/2027 14:45:00,S&P Global Composite PMI,MEDIUM,USD
aa79292a-a689-4c73-8113-41ed392a657a,02/03/2027 14:45:00,S&P Global Services PMI,LOW,USD
3907b4b7-f1c3-479d-bfbb-55788db71b4d,02/03/2027 15:00:00,ISM Services Employment Index,MEDIUM,USD
3fe6bf70-c1e3-4f14-b1c2-f3810fff9006,02/03/2027 15:00:00,ISM Services New Orders Index,MEDIUM,USD
fea55812-d24b-459b-81be-57b6668d0801,02/03/2027 15:00:00,ISM Services PMI,HIGH,USD
848d7dc3-7d95-4023-b55e-bd39e7ccd235,02/03/2027 15:00:00,ISM Services Prices Paid,MEDIUM,USD
7c98407c-ee03-46a3-8f54-082e4cdca49d,02/03/2027 15:30:00,EIA Crude Oil Stocks Change,LOW,USD
67d8dde5-a89c-4feb-b4af-9b201171dd61,02/03/2027 15:30:00,EIA Distillate Stocks Change,LOW,USD
4e7de999-3065-42c4-82da-7a0d33a66942,02/03/2027 15:30:00,EIA Gasoline Stocks Change,LOW,USD
5c42d917-a7bb-43dc-8549-de714b3b0a2f,02/03/2027 15:30:00,EIA Heating Oil Stocks Change,LOW,USD
684a18e9-9c8e-4808-bd05-50aa54b7ffc6,02/04/2027 00:30:00,Exports (MoM),MEDIUM,AUD
a8aae123-277e-4724-8948-614bca766014,02/04/2027 00:30:00,Imports (MoM),MEDIUM,AUD
56d1be73-2a69-40df-8e6a-b58a0a4f90a4,02/04/2027 00:30:00,National Australia Bank's Business Confidence (QoQ),MEDIUM,AUD
6540bd87-555b-430b-b6a9-d1f7ed26faec,02/04/2027 00:30:00,Trade Balance (MoM),HIGH,AUD
af67edc9-3d9e-49f6-ba44-baefd1d9b348,02/04/2027 09:30:00,S&P Global Construction PMI,LOW,GBP
f2ec05da-2d23-4ab5-8745-334781e46a53,02/04/2027 10:00:00,Producer Price Index (MoM),MEDIUM,EUR
49b111ae-2f44-413c-bfed-5a27f47c49f4,02/04/2027 10:00:00,Producer Price Index (YoY),MEDIUM,EUR
75b3a331-94ff-4861-ab7e-b2e5f7f4b9cb,02/04/2027 10:00:00,Unemployment Rate,MEDIUM,EUR
3956d342-5b34-4770-92f7-d120d3699301,02/04/2027 10:30:00,Challenger Job Cuts,MEDIUM,USD
be8055fe-36c5-4635-be55-5c59be57a70a,02/04/2027 12:00:00,BoE Interest Rate Decision,HIGH,GBP
5c7214fc-a926-408a-9589-ff616423957e,02/04/2027 12:00:00,BoE Minutes,HIGH,GBP
02aa2b77-620e-437b-a840-4d5a175fab07,02/04/2027 12:00:00,BoE Monetary Policy Report,HIGH,GBP
e967eceb-04ae-46e6-a29a-5010d492a6cf,02/04/2027 12:00:00,BoE Monetary Policy Summary,HIGH,GBP
8f5dd0e9-4d1e-461e-ad2c-b2c9d34f940a,02/04/2027 12:00:00,BoE MPC Vote Rate Cut,HIGH,GBP
9cc1e8c7-ad2c-4613-91f5-8afa42bf8469,02/04/2027 12:00:00,BoE MPC Vote Rate Hike,HIGH,GBP
6b9ce634-7441-4f6e-9f8b-917f22c57dc6,02/04/2027 12:00:00,BoE MPC Vote Rate Unchanged,HIGH,GBP
dee8cafc-54cb-4e1e-a56f-419451151a71,02/04/2027 12:30:00,BoE's Governor Bailey speech,HIGH,GBP
f9d69861-923e-414b-a30b-35986509fbbb,02/04/2027 13:15:00,ECB Main Refinancing Operations Rate,HIGH,EUR
9a24e4de-09ff-4ccd-931c-07758af334fd,02/04/2027 13:15:00,ECB Monetary Policy Statement,HIGH,EUR
b0ac5375-1bf1-422b-984a-2f4a0e15ac9f,02/04/2027 13:15:00,ECB Rate On Deposit Facility,HIGH,EUR
d08bc0c1-8314-4af4-a642-f7b59c6790b5,02/04/2027 13:30:00,Continuing Jobless Claims,LOW,USD
6aa83fc7-722b-48bd-817c-03e0f3a87e69,02/04/2027 13:30:00,Initial Jobless Claims,MEDIUM,USD
18cf3231-c806-43f7-b183-f19379b4c8cd,02/04/2027 13:30:00,Initial Jobless Claims 4-week average,LOW,USD
bbb1724c-b9d6-4f7d-aa8d-67aceae51b94,02/04/2027 13:30:00,Nonfarm Productivity,MEDIUM,USD
653e32f7-3dc0-4979-9499-cf3f7c8e1eca,02/04/2027 13:30:00,Unit Labor Costs,MEDIUM,USD
3e7be1cc-3d2b-4581-8b8a-f751a34b4375,02/04/2027 13:45:00,ECB Press Conference,HIGH,EUR
755f0669-c55d-49d6-8e7d-001c8c44d69b,02/04/2027 15:00:00,Ivey Purchasing Managers Index,MEDIUM,CAD
a60da724-d14c-47f6-8302-28bf25ec618c,02/04/2027 15:00:00,Ivey Purchasing Managers Index s.a,MEDIUM,CAD
0d5d034e-3b23-4be0-a294-d50f5ffd4011,02/04/2027 15:30:00,EIA Natural Gas Storage Change,LOW,USD
d9160f99-2b53-4069-b0ac-255dd980a0a4,02/04/2027 16:00:00,Chinese New Year,NONE,CNY
a9713257-851a-4cee-8b60-472cb8bafbbe,02/04/2027 16:30:00,4-Week Bill Auction,LOW,USD
a3a7bd6c-3a62-4772-b2e4-403ba120b16e,02/05/2027 07:00:00,Factory Orders n.s.a. (YoY),MEDIUM,EUR
12b7062a-0ed0-44e7-9b81-f61c05970b92,02/05/2027 07:00:00,Factory Orders s.a. (MoM),MEDIUM,EUR
701d611b-7f29-4d54-921b-dd95f426f202,02/05/2027 07:45:00,Nonfarm Payrolls (QoQ),LOW,EUR
a7c12033-6718-49e7-b4bf-a09ed2dee912,02/05/2027 10:00:00,Retail Sales (MoM),MEDIUM,EUR
2c1bc03e-9844-4041-870f-ccdb2f90944a,02/05/2027 10:00:00,Retail Sales (YoY),HIGH,EUR
74bef2bf-4a75-4895-a6b9-a05c290496e1,02/05/2027 13:30:00,Average Hourly Wages (YoY),MEDIUM,CAD
a78e0d78-67d7-44b7-88a1-bd39d6653876,02/05/2027 13:30:00,Net Change in Employment,HIGH,CAD
e43baa11-9658-49a8-a240-8469b7490fbb,02/05/2027 13:30:00,Participation Rate,LOW,CAD
b17f1725-8044-4df9-80d8-a2505f2c710d,02/05/2027 13:30:00,Unemployment Rate,HIGH,CAD
2220cceb-ea93-4426-9855-6e88a75e9c38,02/05/2027 13:30:00,Average Hourly Earnings (MoM),HIGH,USD
aa89e6ff-6250-474d-b527-f01c1d2f65ce,02/05/2027 13:30:00,Average Hourly Earnings (YoY),HIGH,USD
5b99e778-7575-41a8-8308-be6894b14294,02/05/2027 13:30:00,Average Weekly Hours,LOW,USD
728397b8-325b-40fe-b8a2-96d7e686c9dd,02/05/2027 13:30:00,Labor Force Participation Rate,MEDIUM,USD
1511ff9d-e3a7-42a7-8f19-b6d31640d020,02/05/2027 13:30:00,Nonfarm Payrolls,HIGH,USD
cf6cc1c9-b129-448d-92c0-49b347a222c8,02/05/2027 13:30:00,U6 Underemployment Rate,MEDIUM,USD
11aedfb4-c073-49bf-8dbe-25f35967bfb3,02/05/2027 13:30:00,Unemployment Rate,MEDIUM,USD
45849628-fc03-44ef-89d8-0452c9a8aa96,02/05/2027 16:00:00,"Chinese New Year Eve ",NONE,CNY
865deb9b-66e5-4be0-8e16-e19179c49919,02/05/2027 16:00:00,"Waitangi Day ",NONE,NZD
fe7901a4-0a7a-448a-a1b6-785c73c19384,02/05/2027 18:00:00,Baker Hughes US Oil Rig Count,LOW,USD
3b8de452-7f71-4050-b97d-e95f917da3f2,02/05/2027 20:00:00,Consumer Credit Change,LOW,USD
3d90076d-f403-4e99-baa0-a26c15ea4bd5,02/05/2027 20:30:00,CFTC AUD NC Net Positions,LOW,AUD
ef784857-74e6-4344-a47b-db68e95a2950,02/05/2027 20:30:00,CFTC EUR NC Net Positions,LOW,EUR
4449dd7f-6e1e-498b-ad6d-90672c46cb45,02/05/2027 20:30:00,CFTC JPY NC Net Positions,LOW,JPY
4f2c7e84-e522-4726-a894-c4074b14ad44,02/05/2027 20:30:00,CFTC GBP NC Net Positions,LOW,GBP
52a11c4d-b083-42d5-8f23-a209d00c2da5,02/05/2027 20:30:00,CFTC Gold NC Net Positions,LOW,USD
1521822b-2dce-4f0c-b640-419746c2671d,02/05/2027 20:30:00,CFTC Oil NC Net Positions,LOW,USD
55a6edf6-1eef-462f-9026-4ea731f455d6,02/05/2027 20:30:00,CFTC S&P 500 NC Net Positions,LOW,USD
14aa56af-689f-49f0-8e11-247bb3f16ade,02/07/2027 08:00:00,Foreign Exchange Reserves (MoM),LOW,CNY
410399e8-a706-481c-ae84-3cc92b3099fb,02/07/2027 23:50:00,Current Account n.s.a.,MEDIUM,JPY
2c4e6272-30c1-4a8c-bdc0-5f09a1abb11e,02/07/2027 23:50:00,Trade Balance - BOP Basis,LOW,JPY
9cd94f82-7c5e-4179-be3b-705e85593b0a,02/08/2027 07:00:00,Lloyds House Price Index (MoM),LOW,GBP
ba5f1a88-40c4-4cd8-99d9-73680513029f,02/08/2027 07:00:00,Lloyds House Price Index (YoY),LOW,GBP
06c1a437-f509-41ab-87be-2d0cc85fd594,02/08/2027 08:00:00,SECO Consumer Climate (3m),LOW,CHF
ff8554f3-595d-4b4f-b3c4-4cb3dae1c1d7,02/08/2027 09:30:00,Sentix Investor Confidence,MEDIUM,EUR
8a90f85c-f8de-4c8e-957b-8e2397a9f741,02/08/2027 16:30:00,3-Month Bill Auction,LOW,USD
13769ea3-1d61-4afa-99de-360e912626ec,02/08/2027 16:30:00,6-Month Bill Auction,LOW,USD
604201a3-ebf5-4892-a113-b9ee8774a35c,02/09/2027 00:01:00,BRC Like-For-Like Retail Sales (YoY),MEDIUM,GBP
49f1fdd6-c491-46b2-a319-6f53491e087a,02/09/2027 01:30:00,Consumer Price Index (MoM),MEDIUM,CNY
ee3cf697-3a32-4945-aab9-2d8ecc9ba2a8,02/09/2027 01:30:00,Consumer Price Index (YoY),HIGH,CNY
2f7a1930-852e-4f28-9e2e-7d7ca5f54c37,02/09/2027 01:30:00,Producer Price Index (YoY),MEDIUM,CNY
3519bc97-389b-4fc0-a728-3441b6899e07,02/09/2027 03:00:00,Exports (YoY),MEDIUM,CNY
f2ee769f-5178-4d6f-a744-0e3ba5122fa7,02/09/2027 03:00:00,Exports (YoY) CNY,MEDIUM,CNY
e3408358-6128-4309-8a00-d1d95a458ebe,02/09/2027 03:00:00,Imports (YoY),MEDIUM,CNY
fbf7add3-8eb4-4ff2-bab7-5b924fe8bec8,02/09/2027 03:00:00,Imports (YoY) CNY,MEDIUM,CNY
68e53395-15d1-48f1-bd9a-421a0b6454bc,02/09/2027 03:00:00,Trade Balance CNY,MEDIUM,CNY
5d76ca4e-da19-4d8b-bf70-eb60b3fa62ef,02/09/2027 03:00:00,Trade Balance USD,MEDIUM,CNY
7986b880-62ba-4fb9-adb2-a93e89b50075,02/09/2027 07:00:00,Exports (MoM),MEDIUM,EUR
81f65c85-1118-4334-8bf6-94e25f608403,02/09/2027 07:00:00,Imports (MoM),LOW,EUR
652e8e73-9839-4847-bc50-78a11669a892,02/09/2027 07:00:00,Industrial Production n.s.a. w.d.a. (YoY),MEDIUM,EUR
3cbe5e76-20f9-49f8-846a-771f3ca43073,02/09/2027 07:00:00,Industrial Production s.a. (MoM),MEDIUM,EUR
526e2869-7c6a-4912-90be-56af638df216,02/09/2027 07:00:00,Trade Balance s.a.,MEDIUM,EUR
6a8b60b7-0f4e-498b-b72e-f337d45a96ae,02/09/2027 11:00:00,NFIB Business Optimism Index,LOW,USD
8cb153b9-cb58-4b13-98ee-1a28963006cf,02/09/2027 13:15:00,ADP Employment Change 4-week average,MEDIUM,USD
d513112f-641f-47a5-9f18-6c9f0d786f1d,02/09/2027 13:30:00,Exports,LOW,CAD
44da6d73-3920-49c3-a3c1-ac129924e6b6,02/09/2027 13:30:00,Imports,LOW,CAD
af731e0d-e732-4e81-8320-f69af9069d7d,02/09/2027 13:30:00,International Merchandise Trade,LOW,CAD
accaadc1-a988-4a15-9e3f-6ad3c64b9861,02/09/2027 13:55:00,Redbook Index (YoY),LOW,USD
325c2819-938c-4576-9f07-b048ee727c03,02/09/2027 18:00:00,3-Year Note Auction,LOW,USD
bb81207d-0def-469c-860e-1f04feb25870,02/09/2027 21:30:00,API Weekly Crude Oil Stock,LOW,USD
1f073d86-9186-4fb4-90f3-898db887f63b,02/10/2027 00:30:00,Home Loans,LOW,AUD
7132564f-f751-45f2-b3d4-32c203f24337,02/10/2027 00:30:00,Investment Lending for Homes,LOW,AUD
65810e6d-bf5d-4135-86ab-31f223b05441,02/10/2027 12:00:00,MBA Mortgage Applications,LOW,USD
b11cccd2-3411-49f5-ac50-6ef10751d6b7,02/10/2027 15:00:00,National Foundation Day,NONE,JPY
c5df3857-71e0-43f4-8718-a2c4b360cf95,02/10/2027 15:00:00,Business Inventories,LOW,USD
3f4c7ac3-79f1-47f8-8225-667635c7498b,02/10/2027 15:30:00,EIA Crude Oil Stocks Change,LOW,USD
49aa4d72-3e6c-48b1-be05-fd2a1fe70b8b,02/10/2027 15:30:00,EIA Distillate Stocks Change,LOW,USD
c930dffa-2a47-4fda-9981-fe01e4d1beb8,02/10/2027 15:30:00,EIA Gasoline Stocks Change,LOW,USD
b9763f11-8df0-44cc-afd6-ef93dae5f77d,02/10/2027 15:30:00,EIA Heating Oil Stocks Change,LOW,USD
a3f05b05-dbd2-4956-b12f-08c0e929c6d0,02/10/2027 18:00:00,10-Year Note Auction,LOW,USD
cc2c0796-895a-4fab-aeec-7aada8224325,02/10/2027 18:30:00,BoC Summary of Deliberations,MEDIUM,CAD
cc8fe149-61dc-4076-93b1-a09e3d79c11b,02/11/2027 00:01:00,RICS Housing Price Balance,LOW,GBP
e49c5b36-f84d-444b-8ff5-fd64bb497218,02/11/2027 02:00:00,RBNZ Inflation Expectations (QoQ),HIGH,NZD
d4bcb077-7ae2-4748-803c-deb2b7796cc7,02/11/2027 13:00:00,NIESR GDP Estimate (3M),LOW,GBP
6ce44d48-a92b-449e-bfc4-96c12dc42e01,02/11/2027 13:30:00,Current Account n.s.a.,LOW,EUR
51d66c91-5359-4583-82a4-6400f9463f30,02/11/2027 13:30:00,Consumer Price Index (MoM),HIGH,USD
3a3d2bb2-1ffa-41f2-9689-21a7a871b85d,02/11/2027 13:30:00,Consumer Price Index (YoY),HIGH,USD
81bb5ef2-7507-4f5d-9379-56c91e3ab7e8,02/11/2027 13:30:00,Consumer Price Index Core s.a,LOW,USD
c244c128-615f-4838-b409-2bc9985af794,02/11/2027 13:30:00,Consumer Price Index ex Food & Energy (MoM),HIGH,USD
83022d4a-d90a-4fcd-ab52-adaac854f669,02/11/2027 13:30:00,Consumer Price Index ex Food & Energy (YoY),HIGH,USD
66c26d50-d0c0-4bed-bcd5-830b996ce3de,02/11/2027 13:30:00,Consumer Price Index n.s.a (MoM),LOW,USD
694357b4-2c75-4fd2-9570-ef796e17e25c,02/11/2027 13:30:00,Continuing Jobless Claims,LOW,USD
43c4180a-989b-47bc-b8c6-2c3cc67687d9,02/11/2027 13:30:00,Initial Jobless Claims,MEDIUM,USD
b8fb7887-0304-47c6-9f15-a87a07bb34c4,02/11/2027 13:30:00,Initial Jobless Claims 4-week average,LOW,USD
ebb70058-aacf-4fa4-90f8-4a96136c8aec,02/11/2027 15:00:00,Wholesale Inventories,LOW,USD
451be686-1553-40fd-9c47-1c263ddee08a,02/11/2027 15:30:00,EIA Natural Gas Storage Change,LOW,USD
f6a905a0-3645-49a8-b219-6d1922fc464e,02/11/2027 16:30:00,4-Week Bill Auction,LOW,USD
f38eddc5-9e7b-4a99-922b-5a47b98768e5,02/11/2027 18:00:00,30-Year Bond Auction,LOW,USD
37fa2c8d-ce7f-4544-8afd-59c161353740,02/11/2027 19:00:00,Monthly Budget Statement,MEDIUM,USD
07b92379-a490-4e57-bb32-f4ec4d6bed75,02/12/2027 06:30:00,ILO Unemployment,LOW,EUR
3d4fe6b2-62cc-4721-84ce-f932fcde6ee6,02/12/2027 07:00:00,Consumer Price Index (MoM),LOW,EUR
38762513-6ab4-4640-8492-365a7a6c473c,02/12/2027 07:00:00,Consumer Price Index (YoY),LOW,EUR
31517cd2-4a58-43df-8ef6-2e1b69825e4b,02/12/2027 07:00:00,Harmonized Index of Consumer Prices (MoM),MEDIUM,EUR
9a6d143a-6073-4326-a454-2b224644fb16,02/12/2027 07:00:00,Harmonized Index of Consumer Prices (YoY),HIGH,EUR
3bb2f94b-9734-4f80-bb28-16cdfd9c3b79,02/12/2027 07:00:00,Goods Trade Balance,LOW,GBP
3a9aa4e8-7652-4d1a-8f9d-b8b91579ff26,02/12/2027 07:00:00,Gross Domestic Product (MoM),MEDIUM,GBP
380da470-7338-4037-a6d7-60bc2faa58ea,02/12/2027 07:00:00,Gross Domestic Product (QoQ),HIGH,GBP
b5b21913-6711-4cec-b4a2-526c30a802ed,02/12/2027 07:00:00,Gross Domestic Product (YoY),HIGH,GBP
764f3832-f2dc-40e2-96fe-47e3405ee608,02/12/2027 07:00:00,Index of Services (3M/3M),LOW,GBP
4ab3929b-2d4a-4654-9398-951342385e79,02/12/2027 07:00:00,Industrial Production (MoM),MEDIUM,GBP
5d6efb14-0844-4b4e-8e90-8db3cd89b0a3,02/12/2027 07:00:00,Industrial Production (YoY),LOW,GBP
70798b6e-78e0-48bd-bdc5-7ea79935bdbd,02/12/2027 07:00:00,Manufacturing Production (MoM),MEDIUM,GBP
625e7c30-be86-4438-876c-032a051a5174,02/12/2027 07:00:00,Manufacturing Production (YoY),LOW,GBP
3061aeaa-589a-4131-b4fe-ff9dfcf0f849,02/12/2027 07:00:00,Total Business Investment (QoQ),LOW,GBP
e0664be1-398d-4851-a80f-140f2a211fd3,02/12/2027 07:00:00,Total Business Investment (YoY),LOW,GBP
166ac8b1-21b5-4446-9f26-393c415cc12d,02/12/2027 07:00:00,Total Trade Balance,LOW,GBP
5d3c41f6-5a3a-4d9d-b5fc-d56ded24bd94,02/12/2027 07:00:00,Trade Balance; non-EU,LOW,GBP
47ff94ef-0627-4a66-8664-f571240339a9,02/12/2027 10:00:00,M2 Money Supply (YoY),LOW,CNY
c2acdf93-3c97-485f-bbb1-995dab96d534,02/12/2027 10:00:00,New Loans,LOW,CNY
da5d3c3d-632f-4177-af06-d13dd7fa4255,02/12/2027 13:30:00,Building Permits (MoM),LOW,CAD
a524d18b-803f-4de2-be84-9af6a64cfe3e,02/12/2027 13:30:00,Export Price Index (MoM),LOW,USD
3cf3eeb7-750a-47b9-914f-20f9c5c4ba0b,02/12/2027 13:30:00,Export Price Index (YoY),LOW,USD
8ef5f232-1a8b-4b95-b1c7-58567a429a6f,02/12/2027 13:30:00,Import Price Index (MoM),LOW,USD
7f1d4538-db5b-47c0-a9e1-ab2cc3bc3f31,02/12/2027 13:30:00,Import Price Index (YoY),LOW,USD
245eb830-dd32-46d2-8dcb-249f2753463d,02/12/2027 13:30:00,Producer Price Index (MoM),MEDIUM,USD
f9ae11a6-6e57-48ea-aa14-a6cf519e02d6,02/12/2027 13:30:00,Producer Price Index (YoY),MEDIUM,USD
f9898fb5-c2cf-4e46-91fa-2683c4ace34d,02/12/2027 13:30:00,Producer Price Index ex Food & Energy (MoM),MEDIUM,USD
65e1d11f-ac3e-4c6e-b062-559d84e1c400,02/12/2027 13:30:00,Producer Price Index ex Food & Energy (YoY),HIGH,USD
65684363-3cff-4430-ba07-283badd1e44f,02/12/2027 15:00:00,Michigan Consumer Expectations Index,MEDIUM,USD
711e7c80-db0f-4453-a4d1-9305d99d8991,02/12/2027 15:00:00,Michigan Consumer Sentiment Index,HIGH,USD
69dbcbf7-bb23-4ebe-a3c3-ca26e3dee50f,02/12/2027 15:00:00,UoM 1-year Consumer Inflation Expectations,MEDIUM,USD
c4686b67-dabc-4786-902e-db0b4b409d43,02/12/2027 15:00:00,UoM 5-year Consumer Inflation Expectation,MEDIUM,USD
ae9c383b-4605-4bc2-9831-fe76e22409d7,02/12/2027 18:00:00,Baker Hughes US Oil Rig Count,LOW,USD
2d5ff254-abef-49a5-a837-ab2782897428,02/12/2027 20:30:00,CFTC AUD NC Net Positions,LOW,AUD
09d35e49-324f-4ee7-997a-496603926b41,02/12/2027 20:30:00,CFTC EUR NC Net Positions,LOW,EUR
51481386-2faa-43e1-aabc-038ebe531b2b,02/12/2027 20:30:00,CFTC JPY NC Net Positions,LOW,JPY
d6f83fcc-c465-4fce-b251-b831d7b6c4e3,02/12/2027 20:30:00,CFTC GBP NC Net Positions,LOW,GBP
0c880099-d332-4a92-8659-cbdd8d0b66f0,02/12/2027 20:30:00,CFTC Gold NC Net Positions,LOW,USD
df1f95ba-1196-44b3-be5a-8953047fbae2,02/12/2027 20:30:00,CFTC Oil NC Net Positions,LOW,USD
8a1fd077-ebf1-4405-ba86-330bcf03912c,02/12/2027 20:30:00,CFTC S&P 500 NC Net Positions,LOW,USD
b1688de0-f380-4d0d-8e6e-4a0885ed95cf,02/15/2027 00:01:00,Rightmove House Price Index (MoM),LOW,GBP
29fc7eab-cec9-4802-8dd3-26196281c7a4,02/15/2027 00:01:00,Rightmove House Price Index (YoY),LOW,GBP
99dd89f3-b730-4329-94fd-cdae473b1066,02/15/2027 02:00:00,Fixed Asset Investment (YTD) (YoY),LOW,CNY
4b9f6f4e-db17-445c-840d-a229f1148dc9,02/15/2027 02:00:00,Industrial Production (YoY),HIGH,CNY
7e002d48-67de-4f09-ba41-31823e80fb23,02/15/2027 02:00:00,Retail Sales (YoY),HIGH,CNY
a121520a-6acb-4ee1-be72-fc8bf08c915c,02/15/2027 05:00:00,Family Day,NONE,CAD
9a3217cf-b769-4dea-b083-39ee1c5de4ae,02/15/2027 05:00:00,Presidents' Day,NONE,USD
dee6a4c8-313b-4c39-a8fd-5f5c3d01150f,02/15/2027 07:00:00,Wholesale Price Index (MoM),LOW,EUR
1503f738-90ac-4731-913d-cc9dea87e18d,02/15/2027 07:00:00,Wholesale Price Index (YoY),LOW,EUR
cabda280-643b-4080-bd3a-e267410e9d09,02/15/2027 10:00:00,Industrial Production s.a. (MoM),MEDIUM,EUR
d44d71a2-a4c5-4cd7-846c-2647ea06b154,02/15/2027 10:00:00,Industrial Production w.d.a. (YoY),LOW,EUR
414b3793-2cc4-44dd-977e-50f17da67c13,02/15/2027 13:30:00,Manufacturing Sales (MoM),LOW,CAD
ae936c45-e234-4638-aa49-3e4758f32a4d,02/15/2027 13:30:00,NY Empire State Manufacturing Index,MEDIUM,USD
9683e5cb-91a5-458d-b905-3bab7bfec062,02/15/2027 16:30:00,3-Month Bill Auction,LOW,USD
00083edb-81e9-4e85-9ad1-e9e246150793,02/15/2027 16:30:00,6-Month Bill Auction,LOW,USD
ebd61de3-4f00-41fe-99b2-9bc73008ee8c,02/16/2027 07:00:00,Average Earnings Excluding Bonus (3Mo/Yr),MEDIUM,GBP
4f813b1f-6b92-4c69-8328-5c135c35c3a2,02/16/2027 07:00:00,Average Earnings Including Bonus (3Mo/Yr),MEDIUM,GBP
626fd38c-c894-476e-9a42-97c373e2a16d,02/16/2027 07:00:00,Claimant Count Change,HIGH,GBP
7fc5180f-7d69-47ef-9cce-c3a86fddf7c1,02/16/2027 07:00:00,Claimant Count Rate,MEDIUM,GBP
9e680387-207a-48cd-b725-2e6bcb8e3813,02/16/2027 07:00:00,Employment Change (3M),HIGH,GBP
7df30158-d535-4e7d-b31f-434cd396640c,02/16/2027 07:00:00,ILO Unemployment Rate (3M),HIGH,GBP
8eebd469-707f-4caa-82d9-3f5ef354e1dd,02/16/2027 10:00:00,ZEW Survey – Current Situation,MEDIUM,EUR
ae127fd9-b78a-4bf6-89e1-afba22ec44ea,02/16/2027 10:00:00,ZEW Survey – Economic Sentiment,MEDIUM,EUR
e479d375-165c-490d-8b7d-527b5afc6405,02/16/2027 10:00:00,Employment Change (QoQ),MEDIUM,EUR
1f640f38-3afa-43e8-9abf-8b1aa16307e7,02/16/2027 10:00:00,Employment Change (YoY),LOW,EUR
91229a33-2b3d-41a7-9d3c-aa9d979530ad,02/16/2027 10:00:00,Gross Domestic Product s.a. (QoQ),MEDIUM,EUR
c234077f-ad3c-48ae-adba-7c0910be62f6,02/16/2027 10:00:00,Gross Domestic Product s.a. (YoY),MEDIUM,EUR
63b12672-6aa2-49e3-9da5-89b8f33bd97f,02/16/2027 10:00:00,Trade Balance n.s.a.,LOW,EUR
f5db7d7a-8a8c-4ba2-bd53-edfc663fc05c,02/16/2027 10:00:00,Trade Balance s.a.,LOW,EUR
995d0629-ba13-44d5-a515-b388e30d658f,02/16/2027 10:00:00,ZEW Survey – Economic Sentiment,MEDIUM,EUR
7f20ba8b-2121-4a20-961f-01cc5f1f5330,02/16/2027 12:15:00,ADP Employment Change 4-week average,MEDIUM,USD
63cffc55-f4d4-41f8-ae74-def943167190,02/16/2027 13:15:00,Housing Starts s.a (YoY),LOW,CAD
41326a9d-65b0-4d06-b626-d488b7103e2c,02/16/2027 13:30:00,BoC Consumer Price Index Core (MoM),MEDIUM,CAD
7f8167fd-1382-4fbd-b062-e5191316d66f,02/16/2027 13:30:00,BoC Consumer Price Index Core (YoY),HIGH,CAD
44b3f215-4c38-442f-986c-636c1fb232e0,02/16/2027 13:30:00,Consumer Price Index - Core (MoM),LOW,CAD
ea12d622-adbc-4e16-83e2-e5ac054716ef,02/16/2027 13:30:00,Consumer Price Index (MoM),MEDIUM,CAD
49f6c682-842f-4809-b812-aaed5fd94460,02/16/2027 13:30:00,Consumer Price Index (YoY),HIGH,CAD
f2592a32-9ed5-4ccc-9136-49b0e8184782,02/16/2027 13:30:00,Wholesale Sales (MoM),LOW,CAD
227456de-4b35-4091-b2a1-7404a79e6b07,02/16/2027 13:55:00,Redbook Index (YoY),LOW,USD
d7f96e2e-c79f-4fab-b332-bf54e1ef21f6,02/16/2027 16:30:00,52-Week Bill Auction,LOW,USD
7b27c7cc-6fd0-42f2-b276-5c65ef02c5f8,02/16/2027 23:50:00,Adjusted Merchandise Trade Balance,MEDIUM,JPY
9134bc9a-cdc0-4f0c-8f37-7c948a8c770f,02/16/2027 23:50:00,Exports (YoY),MEDIUM,JPY
ca4e1c87-c441-4ad8-bf4b-7f4eca6a3d75,02/16/2027 23:50:00,Gross Domestic Product (QoQ),HIGH,JPY
fc997228-b3f1-4f84-ae02-04ea6ef83162,02/16/2027 23:50:00,Gross Domestic Product Annualized,MEDIUM,JPY
c3d92f4b-b074-4962-9cae-904d74e19b0c,02/16/2027 23:50:00,Gross Domestic Product Deflator (YoY),MEDIUM,JPY
db88ca5b-da51-49eb-9731-fc5457139271,02/16/2027 23:50:00,Imports (YoY),MEDIUM,JPY
b5f2e542-3f3a-42b1-972e-a551781ba434,02/16/2027 23:50:00,Merchandise Trade Balance Total,MEDIUM,JPY
77a9ca81-2c39-4c21-8835-5b820e824d27,02/17/2027 00:30:00,Wage Price Index (QoQ),MEDIUM,AUD
f9234cc4-2ab8-4b00-87bc-da9788c66c20,02/17/2027 00:30:00,Wage Price Index (YoY),LOW,AUD
4a2571c8-0311-42ef-8f9c-b531ac091247,02/17/2027 01:00:00,RBNZ Interest Rate Decision,HIGH,NZD
b40d9b0b-9be1-471e-95c0-aed717b764f0,02/17/2027 01:00:00,RBNZ Monetary Policy Review,HIGH,NZD
c9e36d3f-8172-4e8e-83f3-5229e27e13d6,02/17/2027 01:00:00,RBNZ Monetary Policy Statement,HIGH,NZD
e84d3759-6f02-4255-a498-cd2ccee6bec1,02/17/2027 01:30:00,"House Price Index ",LOW,CNY
c153f3f5-ba05-4172-9d6c-10dfdf1b91a3,02/17/2027 07:00:00,Consumer Price Index (MoM),HIGH,GBP
2ca507f5-7c22-4334-82d3-532e8d3461ab,02/17/2027 07:00:00,Consumer Price Index (YoY),HIGH,GBP
7f12df2f-a5e3-44fd-b05e-5e4afa6b9c53,02/17/2027 07:00:00,Core Consumer Price Index (YoY),HIGH,GBP
47843197-6bca-4dc9-b8e8-9a61c71c2d52,02/17/2027 07:00:00,PPI Core Output (MoM) n.s.a,MEDIUM,GBP
fe196fdc-aa46-4614-9ef1-2389837eedb1,02/17/2027 07:00:00,"PPI Core Output (YoY) n.s.a ",MEDIUM,GBP
2cdc63cc-89ef-4481-bb9d-b6a0e80db201,02/17/2027 07:00:00,Producer Price Index - Input (MoM) n.s.a,LOW,GBP
09cf7430-65c4-4fa2-9434-4b6408ca1a6d,02/17/2027 07:00:00,Producer Price Index - Input (YoY) n.s.a,LOW,GBP
5b323779-c6d0-4179-b3b5-3e2009802231,02/17/2027 07:00:00,Producer Price Index - Output (MoM) n.s.a,MEDIUM,GBP
36556caa-229a-476a-9f54-bfbc4cdc624d,02/17/2027 07:00:00,Producer Price Index - Output (YoY) n.s.a,LOW,GBP
89cc61c1-9d5f-42b8-942d-5742a4714608,02/17/2027 07:00:00,Retail Price Index (MoM),MEDIUM,GBP
36ff7274-72a4-4f64-878b-34fd5988a3e9,02/17/2027 07:00:00,Retail Price Index (YoY),MEDIUM,GBP
4b1b0966-696e-40f0-83af-a5b6beb7eff6,02/17/2027 09:30:00,DCLG House Price Index (YoY),LOW,GBP
b5bfea5e-8fb8-410e-94b3-813b96b93496,02/17/2027 10:00:00,Core Harmonized Index of Consumer Prices (MoM),MEDIUM,EUR
0d6dd5c4-f0b5-4e44-aa62-ccd60b5fa83f,02/17/2027 10:00:00,Core Harmonized Index of Consumer Prices (YoY),MEDIUM,EUR
d9ce53db-33f6-4ed6-8405-2370a3473672,02/17/2027 10:00:00,Harmonized Index of Consumer Prices (MoM),MEDIUM,EUR
ec6c2549-5295-4c27-a2b0-fa8a4e970270,02/17/2027 10:00:00,Harmonized Index of Consumer Prices (YoY),LOW,EUR
3f050dc3-c51a-42d6-adb9-c9a484a69490,02/17/2027 12:00:00,MBA Mortgage Applications,LOW,USD
4977f06a-0c1e-45ca-88e1-bf7e2387ab9d,02/17/2027 13:30:00,Canadian Portfolio Investment in Foreign Securities,LOW,CAD
34198c0e-e3a9-45b2-aa00-13d6e85c3dd1,02/17/2027 13:30:00,Foreign Portfolio Investment in Canadian Securities,LOW,CAD
87a76e69-18b5-4a9c-afa5-6314b63bc9aa,02/17/2027 13:30:00,Retail Sales (MoM),HIGH,USD
9b9f7973-bf92-4c75-861a-9fe3430e4f53,02/17/2027 13:30:00,Retail Sales (YoY),LOW,USD
bc4d7b8c-ab6d-4bf0-9ae6-12e252b2ba86,02/17/2027 13:30:00,Retail Sales Control Group,HIGH,USD
814697b8-8177-4095-9538-6605982d3833,02/17/2027 13:30:00,Retail Sales ex Autos (MoM),MEDIUM,USD
7fb51a94-782b-4115-8cf2-96ba14afa62b,02/17/2027 14:15:00,Capacity Utilization,LOW,USD
33db8f02-4cd0-4d4c-933f-d9d1584b69b2,02/17/2027 14:15:00,Industrial Production (MoM),MEDIUM,USD
96fd3dd4-2ef7-4c91-8ee5-8d27fc276361,02/17/2027 15:00:00,NAHB Housing Market Index,LOW,USD
44204113-b7b1-4d2c-8005-7b38e296abb2,02/17/2027 18:00:00,20-Year Bond Auction,LOW,USD
59f1a17e-06ef-4435-b1de-03c408af8780,02/17/2027 19:00:00,FOMC Minutes,HIGH,USD
9d9cc114-3a31-4ec4-a921-92274678dcee,02/17/2027 21:30:00,API Weekly Crude Oil Stock,LOW,USD
7e21405d-0588-4b49-a565-173a76ad8e4a,02/17/2027 21:45:00,Producer Price Index - Input (QoQ),LOW,NZD
f21cb5bf-edc9-4471-9078-fc7d875e8020,02/17/2027 21:45:00,Producer Price Index - Output (QoQ),MEDIUM,NZD
e6c9de4b-c2b7-475b-84fe-3aabd46041fd,02/18/2027 00:30:00,Employment Change s.a.,HIGH,AUD
0426ef31-ba10-4c82-b622-273f3470dbda,02/18/2027 00:30:00,Full-Time Employment,MEDIUM,AUD
a5ae5c93-f702-4bf8-9e3f-841a65fd178c,02/18/2027 00:30:00,Part-Time Employment,MEDIUM,AUD
11dfd3ca-a7d4-43a0-b66a-a7db1aedd196,02/18/2027 00:30:00,Participation Rate,MEDIUM,AUD
e84f4969-be04-432b-9252-7d2839cf74ea,02/18/2027 00:30:00,Unemployment Rate s.a.,HIGH,AUD
e05c04d8-549c-41f8-9952-a7d9d10275a3,02/18/2027 07:30:00,Industrial Production (YoY),MEDIUM,CHF
7e8f1ed7-9779-4caf-9b7a-a64f6171ee1b,02/18/2027 09:00:00,Current Account n.s.a,LOW,EUR
c6bd77ee-cf21-4131-8711-4e04c091e7ea,02/18/2027 09:00:00,Current Account s.a,LOW,EUR
f6a18e28-5109-495e-8a5c-bec03030b2b6,02/18/2027 10:00:00,Construction Output  s.a (MoM),LOW,EUR
761a0e3c-21e8-4b8e-bf02-ed819e92e5dd,02/18/2027 10:00:00,Construction Output w.d.a (YoY),LOW,EUR
f44b6078-fc3a-48d3-8deb-9a0606927789,02/18/2027 13:30:00,Employment Insurance Beneficiaries Change (MoM),LOW,CAD
9a3e16fc-e410-4435-aa66-144fb5f2be39,02/18/2027 13:30:00,Industrial Product Price (MoM),LOW,CAD
63f16e3c-f04c-47ff-b34c-c0c2237dc9d7,02/18/2027 13:30:00,Raw Material Price Index,LOW,CAD
f89117fa-c1e0-405a-855a-9a71f69601c1,02/18/2027 13:30:00,Building Permits (MoM),MEDIUM,USD
14e93bfe-49df-45bc-b259-8b1bcacebde7,02/18/2027 13:30:00,Building Permits Change,LOW,USD
abfcf2a9-f81f-4327-aa41-97203f77bb11,02/18/2027 13:30:00,Continuing Jobless Claims,LOW,USD
ceacd7aa-50b1-4b31-8fd6-5562a9500ab9,02/18/2027 13:30:00,Housing Starts (MoM),MEDIUM,USD
bc6448b6-ebdc-4d27-8ba9-11dff403a76f,02/18/2027 13:30:00,Housing Starts Change,LOW,USD
9952af65-3e94-4b4d-96d4-dbaa82305b0d,02/18/2027 13:30:00,Initial Jobless Claims,MEDIUM,USD
7f310f2a-d6a2-4c46-8231-96b418ff3da4,02/18/2027 13:30:00,Initial Jobless Claims 4-week average,LOW,USD
5f3056d2-acca-4d5f-a805-3e0eead608d7,02/18/2027 13:30:00,Philadelphia Fed Manufacturing Survey,MEDIUM,USD
6a0af5ae-7403-418e-8008-76ed7448e43b,02/18/2027 15:00:00,Existing Home Sales (MoM),LOW,USD
8ceb1eb3-447e-4a09-9bd3-8557ece29c41,02/18/2027 15:00:00,Existing Home Sales Change (MoM),MEDIUM,USD
60910d04-e4ce-424c-b77a-e622f8de4107,02/18/2027 15:00:00,Pending Home Sales (MoM),MEDIUM,USD
b05c022f-9938-4dc2-b74f-1581ccd761f2,02/18/2027 15:00:00,Pending Home Sales (YoY),LOW,USD
5d1adbee-208a-4883-b623-980f44741dd4,02/18/2027 15:30:00,EIA Natural Gas Storage Change,LOW,USD
5e7215de-11c5-464a-b658-f85df1760742,02/18/2027 16:30:00,4-Week Bill Auction,LOW,USD
3a9ddecd-c4fc-43ba-b2f7-a27468614503,02/18/2027 17:00:00,EIA Crude Oil Stocks Change,LOW,USD
d90d1381-30bc-4b35-a7d0-1c795af9f54c,02/18/2027 17:00:00,EIA Distillate Stocks Change,LOW,USD
814cee37-bee1-404b-b50f-57932c261252,02/18/2027 17:00:00,EIA Gasoline Stocks Change,LOW,USD
dedc7b1e-09f5-4376-b267-1d86023c22b1,02/18/2027 17:00:00,EIA Heating Oil Stocks Change,LOW,USD
92b476de-61a5-4533-9135-7958d58d481d,02/18/2027 18:00:00,30-year TIPS Auction,LOW,USD
b137e1f5-f231-46d4-9066-c7206c0103c9,02/18/2027 21:00:00,Net Long-Term TIC Flows,LOW,USD
84b88094-1341-4fed-8537-ef3f0d92252c,02/18/2027 21:00:00,Total Net TIC Flows,LOW,USD
21e32977-aa02-4d11-b3de-4748f2d3df43,02/18/2027 23:30:00,National Consumer Price Index (YoY),MEDIUM,JPY
64091944-743f-49e6-928d-b523fb89b9c3,02/18/2027 23:30:00,"National CPI ex Food, Energy (YoY)",MEDIUM,JPY
702f3db8-6866-43dc-ba8d-f6c3b3fe562e,02/18/2027 23:30:00,National CPI ex Fresh Food (YoY),MEDIUM,JPY
0f30bc33-ad96-4fcc-9f89-64eda6ff5de3,02/19/2027 00:01:00,GfK Consumer Confidence,MEDIUM,GBP
72a115e2-7d8f-4823-bb7d-bbfb7b8d08fc,02/19/2027 07:00:00,Producer Price Index (MoM),MEDIUM,EUR
74442e72-ff5d-4e90-8daa-3859efe286bd,02/19/2027 07:00:00,Producer Price Index (YoY),MEDIUM,EUR
2bda3b33-4c78-44a2-ab1c-cc67e2e0d7c6,02/19/2027 07:00:00,Public Sector Net Borrowing,LOW,GBP
c4c13121-5fd4-434a-8929-b58bb8e8e3a8,02/19/2027 07:00:00,Retail Sales (MoM),HIGH,GBP
4a18c232-31f4-40c4-a5bb-79653efb86f7,02/19/2027 07:00:00,Retail Sales (YoY),MEDIUM,GBP
6968e73b-8af1-4645-a7e0-db10ab390543,02/19/2027 07:00:00,Retail Sales ex-Fuel (MoM),MEDIUM,GBP
5237e05a-b55b-4a2a-8936-933c52850a83,02/19/2027 07:00:00,Retail Sales ex-Fuel (YoY),MEDIUM,GBP
c46512b4-823d-443c-80a5-5d5adb2e9945,02/19/2027 09:00:00,FDI - Foreign Direct Investment (YTD) (YoY),LOW,CNY
4f63c2b2-0ca9-491e-8dc8-28c94e88aebc,02/19/2027 13:30:00,New Housing Price Index (MoM),LOW,CAD
429d640f-1227-4f67-94da-314d520f386e,02/19/2027 13:30:00,New Housing Price Index (YoY),LOW,CAD
3b142a87-8635-4144-bd95-145986cf0e3d,02/19/2027 13:30:00,Retail Sales (MoM),MEDIUM,CAD
f81b9a4d-6181-443d-ba82-0ee71e2c6f43,02/19/2027 13:30:00,Retail Sales ex Autos (MoM),MEDIUM,CAD
cf5d5230-5528-484f-979d-c72df4558340,02/19/2027 18:00:00,Baker Hughes US Oil Rig Count,LOW,USD
70112c74-b020-4466-9252-9bb126de884d,02/19/2027 20:30:00,CFTC AUD NC Net Positions,LOW,AUD
f2476513-4db3-42de-adcd-b258236e9585,02/19/2027 20:30:00,CFTC EUR NC Net Positions,LOW,EUR
609ad3e5-b7c0-4ba8-bbb7-a4789261fd99,02/19/2027 20:30:00,CFTC JPY NC Net Positions,LOW,JPY
30c391a7-45c4-4616-b8d5-e0844cea2fd0,02/19/2027 20:30:00,CFTC GBP NC Net Positions,LOW,GBP
cabe250f-cb79-4650-9392-ff2b5d6b6da7,02/19/2027 20:30:00,CFTC Gold NC Net Positions,LOW,USD
417b1706-c227-4f1e-ad29-03b6d6abd6ee,02/19/2027 20:30:00,CFTC Oil NC Net Positions,LOW,USD
f08f44ce-b2cd-4f1a-b3b6-33397dbc9d01,02/19/2027 20:30:00,CFTC S&P 500 NC Net Positions,LOW,USD
57fff6b5-0ca4-40cf-af48-ee1e0799c38f,02/22/2027 01:15:00,PBoC Interest Rate Decision,MEDIUM,CNY
19fe41b1-5afb-4671-b6eb-eb2c4856e19a,02/22/2027 11:00:00,German Buba Monthly Report,LOW,EUR
d1aae6fc-ac06-438f-8c27-a52726de65d4,02/22/2027 13:30:00,"Chicago Fed National Activity Index ",LOW,USD
cb78a072-0a48-4201-92e1-b9ca405ace77,02/22/2027 15:00:00,The Emperor's Birthday,NONE,JPY
adb2dbb2-c2ef-404b-a020-ff2c1919172c,02/22/2027 16:30:00,3-Month Bill Auction,LOW,USD
41a7b08d-0b59-45b0-a49c-bf107606f207,02/22/2027 16:30:00,6-Month Bill Auction,LOW,USD
beede4bf-f248-4d83-82fe-1da8a779bf6f,02/23/2027 09:00:00,HCOB Composite PMI,HIGH,EUR
7973768f-e526-42e5-96ed-26edf02a0a1d,02/23/2027 09:00:00,HCOB Manufacturing PMI,HIGH,EUR
b8c8b0d2-a588-4c24-92d3-a862f5e658ab,02/23/2027 09:00:00,HCOB Services PMI,HIGH,EUR
728840af-601a-4125-8ef5-07f671b7d3c7,02/23/2027 09:30:00,S&P Global Composite PMI,HIGH,GBP
3e0d6f1d-7524-4607-9c18-ae424eabcbf5,02/23/2027 09:30:00,S&P Global Manufacturing PMI,HIGH,GBP
005c6d43-f296-49b7-899a-191d8f4464eb,02/23/2027 09:30:00,S&P Global Services PMI,HIGH,GBP
ae0a61f5-5cd1-430f-bef5-7007af20cb45,02/23/2027 10:00:00,Negotiated Wage Rates (QoQ),LOW,EUR
14fbdfcb-ac1a-4089-918d-82a30ebb6d55,02/23/2027 13:15:00,ADP Employment Change 4-week average,MEDIUM,USD
5bbc5df8-2329-4180-8ded-cd19360218fc,02/23/2027 13:55:00,Redbook Index (YoY),LOW,USD
93a46c40-ab3e-47de-af3e-00b3c8fb551c,02/23/2027 14:00:00,Housing Price Index (MoM),MEDIUM,USD
ffbc5489-2f3c-4c1b-baaa-d4261d8f0df1,02/23/2027 14:00:00,S&P/Case-Shiller Home Price Indices (YoY),LOW,USD
7e116988-3642-4011-8c43-9ee313f9f5f2,02/23/2027 15:00:00,Consumer Confidence,MEDIUM,EUR
06f87b53-c0c1-46f8-9b63-2e6df992ef6f,02/23/2027 15:00:00,Consumer Confidence,MEDIUM,USD
854c79b6-df58-484d-845f-d52bbe64785b,02/23/2027 15:00:00,Richmond Fed Manufacturing Index,LOW,USD
d25a8ad7-3c54-42fa-9d75-3e65f6c26dd3,02/23/2027 18:00:00,2-Year Note Auction,LOW,USD
52f190ba-d177-4f0a-b16d-e1a2fd714301,02/23/2027 21:30:00,API Weekly Crude Oil Stock,LOW,USD
0599a757-0d3f-4439-93fa-2024f5708df5,02/23/2027 21:45:00,Retail Sales (QoQ),HIGH,NZD
aabcf065-c417-4b39-b186-82380fb1a57e,02/23/2027 21:45:00,Retail Sales ex Autos (QoQ),MEDIUM,NZD
f0a2c7fb-8593-4551-8cb0-8298a72e9a58,02/24/2027 00:30:00,Construction Work Done,LOW,AUD
84270d70-3763-4ac0-be35-6b1fe00679f1,02/24/2027 00:30:00,Consumer Price Index (MoM),MEDIUM,AUD
d593c22f-1637-4fd0-bfe8-0fc216d794aa,02/24/2027 00:30:00,Consumer Price Index (YoY),HIGH,AUD
690fb421-c20d-4803-989d-a03c581a81c1,02/24/2027 00:30:00,Trimmed Mean CPI (MoM),MEDIUM,AUD
f907fdd8-a35a-4224-8a81-9bf9e00ddd76,02/24/2027 00:30:00,Trimmed Mean CPI (YoY),HIGH,AUD
ac6804a6-f83d-4f06-8d93-7fa6817aa82c,02/24/2027 08:00:00,Non-Monetary Policy ECB Meeting,MEDIUM,EUR
d6b828a1-deb3-4634-a156-7d8a69839c17,02/24/2027 08:30:00,HCOB Composite PMI,HIGH,EUR
161f48dd-a9a3-4d44-aa1a-97e4665ad2ee,02/24/2027 08:30:00,HCOB Manufacturing PMI,HIGH,EUR
6dbb1f05-a030-450d-b375-9f3e974b7a20,02/24/2027 08:30:00,HCOB Services PMI,HIGH,EUR
11e2b7f5-341e-445c-9bc6-0e7927642a52,02/24/2027 09:00:00,IFO – Business Climate,MEDIUM,EUR
0167934b-f56b-40d6-82c2-d0f56f1f02f5,02/24/2027 09:00:00,IFO – Current Assessment,MEDIUM,EUR
549d2755-e6f9-423d-bf9e-4de070e0ed65,02/24/2027 09:00:00,IFO – Expectations,MEDIUM,EUR
b3831181-0e79-407f-ae3c-30d5af01f5bf,02/24/2027 12:00:00,MBA Mortgage Applications,LOW,USD
01514793-5074-4c36-81fc-699074168b97,02/24/2027 14:45:00,S&P Global Composite PMI,MEDIUM,USD
d6e2a4f0-0334-4011-996c-4f998b748160,02/24/2027 14:45:00,S&P Global Manufacturing PMI,HIGH,USD
f3af6ad3-9b5a-4da3-807e-a5a41b4b0494,02/24/2027 14:45:00,S&P Global Services PMI,HIGH,USD
5be05521-8e2e-4ebd-a9d1-d0d4a6a868ac,02/24/2027 15:00:00,New Home Sales (MoM),LOW,USD
f5c06f4c-1f7f-49c3-9c6c-20c0007ddff7,02/24/2027 15:00:00,New Home Sales Change (MoM),MEDIUM,USD
458a9a2b-c54e-400a-8b0a-e06158b9576d,02/24/2027 15:30:00,EIA Crude Oil Stocks Change,LOW,USD
80287a98-5662-4c63-9a6e-a8b0f8668afc,02/24/2027 15:30:00,EIA Distillate Stocks Change,LOW,USD
5ae58a0a-b35f-4153-b809-6a62ea1ed37c,02/24/2027 15:30:00,EIA Gasoline Stocks Change,LOW,USD
c66e7b84-7e4d-4738-b5cf-a337ca3d03e5,02/24/2027 15:30:00,EIA Heating Oil Stocks Change,LOW,USD
0c25d0d9-6075-410f-90e1-e00fbd9e0d8f,02/24/2027 18:00:00,5-Year Note Auction,LOW,USD
fbf3e849-0779-477b-9c21-04ee9f26efa9,02/24/2027 18:00:00,7-Year Note Auction,LOW,USD
1164a2a8-c415-40f1-ad70-07e04a51b8d5,02/25/2027 00:30:00,Private Capital Expenditure,MEDIUM,AUD
245936af-7138-40fb-88da-0a4368d122b9,02/25/2027 07:00:00,GfK Consumer Confidence Survey,MEDIUM,EUR
1f5cfca2-b46a-40bf-ab46-27da435cebbd,02/25/2027 07:00:00,Gross Domestic Product (QoQ),MEDIUM,EUR
80aca5d1-796e-4598-b126-dc15824cd140,02/25/2027 07:00:00,Gross Domestic Product (YoY),MEDIUM,EUR
9c164153-a09a-419c-b7ba-7c396e25ff27,02/25/2027 07:00:00,Gross Domestic Product w.d.a (YoY),MEDIUM,EUR
8440613e-f0de-437b-b74f-5b874a59eaa7,02/25/2027 13:30:00,Continuing Jobless Claims,LOW,USD
b5df2f0f-fba6-4fb4-b308-3a24e540915f,02/25/2027 13:30:00,Core Personal Consumption Expenditures (QoQ),MEDIUM,USD
dfa17f30-1920-4a2a-a7ee-e3ce44426de7,02/25/2027 13:30:00,Goods Trade Balance,LOW,USD
5f29cc0b-0937-4430-bc43-98fbb7ae8f7a,02/25/2027 13:30:00,Gross Domestic Product Annualized,MEDIUM,USD
d0ff2b0f-39d5-4ac5-813b-c814727094bd,02/25/2027 13:30:00,Gross Domestic Product Price Index,MEDIUM,USD
88b621f7-7d44-4fb7-a7c4-964cb1a0b4dc,02/25/2027 13:30:00,Initial Jobless Claims,MEDIUM,USD
bc48c063-93ff-4888-9ff0-1d477b6f7c1f,02/25/2027 13:30:00,Initial Jobless Claims 4-week average,LOW,USD
637d5506-a6fe-4a33-98cb-859c0cfc818d,02/25/2027 13:30:00,Personal Consumption Expenditures Prices (QoQ),MEDIUM,USD
52966a59-db0c-404a-a93f-2f4512013f8f,02/25/2027 13:30:00,Wholesale Inventories,LOW,USD
6a6b0b24-f21e-49fa-a17b-8640a365b2e0,02/25/2027 15:30:00,Dallas Fed Manufacturing Business Index,LOW,USD
5eda5df1-b5bd-4887-bad5-fc783dc034eb,02/25/2027 15:30:00,EIA Natural Gas Storage Change,LOW,USD
69c93bb0-927c-435b-8995-57f43d21cfd2,02/25/2027 16:00:00,Kansas Fed Manufacturing Activity,LOW,USD
6c77412f-7568-4818-b2fc-8691ce300293,02/25/2027 16:30:00,4-Week Bill Auction,LOW,USD
fa526b47-3a65-4fba-9b96-dbaa61cc292d,02/25/2027 23:30:00,Tokyo Consumer Price Index (YoY),HIGH,JPY
23b2809b-d302-4083-80ae-f19adc634a0a,02/25/2027 23:30:00,"Tokyo CPI ex Food, Energy (YoY)",HIGH,JPY
9794c275-43f3-4b1d-9300-245cdccd35a1,02/25/2027 23:30:00,Tokyo CPI ex Fresh Food (YoY),MEDIUM,JPY
8e5f6600-345c-4859-880b-9ccc7add766a,02/26/2027 05:00:00,Annualized Housing Starts,LOW,JPY
a4a2e2bd-d1f3-4b5f-bd12-1356afa381f8,02/26/2027 05:00:00,Construction Orders (YoY),LOW,JPY
141aa474-b9b9-4b0f-b3d9-a92c351a8f38,02/26/2027 05:00:00,Housing Starts (YoY),LOW,JPY
f55d95f3-55ee-47cc-957f-8a9024461f38,02/26/2027 07:00:00,Gross Domestic Product (QoQ),HIGH,CHF
b925de73-c504-4b22-8750-a59595c9e921,02/26/2027 07:00:00,Gross Domestic Product (YoY),MEDIUM,CHF
480cc684-1014-4662-99c8-46ddd082184f,02/26/2027 07:00:00,Import Price Index (MoM),LOW,EUR
59bc002c-41f7-4ef8-a171-15cf2f307197,02/26/2027 07:00:00,Import Price Index (YoY),LOW,EUR
59e1a450-e9c3-4005-b844-33c11f42efbb,02/26/2027 07:30:00,Employment Level (QoQ),LOW,CHF
6b5810c2-e1a6-41fb-ac37-c2b2b75b1874,02/26/2027 07:45:00,Nonfarm Payrolls (QoQ),LOW,EUR
c65603c9-2f83-44f7-b0f5-959dc8187ae9,02/26/2027 09:00:00,Baden-Wuerttemberg CPI (MoM),LOW,EUR
ca23dc86-a859-4a51-beda-cf707fc799ed,02/26/2027 09:00:00,Baden-Wuerttemberg CPI (YoY),LOW,EUR
d55e9a38-d213-4802-acea-351ea889f9b7,02/26/2027 09:00:00,Bavaria CPI (MoM),LOW,EUR
23926ad8-2327-4620-82fa-1e6c29477095,02/26/2027 09:00:00,Bavaria CPI (YoY),LOW,EUR
a0252e4b-ba78-4cc0-b9b5-344287b40d5b,02/26/2027 09:00:00,Brandenburg CPI (MoM),LOW,EUR
f1d8c620-06d1-49a7-886b-3430104bf059,02/26/2027 09:00:00,Brandenburg CPI (YoY),LOW,EUR
e192a1b9-b78a-4eb4-82c3-84c8663985c7,02/26/2027 09:00:00,Hesse CPI (MoM),LOW,EUR
915ef521-ffc8-473d-b39a-e2b15a5b0c1e,02/26/2027 09:00:00,Hesse CPI (YoY),LOW,EUR
36263793-bb93-40c9-860d-575c3b598d8b,02/26/2027 09:00:00,North Rhine-Westphalia CPI (MoM),LOW,EUR
5125013d-ac1c-4ba7-afc6-6e55630af1c9,02/26/2027 09:00:00,North Rhine-Westphalia CPI (YoY),LOW,EUR
7fed6fb3-2a09-4039-afcd-4c76b4ca3f44,02/26/2027 09:00:00,Saxony CPI (MoM),LOW,EUR
1fae7f8a-8594-477e-9849-d1c3260af37b,02/26/2027 09:00:00,Saxony CPI (YoY),LOW,EUR
8df02d98-3a84-476f-a3f2-693a5a2b3a15,02/26/2027 09:00:00,M3 Money Supply (3m),LOW,EUR
2fda39e9-479a-43f3-8ff5-ba693fd3b79c,02/26/2027 09:00:00,M3 Money Supply (YoY),LOW,EUR
aede5a0a-4526-403a-820c-0940cd29d8a2,02/26/2027 09:00:00,Private Loans (YoY),LOW,EUR
326676a1-2a62-4ba7-ba2f-f5208f604344,02/26/2027 10:00:00,Business Climate,MEDIUM,EUR
fd175975-e320-401c-8947-e4e986bb5809,02/26/2027 10:00:00,Consumer Confidence,MEDIUM,EUR
869eef10-8255-4168-b61b-62c21c54da5c,02/26/2027 10:00:00,Economic Sentiment Indicator,MEDIUM,EUR
2d2e3ae3-c773-4e2f-be1a-84e8ad351ba7,02/26/2027 10:00:00,Industrial Confidence,LOW,EUR
f3b995c2-390d-43f3-b1bd-8f58e427213c,02/26/2027 10:00:00,Services Sentiment,LOW,EUR
7b49a719-36c8-476e-9551-c442fb97701b,02/26/2027 13:00:00,Consumer Price Index (MoM),HIGH,EUR
26bedf49-38ad-4b57-85e3-2a88d77dcdc8,02/26/2027 13:00:00,Consumer Price Index (YoY),HIGH,EUR
8d509f0c-9655-4173-b71b-6b1deb54d62a,02/26/2027 13:00:00,Harmonized Index of Consumer Prices (MoM),MEDIUM,EUR
16f283d9-3709-4df3-b384-698a5288f7e1,02/26/2027 13:00:00,Harmonized Index of Consumer Prices (YoY),HIGH,EUR
58b2070f-4643-4d9e-b574-54f0e17b4ab0,02/26/2027 13:30:00,Gross Domestic Product (QoQ),MEDIUM,CAD
1bd7b227-e0d1-4c00-92d7-ac1cbc823ae4,02/26/2027 13:30:00,Gross Domestic Product Annualized,HIGH,CAD
bed19152-ca59-4a09-8097-21fa90e582c7,02/26/2027 13:30:00,Core Personal Consumption Expenditures - Price Index (MoM),HIGH,USD
efa5a8e8-1ad0-458e-9fd7-46278db6c8d0,02/26/2027 13:30:00,Core Personal Consumption Expenditures - Price Index (YoY),HIGH,USD
dbac8418-0aa2-4c13-8ff3-d1470c5cfdb6,02/26/2027 13:30:00,Durable Goods Orders,MEDIUM,USD
ac62879e-29bc-4139-91f8-2d656aa7ede8,02/26/2027 13:30:00,Durable Goods Orders ex Defense,MEDIUM,USD
f0e64a31-e161-4763-b787-0a800d21b89b,02/26/2027 13:30:00,Durable Goods Orders ex Transportation,MEDIUM,USD
554b360a-2db0-4ddb-abfa-70b7e7b3595e,02/26/2027 13:30:00,Nondefense Capital Goods Orders ex Aircraft,MEDIUM,USD
1bb40a90-d90b-4f63-b66f-819c2004c7fe,02/26/2027 13:30:00,Personal Consumption Expenditures - Price Index (MoM),MEDIUM,USD
9a4b7780-6cab-4681-b556-749930d207c9,02/26/2027 13:30:00,Personal Consumption Expenditures - Price Index (YoY),MEDIUM,USD
51e36c89-d23e-424d-b062-719eddb202e6,02/26/2027 13:30:00,Personal Income (MoM),MEDIUM,USD
103c3077-e14f-41fc-bb4b-642ca2253a76,02/26/2027 13:30:00,Personal Spending,MEDIUM,USD
a51da214-58de-47f4-9e61-1e0131c786f3,02/26/2027 14:45:00,Chicago PMI,MEDIUM,USD
0ea9a8ff-5463-4428-9700-8c5c90bb9909,02/26/2027 15:00:00,Michigan Consumer Expectations Index,MEDIUM,USD
f1d69c3a-0444-41b4-8fc4-30580971d821,02/26/2027 15:00:00,Michigan Consumer Sentiment Index,MEDIUM,USD
c2ea4435-934d-4d2a-bedf-7ab818b802ae,02/26/2027 15:00:00,UoM 1-year Consumer Inflation Expectations,MEDIUM,USD
474058f5-0d7d-43e7-8fe1-052b8d2c9407,02/26/2027 15:00:00,UoM 5-year Consumer Inflation Expectation,MEDIUM,USD
12b14023-ef84-4b1f-b9d2-8c5208cf4d65,02/26/2027 18:00:00,Baker Hughes US Oil Rig Count,LOW,USD
7a305382-6180-4a61-82dd-b25456bd15a3,02/26/2027 20:30:00,CFTC AUD NC Net Positions,LOW,AUD
bcc6bf73-83d4-4c82-9697-c7eb8a5f424d,02/26/2027 20:30:00,CFTC EUR NC Net Positions,LOW,EUR
155d2144-6eb1-4368-8337-b955a7adc58c,02/26/2027 20:30:00,CFTC JPY NC Net Positions,LOW,JPY
b88402a4-87b9-43a5-a69b-2c69866a4996,02/26/2027 20:30:00,CFTC GBP NC Net Positions,LOW,GBP
916efa36-c33e-4a93-9fa1-ee61bab28245,02/26/2027 20:30:00,CFTC Gold NC Net Positions,LOW,USD
fab195c6-ace3-4e2e-8ede-1ce52190e20e,02/26/2027 20:30:00,CFTC Oil NC Net Positions,LOW,USD
68c983bf-0636-48a0-a982-2ba355e743de,02/26/2027 20:30:00,CFTC S&P 500 NC Net Positions,LOW,USD
f5ebb47f-2418-4588-8844-f158a1e6b04e,02/28/2027 23:50:00,Capital Spending,LOW,JPY
5c6730ce-4626-4525-99df-73ea21efc805,03/01/2027 00:01:00,BRC Shop Price Index (YoY),LOW,GBP
7917376f-22bb-4682-92ba-28c341c528e5,03/01/2027 00:30:00,Company Gross Operating Profits (QoQ),LOW,AUD
8c6962c1-4529-48ce-a7af-376de51352f8,03/01/2027 01:30:00,NBS Manufacturing PMI,HIGH,CNY
fb3bac6a-879b-4bb5-b448-e1717292807e,03/01/2027 01:30:00,NBS Non-Manufacturing PMI,HIGH,CNY
34c954af-ddc2-4cd6-adca-ac91df0b8d80,03/01/2027 01:45:00,RatingDog Manufacturing PMI,HIGH,CNY
2f56b131-bb0b-4329-8dec-9b8a381354b4,03/01/2027 07:00:00,Retail Sales (MoM),MEDIUM,EUR
b6985a13-131c-48f5-8980-9c633e30677f,03/01/2027 07:00:00,Retail Sales (YoY),HIGH,EUR
a0cd4fa6-ba84-42f7-bee6-10bd3ece0f0e,03/01/2027 08:55:00,HCOB Manufacturing PMI,MEDIUM,EUR
d41b7bf2-8f39-42ba-85ab-d9c98494e43a,03/01/2027 09:00:00,HCOB Manufacturing PMI,LOW,EUR
d606a5d2-a3f9-47e2-9517-841bfaecbd31,03/01/2027 09:30:00,S&P Global Manufacturing PMI,LOW,GBP
377b97b0-4870-4b5e-8e43-8e5ee28746f6,03/01/2027 13:30:00,Current Account,MEDIUM,CAD
fe249ce1-fbb7-4478-8030-c41d8664aad1,03/01/2027 13:30:00,Gross Domestic Product (MoM),MEDIUM,CAD
ca06e8d3-6292-4431-bec6-83a14e100fd2,03/01/2027 14:30:00,S&P Global Manufacturing PMI,MEDIUM,CAD
7a5ba4f7-6e97-4926-952f-260e1791b71a,03/01/2027 14:45:00,S&P Global Manufacturing PMI,LOW,USD
2d427677-6f4b-4cce-85e8-88aa0f32c301,03/01/2027 15:00:00,Construction Spending (MoM),LOW,USD
64e1f547-51c2-4409-abaa-a1cb2097d722,03/01/2027 15:00:00,ISM Manufacturing Employment Index,MEDIUM,USD
c5ef889c-5a64-4d8f-944c-590f9005cb57,03/01/2027 15:00:00,ISM Manufacturing New Orders Index,MEDIUM,USD
50fe780a-ac25-4436-a45c-c0665ed89cae,03/01/2027 15:00:00,ISM Manufacturing PMI,HIGH,USD
acde4ce2-96f9-4340-956d-d975dfba64da,03/01/2027 15:00:00,ISM Manufacturing Prices Paid,MEDIUM,USD
4b6f3bed-a369-4b14-967b-4003a13311b2,03/01/2027 16:30:00,3-Month Bill Auction,LOW,USD
a6ecdbcc-1041-4235-b56e-edde332cc25f,03/01/2027 16:30:00,6-Month Bill Auction,LOW,USD
5faa5538-65cb-41e4-9a5e-d593f815d98a,03/02/2027 07:00:00,Nationwide Housing Prices n.s.a (YoY),LOW,GBP
50a7660f-4c06-43e6-97d2-c80e5f55fc86,03/02/2027 07:00:00,Nationwide Housing Prices s.a (MoM),LOW,GBP
0cf3744b-8a67-4953-a04e-118b3569cb38,03/02/2027 08:55:00,Unemployment Change,MEDIUM,EUR
6544a8e6-7b4f-4bc2-b170-cc4b97814ecc,03/02/2027 08:55:00,Unemployment Rate s.a.,MEDIUM,EUR
5165a0b8-656d-442d-96e3-f438219be58b,03/02/2027 09:30:00,Consumer Credit,LOW,GBP
f7c5a67d-f6bd-4e08-a27d-82ce0536c4ff,03/02/2027 09:30:00,M4 Money Supply (MoM),LOW,GBP
a31fff2d-b22e-4ff3-b5cc-57f35f7cefe3,03/02/2027 09:30:00,M4 Money Supply (YoY),LOW,GBP
9db1c743-af9c-485f-9a54-f5eefcad94e4,03/02/2027 09:30:00,Mortgage Approvals,LOW,GBP
c18d96a6-2d70-4683-9221-45c703e2319b,03/02/2027 09:30:00,Net Lending to Individuals (MoM),LOW,GBP
4c4f8610-8cf6-43a2-adb6-3b609f866c9e,03/02/2027 10:00:00,Core Harmonized Index of Consumer Prices (MoM),HIGH,EUR
af5c1e1d-edf2-464f-a828-8f383cb119ce,03/02/2027 10:00:00,Core Harmonized Index of Consumer Prices (YoY),HIGH,EUR
a9e0eb3c-953e-4247-b716-b0c026b3391b,03/02/2027 10:00:00,Harmonized Index of Consumer Prices (MoM),HIGH,EUR
47ad2c41-beff-4588-aa5c-63cb177a1ec1,03/02/2027 10:00:00,Harmonized Index of Consumer Prices (YoY),HIGH,EUR
aa94ff8b-2355-4d76-8a78-76337e522710,03/02/2027 10:00:00,Unemployment Rate,MEDIUM,EUR
45387411-7f87-4857-ade7-c489b159385a,03/02/2027 13:55:00,Redbook Index (YoY),LOW,USD
62213ba6-eb9c-4965-90b8-4369829d9d84,03/02/2027 15:00:00,Factory Orders (MoM),MEDIUM,USD
1697e364-29af-42b8-9025-064880853ac9,03/02/2027 15:00:00,JOLTS Job Openings,MEDIUM,USD
55adf836-58ad-44fb-8daf-c5a9fa6f1dfa,03/02/2027 15:00:00,RealClearMarkets/TIPP Economic Optimism (MoM),LOW,USD
64a25345-33e0-48ce-b2e6-dbf0a0b0d532,03/02/2027 21:30:00,API Weekly Crude Oil Stock,LOW,USD
6d9a77cc-69bf-49b9-9697-92752b8c046d,03/03/2027 00:30:00,Gross Domestic Product (QoQ),HIGH,AUD
643d6b23-ed08-4b1f-a2f7-7a58bf422a3c,03/03/2027 00:30:00,Gross Domestic Product (YoY),MEDIUM,AUD
2c957723-57b3-4257-8ee6-f33768cbbdc1,03/03/2027 01:45:00,RatingDog Services PMI,HIGH,CNY
d28c375b-c280-43d4-b873-3059d0d1f963,03/03/2027 07:30:00,Consumer Price Index (MoM),MEDIUM,CHF
fb6887c3-e30f-4637-8b02-db1adfdcb2a9,03/03/2027 07:30:00,Consumer Price Index (YoY),HIGH,CHF
8fa9a6eb-d4b4-4208-852e-1642ae6423c3,03/03/2027 08:55:00,HCOB Composite PMI,MEDIUM,EUR
adf49c8a-2fd1-446a-9ece-d779bb9b8827,03/03/2027 08:55:00,HCOB Services PMI,MEDIUM,EUR
54177a07-df59-42a4-a5c4-7bec80b4e5e3,03/03/2027 09:00:00,HCOB Composite PMI,MEDIUM,EUR
ffb38a96-1a6a-4bb4-ad88-3d886896405b,03/03/2027 09:00:00,HCOB Services PMI,LOW,EUR
cd232a34-6b78-407e-a683-548eb559ddc4,03/03/2027 09:30:00,S&P Global Composite PMI,LOW,GBP
1527a7c0-cd23-468c-bc3a-82042166b22d,03/03/2027 09:30:00,S&P Global Services PMI,LOW,GBP
aea8200f-73bf-4e5d-b8c3-2fb41eeaf419,03/03/2027 12:00:00,MBA Mortgage Applications,LOW,USD
7accb7be-dd87-4113-8ee4-260dfa5a9e46,03/03/2027 13:15:00,ADP Employment Change,HIGH,USD
c64ea1da-dad9-4ade-9211-4c4f7bfd8f1e,03/03/2027 13:30:00,Labor Productivity (QoQ),LOW,CAD
df93ec7f-8e6e-41a6-a0fb-749921c36437,03/03/2027 13:30:00,Goods and Services Trade Balance,LOW,USD
06a95254-4712-4794-a30e-d49d54a4341f,03/03/2027 13:30:00,Goods Trade Balance,LOW,USD
dd249242-0b5f-4eb1-84b7-115585feac5e,03/03/2027 14:45:00,S&P Global Composite PMI,MEDIUM,USD
06ab9787-861d-47ba-96a2-9833e8fb5772,03/03/2027 14:45:00,S&P Global Services PMI,LOW,USD
fa327655-08e3-4c20-8725-4f1ba39c55e5,03/03/2027 15:00:00,ISM Services Employment Index,MEDIUM,USD
57d4efd0-2065-4d39-883f-25250bdfbeb7,03/03/2027 15:00:00,ISM Services New Orders Index,MEDIUM,USD
9592068d-cdec-4a4b-aac7-5cd619fe3263,03/03/2027 15:00:00,ISM Services PMI,HIGH,USD
7d2490d4-57c9-4710-b035-deb8078431df,03/03/2027 15:00:00,ISM Services Prices Paid,MEDIUM,USD
a22457e6-12f6-4491-95ef-649024c3d064,03/03/2027 15:30:00,EIA Crude Oil Stocks Change,LOW,USD
c2345b2a-cac5-43dc-98f4-862c353f0952,03/03/2027 15:30:00,EIA Distillate Stocks Change,LOW,USD
de1888dc-b91c-4e51-acb5-c49fee047db7,03/03/2027 15:30:00,EIA Gasoline Stocks Change,LOW,USD
ec2ceae5-81ee-48f8-b5d0-e4ef0e352529,03/03/2027 15:30:00,EIA Heating Oil Stocks Change,LOW,USD
dd7c0a41-1ea0-40ef-8bb5-18d07c4f225e,03/03/2027 20:30:00,Total Vehicle Sales,LOW,USD
c4630f1c-241d-496e-9902-ecdf4b4a2016,03/03/2027 21:45:00,Terms of Trade Index,LOW,NZD
416e1d50-3d67-4fbd-bf5b-17cbf3d0a91d,03/04/2027 00:30:00,Exports (MoM),MEDIUM,AUD
0666d89b-bf04-41e9-b6a5-0f733ffa0334,03/04/2027 00:30:00,Imports (MoM),MEDIUM,AUD
7b43c4d0-0f6f-42b7-b186-e6da0817c478,03/04/2027 00:30:00,Trade Balance (MoM),HIGH,AUD
01069b8d-2e65-4b91-b756-58a0929b1a6c,03/04/2027 09:30:00,S&P Global Construction PMI,LOW,GBP
a53821a5-c8a2-4832-9d7f-7d7c442bf08d,03/04/2027 10:00:00,Producer Price Index (MoM),MEDIUM,EUR
50ce66ad-cca9-4f55-8a7e-fe56ab1d7d4e,03/04/2027 10:00:00,Producer Price Index (YoY),MEDIUM,EUR
47dd8e30-1e17-4bb5-a474-3693eb1b2519,03/04/2027 10:30:00,Challenger Job Cuts,MEDIUM,USD
04e6ed33-d4a0-4f3b-a210-6439e34d31ef,03/04/2027 13:30:00,Continuing Jobless Claims,LOW,USD
b6a11cae-026d-42c5-8618-15bc7d506d8f,03/04/2027 13:30:00,Initial Jobless Claims,MEDIUM,USD
4944315c-8f22-41a2-a2fb-765fed2bf56a,03/04/2027 13:30:00,Initial Jobless Claims 4-week average,LOW,USD
8d71a61a-bbc0-426b-81e2-d330c8e07f4e,03/04/2027 13:30:00,Nonfarm Productivity,MEDIUM,USD
d984a6c8-7c32-4ab4-a788-9132c30f297e,03/04/2027 13:30:00,Unit Labor Costs,MEDIUM,USD
44ff11fd-b54c-4823-8b33-d57ca025b547,03/04/2027 15:00:00,Ivey Purchasing Managers Index,MEDIUM,CAD
d2e4b6d6-e0fd-4f8c-af8b-459e9319c856,03/04/2027 15:00:00,Ivey Purchasing Managers Index s.a,MEDIUM,CAD
11c13cca-cbf9-48e5-a16c-1dd0e5db1ef4,03/04/2027 15:30:00,EIA Natural Gas Storage Change,LOW,USD
0ca7ed52-de1e-4d87-b3e0-780dc55b048d,03/04/2027 16:30:00,4-Week Bill Auction,LOW,USD
8d48aabf-298a-4260-8969-a12f4cdd5664,03/05/2027 07:00:00,Factory Orders n.s.a. (YoY),MEDIUM,EUR
9684155d-6b64-45a9-8329-ff1fe9d8bfbd,03/05/2027 07:00:00,Factory Orders s.a. (MoM),MEDIUM,EUR
814841fb-5cb7-4fc7-8422-28395cdbd5e8,03/05/2027 10:00:00,Retail Sales (MoM),MEDIUM,EUR
867cafc5-8eb6-436f-851e-e4c5661dae62,03/05/2027 10:00:00,Retail Sales (YoY),HIGH,EUR
2ec26754-49a9-41ea-898c-b8f97f42ca7b,03/05/2027 13:30:00,Average Hourly Earnings (MoM),HIGH,USD
fd61e0fb-6f48-44ea-b8a5-a23043e8fed4,03/05/2027 13:30:00,Average Hourly Earnings (YoY),HIGH,USD
71d5453f-3f89-404f-8316-f1755ee1be64,03/05/2027 13:30:00,Average Weekly Hours,LOW,USD
2f754e06-c6be-43d1-950c-a01e2f837808,03/05/2027 13:30:00,Labor Force Participation Rate,MEDIUM,USD
1f9372c6-612c-43b0-b4e9-9237c11a79c3,03/05/2027 13:30:00,Nonfarm Payrolls,HIGH,USD
4f18f30e-6966-4969-8790-fa97c8040425,03/05/2027 13:30:00,U6 Underemployment Rate,MEDIUM,USD
aa805854-9595-4712-81b1-e82eba10d7f0,03/05/2027 13:30:00,Unemployment Rate,MEDIUM,USD
2e9826dd-01ce-420b-88c9-9cff75615460,03/05/2027 18:00:00,Baker Hughes US Oil Rig Count,LOW,USD
f21f50aa-7c0b-4ca9-9efa-8bce6728162f,03/05/2027 20:00:00,Consumer Credit Change,LOW,USD
64def987-84dd-4ae3-82e5-638b201a014c,03/05/2027 20:30:00,CFTC AUD NC Net Positions,LOW,AUD
6a90b9a8-6e2e-4c33-98cb-7888d184d6a2,03/05/2027 20:30:00,CFTC EUR NC Net Positions,LOW,EUR
1c5ec7a2-a703-494d-9115-978735fdfb63,03/05/2027 20:30:00,CFTC JPY NC Net Positions,LOW,JPY
45194e94-23cd-4fc5-bce3-586fc2f85474,03/05/2027 20:30:00,CFTC GBP NC Net Positions,LOW,GBP
93fd465f-53b0-45f5-923f-9912d3f71ce4,03/05/2027 20:30:00,CFTC Gold NC Net Positions,LOW,USD
468c233e-3650-4cba-83af-b1f281f8dab0,03/05/2027 20:30:00,CFTC Oil NC Net Positions,LOW,USD
b610b1d2-b1ad-469b-a883-869cec3c9fa5,03/05/2027 20:30:00,CFTC S&P 500 NC Net Positions,LOW,USD
48e89e29-1c20-4e14-9fca-07a785d1f3e7,03/07/2027 08:00:00,Foreign Exchange Reserves (MoM),LOW,CNY
940bdf55-a2a5-4260-9dc7-50b44a51dea1,03/07/2027 21:45:00,Manufacturing Sales,LOW,NZD
8949b83c-a05e-4c49-b403-19e4b9cea374,03/07/2027 23:50:00,Current Account n.s.a.,MEDIUM,JPY
2b3868d7-47b9-43c2-9276-657470147ac6,03/07/2027 23:50:00,Trade Balance - BOP Basis,LOW,JPY
1eefc396-9f13-45ec-818d-ba74a3d86884,03/08/2027 07:00:00,Lloyds House Price Index (MoM),LOW,GBP
b2f7f7fa-f56c-436c-954f-6e2c59c3db0f,03/08/2027 07:00:00,Lloyds House Price Index (YoY),LOW,GBP
596ca535-d5bd-406f-a57b-b51d967caba9,03/08/2027 09:30:00,Sentix Investor Confidence,MEDIUM,EUR
1a31f4ce-3586-4db2-a75e-719632b70552,03/08/2027 10:00:00,Employment Change (QoQ),MEDIUM,EUR
fc60476e-4e55-4b3c-90fc-1847bfb479d8,03/08/2027 10:00:00,Employment Change (YoY),LOW,EUR
a69578f0-f977-41ff-bfd2-354e6f766560,03/08/2027 10:00:00,Gross Domestic Product s.a. (QoQ),MEDIUM,EUR
a373ba48-3bee-46bd-a60d-ed6155f0d088,03/08/2027 10:00:00,Gross Domestic Product s.a. (YoY),MEDIUM,EUR
71e59649-d05b-4ee9-81d9-005624fbd185,03/08/2027 16:30:00,3-Month Bill Auction,LOW,USD
b6d8c05f-327e-4ec9-92f5-ba285db82918,03/08/2027 16:30:00,6-Month Bill Auction,LOW,USD
64c8792f-df03-479f-a955-9732c8866055,03/09/2027 00:01:00,BRC Like-For-Like Retail Sales (YoY),MEDIUM,GBP
5afd81f6-2b19-4af3-92f9-bd40186fdbb3,03/09/2027 01:30:00,Consumer Price Index (MoM),MEDIUM,CNY
637ee686-c258-4d8e-8dd8-87d5d3765483,03/09/2027 01:30:00,Consumer Price Index (YoY),HIGH,CNY
3e24f40e-8bc1-4963-8f48-bdf104e85c9f,03/09/2027 01:30:00,Producer Price Index (YoY),MEDIUM,CNY
d9502dbc-8de7-4386-8021-a1cd079a1caf,03/09/2027 07:00:00,Exports (MoM),LOW,EUR
c235545b-088d-48dd-9aaa-0f5e53d8262f,03/09/2027 07:00:00,Imports (MoM),LOW,EUR
fb32290b-2db8-4171-85a2-6134bf7e8f67,03/09/2027 07:00:00,Industrial Production n.s.a. w.d.a. (YoY),MEDIUM,EUR
ebda29fd-6245-4623-823f-507c2076499b,03/09/2027 07:00:00,Industrial Production s.a. (MoM),MEDIUM,EUR
d669714e-2ecc-47f7-9e96-ed7a622140df,03/09/2027 07:00:00,Trade Balance s.a.,MEDIUM,EUR
b873de8a-9974-4cd9-bb37-ca6566467320,03/09/2027 11:00:00,NFIB Business Optimism Index,LOW,USD
b2dbf85e-5592-4e7f-b30a-880be99a89b6,03/09/2027 13:15:00,ADP Employment Change 4-week average,MEDIUM,USD
cacb5735-799e-4c44-8e27-fe3923a0f0e0,03/09/2027 13:30:00,Exports,LOW,CAD
0dfc2be7-ccc9-43e9-9d00-50085bd1bc65,03/09/2027 13:30:00,Imports,LOW,CAD
81cfd49d-83ab-4eec-bac6-a928af81f62c,03/09/2027 13:30:00,International Merchandise Trade,LOW,CAD
69a4d7fa-39ea-4f4d-8de9-453c915e9287,03/09/2027 13:55:00,Redbook Index (YoY),LOW,USD
a0980ab0-c67f-4050-a732-5980fa54c8a4,03/09/2027 18:00:00,3-Year Note Auction,LOW,USD
fa283e9a-0d23-41e0-94bf-0ff9b354e41a,03/09/2027 21:30:00,API Weekly Crude Oil Stock,LOW,USD
0b0a3280-b196-4f7f-bddc-920e8e5802b7,03/10/2027 03:00:00,Exports (YoY),MEDIUM,CNY
d166e563-c5ce-4e8a-9853-300d627f9c3e,03/10/2027 03:00:00,Exports (YoY) CNY,MEDIUM,CNY
eec9a827-aae6-4c34-b91b-40c4e3e7cb46,03/10/2027 03:00:00,Imports (YoY),MEDIUM,CNY
374c17ed-7e0e-457c-ac2e-151a0ee2845d,03/10/2027 03:00:00,Imports (YoY) CNY,MEDIUM,CNY
d570ca4e-bb07-462d-891a-c27a39bbce30,03/10/2027 03:00:00,Trade Balance CNY,MEDIUM,CNY
44a39e66-2e9b-475e-bfee-02bac0e00c79,03/10/2027 03:00:00,Trade Balance USD,MEDIUM,CNY
55cc0412-7dc1-4a69-a761-e1ce173f684a,03/10/2027 12:00:00,MBA Mortgage Applications,LOW,USD
17846e24-26e8-4b89-abf7-d505a38eaaae,03/10/2027 15:00:00,Wholesale Inventories,LOW,USD
dd9e132f-eefc-4538-b684-7d182b9bedc5,03/10/2027 15:30:00,EIA Crude Oil Stocks Change,LOW,USD
40ddf090-fd9c-4003-bd62-4239d445cf66,03/10/2027 15:30:00,EIA Distillate Stocks Change,LOW,USD
b43e1fa8-e1f7-405c-a99b-16ce9a9b5806,03/10/2027 15:30:00,EIA Gasoline Stocks Change,LOW,USD
7a0d1c71-05cd-4cc0-a3b4-6acc18beaa3c,03/10/2027 15:30:00,EIA Heating Oil Stocks Change,LOW,USD
16144ca7-079c-4116-a3da-9312a114812b,03/10/2027 18:00:00,10-Year Note Auction,LOW,USD
2253ba0d-81a0-4241-b342-454aa523d74b,03/10/2027 23:50:00,BSI Large Manufacturing Conditions Index (QoQ),LOW,JPY
6c856ab9-24d2-4b08-aad0-1cddbb0e552c,03/10/2027 23:50:00,Gross Domestic Product (QoQ),HIGH,JPY
c3d03bc3-4d9c-458d-87de-97c7e2f3376c,03/10/2027 23:50:00,Gross Domestic Product Annualized,MEDIUM,JPY
93ab3611-53de-4765-bb60-87c6e86abe16,03/10/2027 23:50:00,Gross Domestic Product Deflator (YoY),MEDIUM,JPY
78f76903-4ce1-425a-a546-b9412508f80d,03/11/2027 00:01:00,RICS Housing Price Balance,LOW,GBP
97561721-b077-4686-ae32-6b61323375af,03/11/2027 13:00:00,NIESR GDP Estimate (3M),LOW,GBP
8036c254-b45c-4707-b84a-2548e51b27d9,03/11/2027 13:30:00,Current Account n.s.a.,LOW,EUR
6208c036-3009-4686-bf83-9d9bd765c343,03/11/2027 13:30:00,Consumer Price Index (MoM),HIGH,USD
2f332c01-d972-4c54-aeb1-e6eef67e5d9d,03/11/2027 13:30:00,Consumer Price Index (YoY),HIGH,USD
34743e51-38a7-44f8-a786-8f0ade065015,03/11/2027 13:30:00,Consumer Price Index Core s.a,LOW,USD
94a30a20-3c0e-4683-89d2-ab519d5f9a79,03/11/2027 13:30:00,Consumer Price Index ex Food & Energy (MoM),HIGH,USD
c667309c-39c3-4d16-a24d-e7cc9cb2981c,03/11/2027 13:30:00,Consumer Price Index ex Food & Energy (YoY),HIGH,USD
66a89324-320a-49cf-8d8c-30ecc7814305,03/11/2027 13:30:00,Consumer Price Index n.s.a (MoM),LOW,USD
a768773e-b0b3-4a8a-b107-4b5725da3f90,03/11/2027 13:30:00,Continuing Jobless Claims,LOW,USD
736e7b27-8898-4c8a-a57b-6f16dc4a6767,03/11/2027 13:30:00,Initial Jobless Claims,MEDIUM,USD
04bd1942-3d1d-41f0-8046-c4e75be9e7fc,03/11/2027 13:30:00,Initial Jobless Claims 4-week average,LOW,USD
d133c3b0-852f-48ab-99ed-a7221a366f17,03/11/2027 15:30:00,EIA Natural Gas Storage Change,LOW,USD
a992381d-46ca-451c-a21a-5f1c62db4d2e,03/11/2027 16:30:00,4-Week Bill Auction,LOW,USD
60f19b97-0d25-421c-815a-43031e1d854f,03/11/2027 18:00:00,30-Year Bond Auction,LOW,USD
5ccaa8f4-2749-4e10-88a1-74eef9c89efe,03/11/2027 19:00:00,Monthly Budget Statement,MEDIUM,USD
d7c81368-4d1b-4499-a562-5fdd73f59c96,03/12/2027 07:00:00,Consumer Price Index (MoM),LOW,EUR
3b7d0fd7-2d3b-490e-b4ae-356766427df5,03/12/2027 07:00:00,Consumer Price Index (YoY),LOW,EUR
a8f5c877-a503-4a3c-874b-5ffbd4da2958,03/12/2027 07:00:00,Harmonized Index of Consumer Prices (MoM),MEDIUM,EUR
88271640-818f-4750-924a-f97853c4ade3,03/12/2027 07:00:00,Harmonized Index of Consumer Prices (YoY),HIGH,EUR
bcf90d94-d273-4dfe-ad26-50528338b56a,03/12/2027 07:00:00,Goods Trade Balance,LOW,GBP
5093966f-7023-4cac-a56d-7f78be294e09,03/12/2027 07:00:00,Gross Domestic Product (MoM),MEDIUM,GBP
65d23a12-0d29-4b1f-8769-e9f25938ecbf,03/12/2027 07:00:00,Index of Services (3M/3M),LOW,GBP
3f6e26fc-f15a-4338-bb99-4d59151fed2a,03/12/2027 07:00:00,Industrial Production (MoM),MEDIUM,GBP
cc329422-3136-4435-8098-787d4d661f63,03/12/2027 07:00:00,Industrial Production (YoY),LOW,GBP
4a112cca-c51e-4143-b0fe-4d8c1802828e,03/12/2027 07:00:00,Manufacturing Production (MoM),MEDIUM,GBP
cdef38a6-d7f9-4c71-8e98-a2a4c2dd7876,03/12/2027 07:00:00,Manufacturing Production (YoY),LOW,GBP
ede80371-d92d-4025-833a-f8e994369cfa,03/12/2027 07:00:00,Total Trade Balance,LOW,GBP
7e7ac3f9-5a0e-40c7-a03f-c7fbfe825f24,03/12/2027 07:00:00,Trade Balance; non-EU,LOW,GBP
cd8a1c42-7821-4d59-905b-5fc73cab440e,03/12/2027 09:30:00,Consumer Inflation Expectations,MEDIUM,GBP
45e06504-1d8f-4456-a3ab-0e4e12829b35,03/12/2027 10:00:00,M2 Money Supply (YoY),LOW,CNY
99a1c4a6-8560-442a-8024-91b98884386e,03/12/2027 10:00:00,New Loans,LOW,CNY
9c252fc0-2c44-4f4e-bdec-0e1fb12e87ba,03/12/2027 12:30:00,Producer Price Index (MoM),MEDIUM,USD
a7092fcc-8e49-4c69-81f3-76fef85eb43d,03/12/2027 12:30:00,Producer Price Index (YoY),MEDIUM,USD
7fdede6b-fc04-4e2c-9588-466987566fa4,03/12/2027 12:30:00,Producer Price Index ex Food & Energy (MoM),MEDIUM,USD
0e7bd5e5-31b9-4283-9b06-3b7d0abc43a9,03/12/2027 12:30:00,Producer Price Index ex Food & Energy (YoY),HIGH,USD
0b0ff7cd-4c4a-4777-a16a-224a1141471c,03/12/2027 13:30:00,Average Hourly Wages (YoY),MEDIUM,CAD
75600893-e086-464f-b4cf-0eb89db11b16,03/12/2027 13:30:00,Building Permits (MoM),LOW,CAD
810eb8e1-fab0-4327-9a9e-78a6611c3262,03/12/2027 13:30:00,Net Change in Employment,HIGH,CAD
6c4196cb-dc18-4220-ae34-0d4dc1230772,03/12/2027 13:30:00,Participation Rate,LOW,CAD
31b94974-2747-479a-bbe1-8aaf89f2fd68,03/12/2027 13:30:00,Unemployment Rate,HIGH,CAD
05009d7a-8dbd-45e8-bb39-d86eba33bf3c,03/12/2027 13:30:00,Export Price Index (MoM),LOW,USD
a28cc68e-79ee-46d3-9beb-f87e01c40e82,03/12/2027 13:30:00,Export Price Index (YoY),LOW,USD
8898d4f7-bd9f-4a02-ba94-0c0d54f9aa45,03/12/2027 13:30:00,Import Price Index (MoM),LOW,USD
487bc28e-f097-4712-b8ef-65c2997b9294,03/12/2027 13:30:00,Import Price Index (YoY),LOW,USD
1e932f88-217d-460b-b229-e3a9dbccc1dd,03/12/2027 14:00:00,Michigan Consumer Expectations Index,MEDIUM,USD
024c4780-d0fc-41b4-9091-d5b128c6458d,03/12/2027 14:00:00,Michigan Consumer Sentiment Index,HIGH,USD
f19457f2-2c04-428e-ad49-26945661769f,03/12/2027 14:00:00,UoM 1-year Consumer Inflation Expectations,MEDIUM,USD
69c35aef-7928-4265-9f44-cbbfdad9029e,03/12/2027 14:00:00,UoM 5-year Consumer Inflation Expectation,MEDIUM,USD
ac515879-f3d6-4f49-9a8e-6d2d5348bb03,03/12/2027 18:00:00,Baker Hughes US Oil Rig Count,LOW,USD
7131d40c-72c3-4c68-af4c-07b1d1918c6a,03/12/2027 20:30:00,CFTC AUD NC Net Positions,LOW,AUD
4c21f75a-4991-4c68-9c3a-6d43e512a0c2,03/12/2027 20:30:00,CFTC EUR NC Net Positions,LOW,EUR
fb039317-33fa-4c36-a43e-bf90feed0f82,03/12/2027 20:30:00,CFTC JPY NC Net Positions,LOW,JPY
fc413685-6e74-4a2e-8a72-2175766ea548,03/12/2027 20:30:00,CFTC GBP NC Net Positions,LOW,GBP
72636ca9-2f86-46b1-b1e1-c5326a23efb4,03/12/2027 20:30:00,CFTC Gold NC Net Positions,LOW,USD
ed3dc886-8b67-45c6-99bc-7b869864b8d4,03/12/2027 20:30:00,CFTC Oil NC Net Positions,LOW,USD
37c4ef5e-378f-490d-93f7-c9eedd31a4ea,03/12/2027 20:30:00,CFTC S&P 500 NC Net Positions,LOW,USD
305eb0fc-e796-4cd0-9781-048c8f5ea59e,03/14/2027 07:00:00," Daylight Saving Time ",NONE,CAD
a8817804-f521-40d5-9c0d-c43d9a4c943d,03/14/2027 07:00:00,"Daylight Saving Time ",NONE,USD
29aaf15d-f82d-4a8c-be0b-03b91acd5796,03/14/2027 23:01:00,Rightmove House Price Index (MoM),LOW,GBP
371a6fd4-efa9-40b0-90b0-4daf3982783e,03/14/2027 23:01:00,Rightmove House Price Index (YoY),LOW,GBP
03ba1bd9-a49e-4a33-ae45-d02322fe38db,03/15/2027 02:00:00,Fixed Asset Investment (YTD) (YoY),LOW,CNY
20d68045-cfba-4e0d-ab46-f362c77c3947,03/15/2027 02:00:00,Industrial Production (YoY),HIGH,CNY
47c2551c-418b-42b8-930c-51ca3ad4acb0,03/15/2027 02:00:00,Retail Sales (YoY),HIGH,CNY
c2999314-4d4e-4ce4-89cd-3af914659c7d,03/15/2027 07:00:00,Wholesale Price Index (MoM),LOW,EUR
19ae8b0c-0334-49bd-b6d9-b6d6cdabf597,03/15/2027 07:00:00,Wholesale Price Index (YoY),LOW,EUR
40e5280d-0202-476e-bc55-4f0490d54842,03/15/2027 10:00:00,Industrial Production s.a. (MoM),MEDIUM,EUR
065f967c-fbad-4ddf-9927-f4df583549fc,03/15/2027 10:00:00,Industrial Production w.d.a. (YoY),LOW,EUR
252b0ce3-eec5-431d-bcbb-c3f6dd72f0c9,03/15/2027 12:30:00,BoC Consumer Price Index Core (MoM),MEDIUM,CAD
c2dc63f1-edf5-42ac-b1ed-ee18a05b221d,03/15/2027 12:30:00,BoC Consumer Price Index Core (YoY),HIGH,CAD
02fc7549-3d5a-4b30-ac17-2417f42c5fef,03/15/2027 12:30:00,Consumer Price Index - Core (MoM),LOW,CAD
4ac168e3-c256-43cb-a187-c27cb1022067,03/15/2027 12:30:00,Consumer Price Index (MoM),MEDIUM,CAD
152ce02b-15ee-4219-86ca-5537ab50b56d,03/15/2027 12:30:00,Consumer Price Index (YoY),HIGH,CAD
87610ecd-2282-4bd1-a4d4-e782cd3dd0c8,03/15/2027 12:30:00,Manufacturing Sales (MoM),LOW,CAD
e51a4296-a193-4f39-9833-83e32e077c24,03/15/2027 12:30:00,NY Empire State Manufacturing Index,MEDIUM,USD
bfdee5ad-ec7b-47e4-9272-4216b9da436e,03/15/2027 13:15:00,Capacity Utilization,LOW,USD
c478eb43-4f48-450d-98cd-c044c2e6944c,03/15/2027 13:15:00,Industrial Production (MoM),MEDIUM,USD
c07d8ce6-f54d-470d-b4a2-9877ed7299ab,03/15/2027 15:30:00,3-Month Bill Auction,LOW,USD
20882e02-4639-40bf-af90-ace44c44e86f,03/15/2027 15:30:00,6-Month Bill Auction,LOW,USD
7e8ea661-7876-4e26-b504-566528899d1c,03/16/2027 07:00:00,Average Earnings Excluding Bonus (3Mo/Yr),MEDIUM,GBP
ee1e03ae-a697-40b1-b52e-acc5e850d5f3,03/16/2027 07:00:00,Average Earnings Including Bonus (3Mo/Yr),MEDIUM,GBP
23d2f9c9-c71a-4b9d-b1b2-faee958beeb4,03/16/2027 07:00:00,Claimant Count Change,HIGH,GBP
115708a3-8277-42d2-9909-4c529625abae,03/16/2027 07:00:00,Claimant Count Rate,MEDIUM,GBP
342d518e-d168-4d31-8e3e-7277f15ad2e3,03/16/2027 07:00:00,Employment Change (3M),HIGH,GBP
5f639373-cfdb-4b0c-a6fa-fd4d4955456d,03/16/2027 07:00:00,ILO Unemployment Rate (3M),HIGH,GBP
89daa398-e7a2-4c0a-9cb5-1996d7a689bd,03/16/2027 10:00:00,ZEW Survey – Current Situation,MEDIUM,EUR
0a414555-9d28-497a-b410-d75aa9cb7926,03/16/2027 10:00:00,ZEW Survey – Economic Sentiment,MEDIUM,EUR
bfe6ba2f-4dab-4493-a93e-11a8c4e27a6b,03/16/2027 10:00:00,Trade Balance n.s.a.,LOW,EUR
d0ca92c1-c823-4ad3-ad41-398e65571224,03/16/2027 10:00:00,Trade Balance s.a.,LOW,EUR
a837f7eb-3dd9-4b8e-b360-846485c91de3,03/16/2027 10:00:00,ZEW Survey – Economic Sentiment,MEDIUM,EUR
e972c7d8-ea33-43c6-b020-3577854cce3b,03/16/2027 12:15:00,Housing Starts s.a (YoY),LOW,CAD
92223fe7-cca5-4b27-bb2d-554629382f24,03/16/2027 12:15:00,ADP Employment Change 4-week average,MEDIUM,USD
490f08a5-97bb-4dc0-ad44-9b80bbbe01d8,03/16/2027 12:30:00,Wholesale Sales (MoM),LOW,CAD
19d58467-8b6c-4fea-a4f1-57f364e4be75,03/16/2027 12:55:00,Redbook Index (YoY),LOW,USD
b8d05e54-8c43-417a-a5c4-48b94664582c,03/16/2027 15:30:00,52-Week Bill Auction,LOW,USD
3507f6ff-e5d0-4598-a316-e49305e0a73f,03/16/2027 20:30:00,API Weekly Crude Oil Stock,LOW,USD
f0d651c9-f6e9-4321-b49a-f35f34abc268,03/16/2027 21:45:00,Current Account - GDP Ratio,LOW,NZD
77a52779-a44f-48bd-8459-8d0c9d41c3d0,03/16/2027 21:45:00,Current Account (QoQ),LOW,NZD
22fa1fbf-5c68-4afd-83b4-02521c79c088,03/16/2027 23:50:00,Adjusted Merchandise Trade Balance,MEDIUM,JPY
c3323e1f-a6bd-4b57-b37c-49c0e86c866e,03/16/2027 23:50:00,Exports (YoY),MEDIUM,JPY
a9ec419e-2b0a-4297-9335-55888fd2bbc8,03/16/2027 23:50:00,Imports (YoY),MEDIUM,JPY
8e350f19-39dc-4240-8b6e-a5faf46602aa,03/16/2027 23:50:00,Merchandise Trade Balance Total,MEDIUM,JPY
439cda6e-7663-439e-be61-a76d6d753284,03/17/2027 01:30:00,"House Price Index ",LOW,CNY
b8fbab9b-4037-4026-907b-685bd184620e,03/17/2027 07:00:00,Consumer Price Index (MoM),HIGH,GBP
72d232d7-f72b-4567-b542-58af0cdca145,03/17/2027 07:00:00,Consumer Price Index (YoY),HIGH,GBP
b6257f69-d686-4388-9bd8-c73f8cf91ba1,03/17/2027 07:00:00,Core Consumer Price Index (YoY),HIGH,GBP
d844b1e8-46b2-483f-aa40-ef1e0f596191,03/17/2027 07:00:00,PPI Core Output (MoM) n.s.a,MEDIUM,GBP
bac8446e-de1c-46ef-8a51-a6fb8e57c9cf,03/17/2027 07:00:00,"PPI Core Output (YoY) n.s.a ",MEDIUM,GBP
ed6ba542-1407-47de-94f2-34500d0b0088,03/17/2027 07:00:00,Producer Price Index - Input (MoM) n.s.a,LOW,GBP
aa8dccab-6535-4d11-9f7b-8b2dfa2a2c7c,03/17/2027 07:00:00,Producer Price Index - Input (YoY) n.s.a,LOW,GBP
35f37f1d-c69f-4a10-95e7-416ec294ff78,03/17/2027 07:00:00,Producer Price Index - Output (MoM) n.s.a,MEDIUM,GBP
2dcdbc96-70f3-49e6-8fd7-2776696e4ce8,03/17/2027 07:00:00,Producer Price Index - Output (YoY) n.s.a,LOW,GBP
128d7704-1702-47ba-895a-8e353337fe6f,03/17/2027 07:00:00,Retail Price Index (MoM),MEDIUM,GBP
b2108210-fd42-4604-8eca-a5967b8bf7f4,03/17/2027 07:00:00,Retail Price Index (YoY),MEDIUM,GBP
553f3226-fbed-4928-850a-9a33b299640d,03/17/2027 09:30:00,DCLG House Price Index (YoY),LOW,GBP
5c6aeecb-4b54-4b61-8265-3f58572df3b4,03/17/2027 11:00:00,MBA Mortgage Applications,LOW,USD
a19f503b-5c8b-46ae-a61c-8bb753cc6a74,03/17/2027 12:30:00,Canadian Portfolio Investment in Foreign Securities,LOW,CAD
684c2817-79a7-4e0f-8f4b-9fff621a5fe0,03/17/2027 12:30:00,Foreign Portfolio Investment in Canadian Securities,LOW,CAD
81e78d16-ff7b-4eff-8439-bf63629e5e65,03/17/2027 12:30:00,Retail Sales (MoM),HIGH,USD
b02b05f3-2520-4d3c-8355-5dfd68e4a159,03/17/2027 12:30:00,Retail Sales (YoY),LOW,USD
fadb1514-f836-4276-b774-4a1838c9e32f,03/17/2027 12:30:00,Retail Sales Control Group,HIGH,USD
b259c3f2-388e-4da9-a590-955de9d1e29e,03/17/2027 12:30:00,Retail Sales ex Autos (MoM),MEDIUM,USD
7be01db8-7443-4b8e-8591-7f74803f022a,03/17/2027 13:45:00,BoC Interest Rate Decision,HIGH,CAD
d211fd04-b444-4524-aed0-3be92ee804e8,03/17/2027 13:45:00,BoC Monetary Policy Statement,HIGH,CAD
b154c750-d77f-49d5-ad69-ad8e1384ca0f,03/17/2027 14:00:00,Business Inventories,LOW,USD
fc67de01-bc25-418c-9143-c87c5ba364c6,03/17/2027 14:00:00,NAHB Housing Market Index,LOW,USD
2e38d46d-81d7-4d31-9ac6-84133dd739ca,03/17/2027 14:30:00,BoC Press Conference,HIGH,CAD
1424838b-6484-41b8-bf08-88517ced9bd0,03/17/2027 14:30:00,EIA Crude Oil Stocks Change,LOW,USD
9001248c-1699-46f7-bfcd-07785776a486,03/17/2027 14:30:00,EIA Distillate Stocks Change,LOW,USD
a95bd6a8-6558-4f83-8488-56a118cd7d0f,03/17/2027 14:30:00,EIA Gasoline Stocks Change,LOW,USD
d193b75c-36ea-4c22-bfcd-f1bbf41e799e,03/17/2027 14:30:00,EIA Heating Oil Stocks Change,LOW,USD
f7e10395-c24c-4db8-a7ff-d9469dbc918b,03/17/2027 17:00:00,20-Year Bond Auction,LOW,USD
1f0d4172-b895-4548-a4d9-df431c711edd,03/17/2027 18:00:00,Fed Interest Rate Decision,HIGH,USD
9ddff595-f289-4df6-ae6c-0eaa63eb2edd,03/17/2027 18:00:00,Fed Monetary Policy Statement,HIGH,USD
0262d0b1-1f30-49c6-8a39-a96479252663,03/17/2027 18:00:00,FOMC Economic Projections,HIGH,USD
8618e5fa-f155-45b6-b00d-1eb797af1976,03/17/2027 18:00:00,Interest Rate Projections - 1st year,HIGH,USD
e1626f80-5c0b-40b2-bed2-131f7c7290ad,03/17/2027 18:00:00,Interest Rate Projections - 2nd year,HIGH,USD
7c60b192-cf31-4753-af61-4863de35a2ec,03/17/2027 18:00:00,Interest Rate Projections - Current,HIGH,USD
81bc18ec-96ec-43bf-abd8-c123381c3192,03/17/2027 18:00:00,Interest Rate Projections - Longer,HIGH,USD
3da83ac4-0787-45b9-9e64-586323f46ddb,03/17/2027 18:30:00,FOMC Press Conference,HIGH,USD
f0522f46-51fd-4a9d-b892-74c610959777,03/17/2027 21:45:00,Gross Domestic Product (QoQ),HIGH,NZD
8e815ef0-347e-4ec8-b399-3ba01dfeb260,03/17/2027 21:45:00,Gross Domestic Product (YoY),HIGH,NZD
291b0e84-987c-4381-9663-b1a61e172894,03/18/2027 00:30:00,Employment Change s.a.,HIGH,AUD
a9b12dce-99bc-412d-a309-e182e15d9971,03/18/2027 00:30:00,Full-Time Employment,MEDIUM,AUD
b02c9a85-6821-4a29-bfbf-70e18ec22f8f,03/18/2027 00:30:00,Part-Time Employment,MEDIUM,AUD
ff3dddce-1740-4a24-a66d-5f9dd32f64e4,03/18/2027 00:30:00,Participation Rate,MEDIUM,AUD
bb252a32-93c1-4b69-af39-0eb48e2d71d7,03/18/2027 00:30:00,Unemployment Rate s.a.,HIGH,AUD
f785d0e6-f728-4f4d-9290-571bf0bdef50,03/18/2027 03:00:00,BoJ Interest Rate Decision,HIGH,JPY
1b14708e-e613-4baa-adf1-20cf9246a1f0,03/18/2027 03:00:00,BoJ Monetary Policy Statement,HIGH,JPY
08dee27a-6586-4c67-85af-45d23723081d,03/18/2027 06:30:00,BoJ Press Conference,HIGH,JPY
aa335f21-3726-4626-853f-5096c6f61a4a,03/18/2027 09:00:00,Current Account n.s.a,LOW,EUR
85db3914-1fe0-4f3d-8752-62043619f6f0,03/18/2027 09:00:00,Current Account s.a,LOW,EUR
4c6878fa-02fe-4c60-8fce-91cff032dc18,03/18/2027 10:00:00,Construction Output  s.a (MoM),LOW,EUR
5552f180-a25f-4515-84d5-0dea5355a83a,03/18/2027 10:00:00,Construction Output w.d.a (YoY),LOW,EUR
30df67e7-9638-409a-bdbd-19169b43b2a0,03/18/2027 10:00:00,Core Harmonized Index of Consumer Prices (MoM),MEDIUM,EUR
4b2c35c9-de40-458e-a111-579b9e12407d,03/18/2027 10:00:00,Core Harmonized Index of Consumer Prices (YoY),MEDIUM,EUR
d9f0a6a9-748e-4a63-ba8c-8dd17d124433,03/18/2027 10:00:00,Harmonized Index of Consumer Prices (MoM),MEDIUM,EUR
b3581a9a-b9a9-4002-9e87-78d28bb3c74e,03/18/2027 10:00:00,Harmonized Index of Consumer Prices (YoY),LOW,EUR
3a7a79de-b527-4dc5-97f7-a60965a040b8,03/18/2027 10:00:00,Labor Cost Index,LOW,EUR
59ebac49-defc-4d6d-95ed-5b37ce3bcbb1,03/18/2027 11:00:00,BoE Interest Rate Decision,HIGH,GBP
c73bca6e-7b5e-437f-a05e-98474bb8427a,03/18/2027 11:00:00,BoE Minutes,HIGH,GBP
afc75d9e-e53e-4026-a89f-da5aa97ae63a,03/18/2027 11:00:00,BoE Monetary Policy Summary,HIGH,GBP
53647db7-f008-416b-9727-313d77ce135b,03/18/2027 11:00:00,BoE MPC Vote Rate Cut,HIGH,GBP
7116a2a8-0999-42b9-9758-4b4480c88143,03/18/2027 11:00:00,BoE MPC Vote Rate Hike,HIGH,GBP
f71fbe50-84a4-4d9f-8b2f-0d2e78171b9c,03/18/2027 11:00:00,BoE MPC Vote Rate Unchanged,HIGH,GBP
51992c94-f0d8-4e51-9e7b-bb33d2b4f458,03/18/2027 12:30:00,Employment Insurance Beneficiaries Change (MoM),LOW,CAD
358c9727-0f23-46da-af4c-b76587f2391d,03/18/2027 12:30:00,Industrial Product Price (MoM),LOW,CAD
d1ac0dac-1a6b-4c65-b807-6b218f555b36,03/18/2027 12:30:00,Raw Material Price Index,LOW,CAD
49223008-6d25-491c-9cd8-eab3520adcaf,03/18/2027 12:30:00,Building Permits (MoM),MEDIUM,USD
26401f4d-8e91-4f04-a34b-cc8a47af2b4a,03/18/2027 12:30:00,Building Permits Change,LOW,USD
2fad578f-b832-4d95-9be7-e3a177a70b0e,03/18/2027 12:30:00,Continuing Jobless Claims,LOW,USD
4eabaa78-7620-485e-966f-a6f978c3ef61,03/18/2027 12:30:00,Current Account,LOW,USD
3be91da5-41d1-4159-ad06-e6de4e542c39,03/18/2027 12:30:00,Housing Starts (MoM),MEDIUM,USD
bb134c63-a3f1-4b1c-8379-4142dd618381,03/18/2027 12:30:00,Housing Starts Change,LOW,USD
8b6dcf88-8d6c-4297-ac2f-92439dfb6e57,03/18/2027 12:30:00,Initial Jobless Claims,MEDIUM,USD
2da6365a-d979-4497-ba5c-f44f9352c451,03/18/2027 12:30:00,Initial Jobless Claims 4-week average,LOW,USD
9d99e722-935b-43f4-b296-5873b2d4a030,03/18/2027 12:30:00,Philadelphia Fed Manufacturing Survey,MEDIUM,USD
805b93a3-4a4b-4f72-ac58-51e6a52eb619,03/18/2027 13:15:00,ECB Main Refinancing Operations Rate,HIGH,EUR
b0e21e35-16b2-4db2-b8a2-822fe7e30e01,03/18/2027 13:15:00,ECB Monetary Policy Statement,HIGH,EUR
c0887c30-59c1-4e93-b8c8-b3b05b1aad3a,03/18/2027 13:15:00,ECB Rate On Deposit Facility,HIGH,EUR
806b3544-019e-4c5a-9492-5b915201f6e5,03/18/2027 13:45:00,ECB Press Conference,HIGH,EUR
042cb7ca-47e2-4219-be03-9938b6b69fad,03/18/2027 14:00:00,Existing Home Sales (MoM),LOW,USD
2c3e0362-9508-4996-bcb0-41047ce8e5f7,03/18/2027 14:00:00,Existing Home Sales Change (MoM),MEDIUM,USD
d86adcf5-ad65-4051-a29e-4a7fc1c932fd,03/18/2027 14:00:00,Pending Home Sales (MoM),MEDIUM,USD
95b5faa2-5377-40b1-ba18-66cc1813e197,03/18/2027 14:00:00,Pending Home Sales (YoY),LOW,USD
c1021ecf-e9c3-4d1c-b043-6a944a37ed87,03/18/2027 14:30:00,EIA Natural Gas Storage Change,LOW,USD
f18760a1-4506-41c5-a969-604ffc970344,03/18/2027 15:30:00,4-Week Bill Auction,LOW,USD
cad87718-a038-480d-8a3e-100309c77456,03/18/2027 17:00:00,10-year TIPS Auction,LOW,USD
0bc8a074-ecca-44b4-a28b-07572ebf0e1e,03/18/2027 20:00:00,Westpac Consumer Survey,MEDIUM,NZD
58141131-d169-490e-a16f-f1ed1aa6fedf,03/18/2027 20:00:00,Net Long-Term TIC Flows,LOW,USD
0b130759-e7bb-4c7b-ad43-5bf085075c85,03/18/2027 20:00:00,Total Net TIC Flows,LOW,USD
868dcc0a-245f-4463-b3ad-bacc73c00a80,03/18/2027 23:01:00,GfK Consumer Confidence,MEDIUM,GBP
993230a8-db01-4e9e-8d8a-aea46c1c991c,03/18/2027 23:30:00,National Consumer Price Index (YoY),MEDIUM,JPY
bbe596d5-5c4d-4008-91ff-7b11dc81b3c5,03/18/2027 23:30:00,"National CPI ex Food, Energy (YoY)",MEDIUM,JPY
5e3caa14-a634-4370-8f5c-0c19dcb4d387,03/18/2027 23:30:00,National CPI ex Fresh Food (YoY),MEDIUM,JPY
a2a44dc6-8f2d-4b5f-bdc8-75393849764c,03/19/2027 06:00:00,Public Sector Net Borrowing,LOW,GBP
e425b5cc-5378-492e-a35a-a3cf485bae66,03/19/2027 07:00:00,Producer Price Index (MoM),MEDIUM,EUR
ae93dfd1-4747-4f18-a7ef-01b8f35b1c6b,03/19/2027 07:00:00,Producer Price Index (YoY),MEDIUM,EUR
e8eca232-93cb-4cb5-9e30-ff1d9f764315,03/19/2027 09:00:00,FDI - Foreign Direct Investment (YTD) (YoY),LOW,CNY
59230a14-f0a6-478c-bea7-6105817cb435,03/19/2027 12:30:00,New Housing Price Index (MoM),LOW,CAD
fddec219-1106-4e1d-8f6a-8d7171d70171,03/19/2027 12:30:00,New Housing Price Index (YoY),LOW,CAD
d36e32d0-f544-4893-a89a-11fa5a5d998a,03/19/2027 12:30:00,Retail Sales (MoM),MEDIUM,CAD
84b59f8d-8ddb-40c8-85f5-5133d0acc3fb,03/19/2027 12:30:00,Retail Sales ex Autos (MoM),MEDIUM,CAD
6ec66fe7-8a94-48de-8c8a-94fb5cd78a51,03/19/2027 15:00:00,Vernal Equinox Day,NONE,JPY
aba762c5-d899-4620-8df7-4e6d096fcf44,03/19/2027 17:00:00,Baker Hughes US Oil Rig Count,LOW,USD
0a6efb29-ebf5-4b91-a4ea-b78071fd8c8e,03/19/2027 19:30:00,CFTC AUD NC Net Positions,LOW,AUD
9b9e6c95-3e7f-4742-b19d-7636b2994048,03/19/2027 19:30:00,CFTC EUR NC Net Positions,LOW,EUR
079e7dd0-72ff-4742-9a92-1c7f526b36a0,03/19/2027 19:30:00,CFTC JPY NC Net Positions,LOW,JPY
28cb015a-7ce0-47b0-84f2-72a2acf50b5b,03/19/2027 19:30:00,CFTC GBP NC Net Positions,LOW,GBP
62ac4e33-aa21-4f6f-8f80-4e297f73e85c,03/19/2027 19:30:00,CFTC Gold NC Net Positions,LOW,USD
7548e379-df7b-45a3-af63-41bdf9191dfa,03/19/2027 19:30:00,CFTC Oil NC Net Positions,LOW,USD
eb592cbb-4f47-4c06-b9b6-4146ac1071c8,03/19/2027 19:30:00,CFTC S&P 500 NC Net Positions,LOW,USD
0918505e-e0d6-48f0-9769-f6ac9d5ba33a,03/22/2027 01:15:00,PBoC Interest Rate Decision,MEDIUM,CNY
799eba3f-3a23-429e-a96e-7240afc70108,03/22/2027 11:00:00,German Buba Monthly Report,LOW,EUR
930d3b13-68b5-4c29-a55e-95f9d5e6345f,03/22/2027 12:30:00,"Chicago Fed National Activity Index ",LOW,USD
f1c41f87-5208-410a-a3ca-37d7ac58341c,03/22/2027 13:45:00,S&P Global Composite PMI,MEDIUM,USD
0303d761-1c57-47d2-9e22-b96bd9af7aeb,03/22/2027 13:45:00,S&P Global Manufacturing PMI,HIGH,USD
9e224cc3-7029-4bc1-8564-b736ba412197,03/22/2027 13:45:00,S&P Global Services PMI,HIGH,USD
5863f549-4004-4967-a0ed-9f8fcd322c27,03/22/2027 15:30:00,3-Month Bill Auction,LOW,USD
a945b7fc-02a4-46c8-a8a1-c4e68c2263e3,03/22/2027 15:30:00,6-Month Bill Auction,LOW,USD
f6923148-bf64-4d19-823b-659ac86559a8,03/23/2027 09:00:00,HCOB Composite PMI,HIGH,EUR
723e280e-57e5-430f-9b69-3c9fb494f49d,03/23/2027 09:00:00,HCOB Manufacturing PMI,HIGH,EUR
fb37a0cf-bd24-4c22-850f-ca7e68c47b1e,03/23/2027 09:00:00,HCOB Services PMI,HIGH,EUR
508b1d41-aa65-4785-a146-e1129e5ac978,03/23/2027 09:30:00,S&P Global Composite PMI,HIGH,GBP
020f5ae7-bb86-4e1d-960d-8025e4a6a4c3,03/23/2027 09:30:00,S&P Global Manufacturing PMI,HIGH,GBP
1c500b01-b191-49a3-8f00-b8eb72b468f1,03/23/2027 09:30:00,S&P Global Services PMI,HIGH,GBP
c0d532d7-d46a-4486-a1ad-e0d2c3391539,03/23/2027 12:15:00,ADP Employment Change 4-week average,MEDIUM,USD
05761f88-9084-4875-acb6-d3522940057d,03/23/2027 12:55:00,Redbook Index (YoY),LOW,USD
414f9664-06b7-4f2d-aab4-26b8284048e5,03/23/2027 14:00:00,Richmond Fed Manufacturing Index,LOW,USD
14bb4c92-78df-4ad6-89f7-9a286f0835e5,03/23/2027 15:00:00,Consumer Confidence,MEDIUM,EUR
80c9970d-28a8-44fd-9395-bc2887b2f14c,03/23/2027 17:00:00,2-Year Note Auction,LOW,USD
b0e26d7a-cc8d-499c-8615-0ec76b8b97ae,03/23/2027 20:30:00,API Weekly Crude Oil Stock,LOW,USD
69757ead-5310-4da8-88d5-e3970ec35835,03/23/2027 23:50:00,BoJ Monetary Policy Meeting Minutes,MEDIUM,JPY
cbe9157b-5b20-459a-b897-88733a05621e,03/24/2027 08:30:00,HCOB Composite PMI,HIGH,EUR
d78d45dc-344c-4d37-9c58-072e9eeaa4a1,03/24/2027 08:30:00,HCOB Manufacturing PMI,HIGH,EUR
87d06dcb-e867-4fb0-8c9a-11ac4d57a6b3,03/24/2027 08:30:00,HCOB Services PMI,HIGH,EUR
0df83371-d464-4c96-86cd-803f3b92eef7,03/24/2027 09:00:00,IFO – Business Climate,MEDIUM,EUR
96d85065-7500-417d-979e-8581ad30b250,03/24/2027 09:00:00,IFO – Current Assessment,MEDIUM,EUR
4be6d8d8-beef-43e3-812e-0d0d0a1ab171,03/24/2027 09:00:00,IFO – Expectations,MEDIUM,EUR
d92a109a-df7c-43b5-bec7-1740f5a050f0,03/24/2027 11:00:00,MBA Mortgage Applications,LOW,USD
12ce286e-51b5-4d2c-a87f-018c34c1c879,03/24/2027 14:30:00,EIA Crude Oil Stocks Change,LOW,USD
fc19b943-a4f7-4f12-979d-1751afd18b57,03/24/2027 14:30:00,EIA Distillate Stocks Change,LOW,USD
e8e84d23-84ab-4c20-9b88-7172105592fa,03/24/2027 14:30:00,EIA Gasoline Stocks Change,LOW,USD
dc3d4a13-7dd0-402e-a312-241a469966cb,03/24/2027 14:30:00,EIA Heating Oil Stocks Change,LOW,USD
01d06986-19b3-4cb0-a96e-6c0955326923,03/24/2027 17:00:00,5-Year Note Auction,LOW,USD
d9fbd16a-fd12-4d73-b26d-789321fd2c22,03/25/2027 07:00:00,GfK Consumer Confidence Survey,MEDIUM,EUR
874025ee-abc0-42d6-a7a4-371f8456d52b,03/25/2027 07:00:00,Retail Sales (MoM),HIGH,GBP
2df629fa-b89e-4ac9-8b75-5017b2040893,03/25/2027 07:00:00,Retail Sales (YoY),MEDIUM,GBP
4f7a3877-b9f7-4e50-b079-4c4399de1fc8,03/25/2027 07:00:00,Retail Sales ex-Fuel (MoM),MEDIUM,GBP
ad3ea79c-79a3-46a3-961e-e960a1f91aca,03/25/2027 07:00:00,Retail Sales ex-Fuel (YoY),MEDIUM,GBP
9fbea740-af4b-4c39-b371-87e44eb94511,03/25/2027 08:00:00,Gross Domestic Product (QoQ),MEDIUM,EUR
68dd047a-c99f-4285-afc1-2cf57bfa424b,03/25/2027 08:00:00,Gross Domestic Product (YoY),LOW,EUR
a97ca382-992f-458e-8c75-793147ce7e27,03/25/2027 12:30:00,Continuing Jobless Claims,LOW,USD
b9cc91e4-4630-4fd8-ab83-a80e6deb47eb,03/25/2027 12:30:00,Initial Jobless Claims,MEDIUM,USD
f7030c8b-6b13-4f9f-a475-35ebbbacf2d7,03/25/2027 12:30:00,Initial Jobless Claims 4-week average,LOW,USD
4ad06f66-4d65-4744-94d6-3c46cbbf6705,03/25/2027 12:30:00,Wholesale Inventories,LOW,USD
62f98648-85f8-49cf-85ae-9757299b6583,03/25/2027 14:00:00,Good Friday,NONE,AUD
0996dcc2-588e-4470-adeb-cd19ece8c817,03/25/2027 14:00:00,New Home Sales (MoM),LOW,USD
348f530f-7f5f-46d2-bfaa-4565a4dd099f,03/25/2027 14:00:00,New Home Sales Change (MoM),MEDIUM,USD
59a80858-2be1-4f7a-b53a-679b6bb4d748,03/25/2027 14:30:00,EIA Natural Gas Storage Change,LOW,USD
a0401205-7e42-46be-a46a-0a0e3dcb8961,03/25/2027 15:00:00,Kansas Fed Manufacturing Activity,LOW,USD
60e3911e-576c-46d2-860b-b40b217e78ad,03/25/2027 15:30:00,4-Week Bill Auction,LOW,USD
b86bddce-ff12-4eab-82bc-1f297fc0936f,03/25/2027 16:00:00,Good Friday,NONE,NZD
6d693304-bc5b-477a-8bde-36ef2f4b33c5,03/25/2027 17:00:00,7-Year Note Auction,LOW,USD
bc83b9e1-a6b6-41ad-b677-04772a0846e6,03/25/2027 22:00:00,Good Friday,NONE,CHF
377edade-1566-40af-988d-fb848c94fa2d,03/25/2027 22:00:00,Good Friday,NONE,EUR
591e57e7-995f-4245-81db-8e1585db1c75,03/25/2027 23:30:00,Tokyo Consumer Price Index (YoY),HIGH,JPY
e9d70db7-7e8f-4639-bbfd-609fdc39ba40,03/25/2027 23:30:00,"Tokyo CPI ex Food, Energy (YoY)",HIGH,JPY
507bbc00-d0fc-431d-aea1-f994d4f12c58,03/25/2027 23:30:00,Tokyo CPI ex Fresh Food (YoY),MEDIUM,JPY
0ad41ec3-d288-447c-870e-1604382b27a0,03/26/2027 00:00:00,Good Friday,NONE,GBP
c3980dfc-183f-414f-b649-b9478ebddca1,03/26/2027 05:00:00,Good Friday,NONE,CAD
fe609fae-b62d-46a2-9c35-f415b5c17911,03/26/2027 05:00:00,Good Friday,NONE,USD
b2f2a222-a211-4236-a64b-9a5c1da63326,03/26/2027 12:30:00,Durable Goods Orders,MEDIUM,USD
d3eeb98b-cf6a-44ec-a579-08d5cc7dc043,03/26/2027 12:30:00,Durable Goods Orders ex Defense,MEDIUM,USD
04692d71-d5d4-4ea1-9f85-331ece58194a,03/26/2027 12:30:00,Durable Goods Orders ex Transportation,MEDIUM,USD
ec15c2db-04f6-42b9-9763-8b8615217cc1,03/26/2027 12:30:00,Nondefense Capital Goods Orders ex Aircraft,MEDIUM,USD
43251300-17f7-485c-b256-e7c73650089a,03/26/2027 14:00:00,Michigan Consumer Expectations Index,MEDIUM,USD
173e0c3c-d710-44b9-af1e-560c8d4c1482,03/26/2027 14:00:00,Michigan Consumer Sentiment Index,MEDIUM,USD
2f66f818-73c6-46b8-9625-722e9e63bd90,03/26/2027 14:00:00,UoM 1-year Consumer Inflation Expectations,MEDIUM,USD
6b5ff453-8aee-4dca-8d5a-91398783a7bc,03/26/2027 14:00:00,UoM 5-year Consumer Inflation Expectation,MEDIUM,USD
676142c8-26b6-4a9f-9648-a876c2afcea9,03/26/2027 17:00:00,Baker Hughes US Oil Rig Count,LOW,USD
1873e2c4-dca4-4869-b46d-376c77b3eb69,03/26/2027 19:30:00,CFTC AUD NC Net Positions,LOW,AUD
94604ad1-b499-4498-983f-89ec92ca7c0a,03/26/2027 19:30:00,CFTC EUR NC Net Positions,LOW,EUR
a49410d5-efa4-4b06-8713-7f9fab0413f4,03/26/2027 19:30:00,CFTC JPY NC Net Positions,LOW,JPY
ac281493-8901-4f4b-adee-486ef1c1f9bd,03/26/2027 19:30:00,CFTC GBP NC Net Positions,LOW,GBP
5aa5a8a4-c886-4de0-ba66-67bf2d686110,03/26/2027 19:30:00,CFTC Gold NC Net Positions,LOW,USD
e912bc34-3677-4ffe-826f-8ac4c3e8ff9d,03/26/2027 19:30:00,CFTC Oil NC Net Positions,LOW,USD
981cdb86-fd7a-42d7-8c8b-9961d7aa5513,03/26/2027 19:30:00,CFTC S&P 500 NC Net Positions,LOW,USD
2e57b96a-5d14-4cd3-8171-14b0ec38b893,03/28/2027 01:00:00,"Daylight Saving Time ",NONE,CHF
f52d4572-e92f-4da1-8e57-6644a38349eb,03/28/2027 01:00:00,Daylight Saving Time,NONE,GBP
cde888f0-33b0-48b9-a4a3-2d2cd245545e,03/28/2027 03:00:00,Daylight Saving Time,NONE,EUR
5918eff6-f27f-46a4-9fc3-1702cca72c18,03/28/2027 12:00:00,Easter Monday,NONE,NZD
956187e3-d7f4-4399-a887-9eec80877340,03/28/2027 14:00:00,Easter Monday,NONE,AUD
3011a1c3-0b4f-45c8-aca1-302007e8940f,03/28/2027 22:00:00,Easter Monday,NONE,CHF
688378bc-5fcd-4e3f-92df-5b36a6f7c5bf,03/28/2027 22:00:00,Easter Monday,NONE,EUR
c9710f33-398c-497f-a4c9-84c44d7a1347,03/28/2027 23:00:00,Easter Monday,NONE,GBP
59f97b05-b8eb-4311-b3d6-280a1bcd0143,03/28/2027 23:50:00,BoJ Summary of Opinions,LOW,JPY
970a8650-db21-4d74-9578-166ee0482e8f,03/29/2027 05:00:00,Easter Monday,NONE,CAD
a964eb41-6da6-499f-a74c-fd4eb0fb9705,03/29/2027 08:00:00,M3 Money Supply (3m),LOW,EUR
7ec991b8-e1de-4186-a04b-4d3710368626,03/29/2027 08:00:00,M3 Money Supply (YoY),LOW,EUR
a94a6f74-349b-4fa2-9710-b3d704b8e5e3,03/29/2027 08:00:00,Private Loans (YoY),LOW,EUR
5fd1c43b-c9db-4e9f-812d-2967dd650f14,03/29/2027 09:00:00,Business Climate,MEDIUM,EUR
5004dcfd-6097-42ff-a5a0-28675dc42309,03/29/2027 09:00:00,Consumer Confidence,MEDIUM,EUR
3decf5a1-1a8e-472a-a0c9-df49735bfb4c,03/29/2027 09:00:00,Economic Sentiment Indicator,MEDIUM,EUR
9412cf0a-72ad-4282-84b9-001838dd4075,03/29/2027 09:00:00,Industrial Confidence,LOW,EUR
d9cc6e4b-1f17-436d-ae59-d1bda38c0e0f,03/29/2027 09:00:00,Services Sentiment,LOW,EUR
85363ac5-baab-4e8d-890d-b223bbb88fdb,03/29/2027 15:30:00,3-Month Bill Auction,LOW,USD
fa133ae2-96b8-486b-b47f-5ed6cd235606,03/29/2027 15:30:00,6-Month Bill Auction,LOW,USD
8fa31826-9adf-4649-bcc3-1cc1d6581eff,03/30/2027 06:00:00,Import Price Index (MoM),LOW,EUR
6c152682-509b-45ac-85c4-1a6b4be7e16b,03/30/2027 06:00:00,Import Price Index (YoY),LOW,EUR
23d454a3-f130-456a-a04f-ad9e51ec5e04,03/30/2027 06:00:00,Gross Domestic Product (QoQ),HIGH,GBP
28eb99d1-d31d-406d-836f-eb6361a63cda,03/30/2027 06:00:00,Gross Domestic Product (YoY),HIGH,GBP
1e4cb826-f51c-4161-98b6-b724e8f056b4,03/30/2027 06:00:00,Total Business Investment (QoQ),LOW,GBP
a9e6a478-303f-4685-8611-a550016bcad0,03/30/2027 06:00:00,Total Business Investment (YoY),LOW,GBP
99e94810-5726-4a9d-bd4e-f0240a74413e,03/30/2027 08:30:00,Consumer Credit,LOW,GBP
fa206e32-96cd-41e0-b799-64e0df29d912,03/30/2027 08:30:00,M4 Money Supply (MoM),LOW,GBP
c2965474-55da-41b8-98a9-56e8b1cf7993,03/30/2027 08:30:00,M4 Money Supply (YoY),LOW,GBP
effdeb49-ab09-42df-96c6-e52ca0bd7887,03/30/2027 08:30:00,Mortgage Approvals,LOW,GBP
4b7f3266-f9b7-4fa3-96f2-13f6f6be898b,03/30/2027 08:30:00,Net Lending to Individuals (MoM),LOW,GBP
ad818338-d0e7-4b7b-99cc-f98a67a66b92,03/30/2027 12:30:00,Gross Domestic Product (MoM),MEDIUM,CAD
dd9577b6-aca3-42eb-91ab-b8e9b465d0bb,03/30/2027 12:30:00,Goods Trade Balance,LOW,USD
1debb761-6b49-4bee-9b49-383117058937,03/30/2027 12:55:00,Redbook Index (YoY),LOW,USD
d2bf4088-d141-472e-aed7-ad9169982aef,03/30/2027 13:00:00,Housing Price Index (MoM),MEDIUM,USD
460f0757-f2d1-49b8-9da1-c6b4e773ac88,03/30/2027 13:00:00,S&P/Case-Shiller Home Price Indices (YoY),LOW,USD
fed056af-307d-474c-bf1d-bad17b6c26c6,03/30/2027 14:00:00,Consumer Confidence,MEDIUM,USD
ac2fac3b-74e5-4413-b78c-3f2729b500af,03/30/2027 14:30:00,Dallas Fed Manufacturing Business Index,LOW,USD
09719e28-5d1c-4772-be44-bf0a7aed27ee,03/30/2027 20:30:00,API Weekly Crude Oil Stock,LOW,USD
94e2390b-d711-4c52-889a-67e8f81ac042,03/30/2027 23:01:00,BRC Shop Price Index (YoY),LOW,GBP
91df2aa6-c6cb-4117-8199-17d4c9471b88,03/31/2027 00:30:00,Consumer Price Index (MoM),MEDIUM,AUD
801867ee-2609-40bf-aab5-12a90c6f0fde,03/31/2027 00:30:00,Consumer Price Index (YoY),HIGH,AUD
d8a88815-1a8c-4b91-91fb-ce1789e194b4,03/31/2027 00:30:00,Trimmed Mean CPI (MoM),MEDIUM,AUD
420d9443-bf02-4e42-b563-903935ce72c6,03/31/2027 00:30:00,Trimmed Mean CPI (YoY),HIGH,AUD
0d59fa99-3758-4e4c-a3c3-52f1d8cf8ca3,03/31/2027 01:30:00,NBS Manufacturing PMI,HIGH,CNY
3a40d6c3-32ad-4b97-95c6-b135489fcd07,03/31/2027 01:30:00,NBS Non-Manufacturing PMI,HIGH,CNY
c3471120-11f2-41da-940d-46e98eaa4ba9,03/31/2027 05:00:00,Annualized Housing Starts,LOW,JPY
ed2b47e9-8832-41b2-8c17-2f3771f8eb84,03/31/2027 05:00:00,Construction Orders (YoY),LOW,JPY
32b966c1-70f3-4988-8392-743f5922d537,03/31/2027 05:00:00,Housing Starts (YoY),LOW,JPY
97f65b1c-3b00-438a-9f8c-645c06cc2d77,03/31/2027 06:00:00,Retail Sales (MoM),MEDIUM,EUR
0aee3c94-cbf7-439f-b6ac-56f3b22ef167,03/31/2027 06:00:00,Retail Sales (YoY),HIGH,EUR
1f927683-f0cd-4e79-b2d7-c1c054c54b66,03/31/2027 06:00:00,Current Account,LOW,GBP
30b7620d-570c-4fec-a16c-4ca8d90038c4,03/31/2027 07:55:00,Unemployment Change,MEDIUM,EUR
7a76c0d3-5772-436e-a367-689ee1ae8da2,03/31/2027 07:55:00,Unemployment Rate s.a.,MEDIUM,EUR
251dd364-59a1-4d08-9c2f-a5eb80da448f,03/31/2027 08:00:00,Baden-Wuerttemberg CPI (MoM),LOW,EUR
56508d9c-50ac-4a4f-90b9-5754b3f5069b,03/31/2027 08:00:00,Baden-Wuerttemberg CPI (YoY),LOW,EUR
17fb53e6-9f24-458c-9db3-6e56aa830228,03/31/2027 08:00:00,Bavaria CPI (MoM),LOW,EUR
58196941-00de-4809-94fc-6b466a6cefc5,03/31/2027 08:00:00,Bavaria CPI (YoY),LOW,EUR
c972be92-4e10-49a9-8610-904a370e857b,03/31/2027 08:00:00,Brandenburg CPI (MoM),LOW,EUR
c9cf2fbc-f22f-4c54-9559-5563caf012c4,03/31/2027 08:00:00,Brandenburg CPI (YoY),LOW,EUR
4d42125f-4351-4768-b584-1ac603bf3a1e,03/31/2027 08:00:00,Hesse CPI (MoM),LOW,EUR
736f3efe-daa3-40c9-92aa-1883338ba181,03/31/2027 08:00:00,Hesse CPI (YoY),LOW,EUR
db2ddfec-7aa3-4442-92c1-43e6bf7354fe,03/31/2027 08:00:00,North Rhine-Westphalia CPI (MoM),LOW,EUR
c7030acf-6c67-4314-b07c-6365812504ed,03/31/2027 08:00:00,North Rhine-Westphalia CPI (YoY),LOW,EUR
3dacdba9-60f3-474a-aa05-e67ed6a7c03d,03/31/2027 08:00:00,Saxony CPI (MoM),LOW,EUR
835ad42f-d1d0-4aac-96ae-f5d5dd4c7b67,03/31/2027 08:00:00,Saxony CPI (YoY),LOW,EUR
f3d67244-d635-4794-8e81-0958a481b130,03/31/2027 11:00:00,MBA Mortgage Applications,LOW,USD
25110136-7171-4f29-8852-4f99a9e92744,03/31/2027 12:00:00,Consumer Price Index (MoM),HIGH,EUR
de21198f-468f-4650-9a9d-2aaba3c51340,03/31/2027 12:00:00,Consumer Price Index (YoY),HIGH,EUR
9a505f6b-7b90-4c72-a13a-8cc422bb4056,03/31/2027 12:00:00,Harmonized Index of Consumer Prices (MoM),MEDIUM,EUR
16042a2e-ada9-4ef5-a594-180004a96a43,03/31/2027 12:00:00,Harmonized Index of Consumer Prices (YoY),HIGH,EUR
f044b281-297a-4e04-b5ef-dac2bf1f2fba,03/31/2027 12:15:00,ADP Employment Change,HIGH,USD
207f0839-af17-479e-a226-f681b847cba5,03/31/2027 12:30:00,Core Personal Consumption Expenditures - Price Index (MoM),HIGH,USD
61a46175-dce3-4f09-bf73-d16cb54a60ba,03/31/2027 12:30:00,Core Personal Consumption Expenditures - Price Index (YoY),HIGH,USD
d9d56c5b-592f-4b84-b42d-6ec5ee9065ab,03/31/2027 12:30:00,Core Personal Consumption Expenditures (QoQ),MEDIUM,USD
efc4b126-64cd-43d2-b0a4-7d8a6369213e,03/31/2027 12:30:00,Gross Domestic Product Annualized,MEDIUM,USD
9b5a03a1-b3ce-4216-804e-123e195f0468,03/31/2027 12:30:00,Gross Domestic Product Price Index,MEDIUM,USD
2822a99e-c0e3-43ed-b630-66f9a3b8e30d,03/31/2027 12:30:00,Personal Consumption Expenditures - Price Index (MoM),MEDIUM,USD
8b4a5942-0e8b-4b43-b2f2-1380733be9d8,03/31/2027 12:30:00,Personal Consumption Expenditures - Price Index (YoY),MEDIUM,USD
f10d22ad-c8d2-4d94-826f-1f88e2f4a83f,03/31/2027 12:30:00,Personal Consumption Expenditures Prices (QoQ),MEDIUM,USD
ca810598-e949-4441-b717-6907e2418384,03/31/2027 12:30:00,Personal Income (MoM),MEDIUM,USD
9be85099-c310-4bf4-b367-cf82d190eb0e,03/31/2027 12:30:00,Personal Spending,MEDIUM,USD
43f335c0-a53d-462c-9ce5-59cdb9a4c1c1,03/31/2027 13:45:00,Chicago PMI,MEDIUM,USD
42de0c8b-f24b-4a0b-9d3f-c0262ee2d6b2,03/31/2027 14:30:00,EIA Crude Oil Stocks Change,LOW,USD
670e8353-2390-4536-85a0-f743bd379674,03/31/2027 14:30:00,EIA Distillate Stocks Change,LOW,USD
0b078a10-d063-41e4-90a7-1c245afdb58d,03/31/2027 14:30:00,EIA Gasoline Stocks Change,LOW,USD
1c994f88-c98e-4db5-8853-eb1d5225d1e2,03/31/2027 14:30:00,EIA Heating Oil Stocks Change,LOW,USD
b332688f-c302-4cee-b726-a3ae039814d0,03/31/2027 17:30:00,BoC Summary of Deliberations,MEDIUM,CAD
00604964-5449-4d2a-87b1-cf89aeb7918c,03/31/2027 23:50:00,Tankan Large All Industry Capex,MEDIUM,JPY
70012b11-2f5b-498c-8ab3-c3c970211744,03/31/2027 23:50:00,Tankan Large Manufacturing Index,HIGH,JPY
86a26e43-cadc-4ab8-ac10-a6e316cf5832,03/31/2027 23:50:00,Tankan Large Manufacturing Outlook,MEDIUM,JPY
6387d4ae-3f94-4c47-b6ba-06b0f0959a3b,03/31/2027 23:50:00,Tankan Non - Manufacturing Index,LOW,JPY
2e07ecba-428e-4c4e-93c5-ed44885c075c,03/31/2027 23:50:00,Tankan Non - Manufacturing Outlook,LOW,JPY
dd3cf1e3-8f0c-4f98-bd27-27ce7d005a41,04/01/2027 00:30:00,Exports (MoM),MEDIUM,AUD
e337eeec-9c69-435b-8700-bebd8543531d,04/01/2027 00:30:00,Imports (MoM),MEDIUM,AUD
1b4a3f59-7938-4fa2-ab69-2b58a09e4de3,04/01/2027 00:30:00,Trade Balance (MoM),HIGH,AUD
3e8538ef-f1f1-4241-adb2-9f6a3e78575a,04/01/2027 01:45:00,RatingDog Manufacturing PMI,HIGH,CNY
752ff2a4-d181-43be-855d-55b331b2b7ee,04/01/2027 06:30:00,Consumer Price Index (MoM),MEDIUM,CHF
e468271d-d079-438f-8f3f-1c588d94e10f,04/01/2027 06:30:00,Consumer Price Index (YoY),HIGH,CHF
aab0e35a-60ce-4a45-a064-d51074cf4ada,04/01/2027 07:55:00,HCOB Manufacturing PMI,MEDIUM,EUR
0d7918f9-34bd-4244-bb4a-fd14f672b19f,04/01/2027 08:00:00,HCOB Manufacturing PMI,LOW,EUR
0683195e-5928-4544-8398-4353f6d6c6db,04/01/2027 08:30:00,S&P Global Manufacturing PMI,LOW,GBP
43e62b0d-3379-497e-93a0-b8713c216550,04/01/2027 09:00:00,Core Harmonized Index of Consumer Prices (MoM),HIGH,EUR
ea45f08e-4a07-420e-934f-28f04d300eab,04/01/2027 09:00:00,Core Harmonized Index of Consumer Prices (YoY),HIGH,EUR
13a7ae54-bb94-4e2d-9525-21d60a8d10bf,04/01/2027 09:00:00,Harmonized Index of Consumer Prices (MoM),HIGH,EUR
e9e76c0f-44a8-4f00-a68b-44b385996a60,04/01/2027 09:00:00,Harmonized Index of Consumer Prices (YoY),HIGH,EUR
fa7c7161-234c-4cef-89a5-c341eab871dc,04/01/2027 09:30:00,Challenger Job Cuts,MEDIUM,USD
99477eeb-d58c-4679-9c54-44e421c22767,04/01/2027 12:30:00,Continuing Jobless Claims,LOW,USD
d7b0757b-8654-41df-ab2d-525303831585,04/01/2027 12:30:00,Initial Jobless Claims,MEDIUM,USD
367aa4f0-bf45-488b-aa3a-14ec20ac0386,04/01/2027 12:30:00,Initial Jobless Claims 4-week average,LOW,USD
1bab3e86-b058-4090-b653-1ff6c66e830d,04/01/2027 13:30:00,S&P Global Manufacturing PMI,MEDIUM,CAD
32d6f605-91ba-434c-8855-ff187fa5649b,04/01/2027 13:45:00,S&P Global Manufacturing PMI,LOW,USD
f16b1092-7a67-445f-ac39-02a636a6fc23,04/01/2027 14:00:00,Construction Spending (MoM),LOW,USD
b7aff3b3-cac4-4c5a-935f-3bfc0f9202fc,04/01/2027 14:00:00,ISM Manufacturing Employment Index,MEDIUM,USD
8bd418c5-79f7-4da9-a5e1-ca9362f9e26e,04/01/2027 14:00:00,ISM Manufacturing New Orders Index,MEDIUM,USD
3e7e9dea-9776-44df-9071-ca2b837aeacb,04/01/2027 14:00:00,ISM Manufacturing PMI,HIGH,USD
7869cb77-c67a-4f59-8c81-f765d781efda,04/01/2027 14:00:00,ISM Manufacturing Prices Paid,MEDIUM,USD
afcc2160-4d42-4806-b850-ffe60562e503,04/01/2027 14:30:00,EIA Natural Gas Storage Change,LOW,USD
2ece492b-fabd-497f-b3ec-b053eeb27e24,04/01/2027 15:30:00,4-Week Bill Auction,LOW,USD
9fd41a76-7cd7-4fdf-a19a-c58723863ce3,04/01/2027 19:30:00,Total Vehicle Sales,LOW,USD
cc70fe06-ae59-4fe0-8100-917913cd2da6,04/02/2027 06:00:00,Nationwide Housing Prices n.s.a (YoY),LOW,GBP
6e094c10-48cb-4109-a778-8a8adc39a267,04/02/2027 06:00:00,Nationwide Housing Prices s.a (MoM),LOW,GBP
603fdc14-a632-49a8-8344-8d8df5972f61,04/02/2027 12:30:00,Average Hourly Earnings (MoM),HIGH,USD
df4d1864-088a-4698-bdbf-e28a2dfafa77,04/02/2027 12:30:00,Average Hourly Earnings (YoY),HIGH,USD
5d6b5cf9-a483-439d-8712-283ae68328a2,04/02/2027 12:30:00,Average Weekly Hours,LOW,USD
75a6aac5-a91f-4b0f-945b-079f4c0f65a0,04/02/2027 12:30:00,Labor Force Participation Rate,MEDIUM,USD
67f7c041-08c5-45cb-a24a-ef5f4df1fbf4,04/02/2027 12:30:00,Nonfarm Payrolls,HIGH,USD
08e0747b-07f0-491e-b4c6-ae10d3ec8758,04/02/2027 12:30:00,U6 Underemployment Rate,MEDIUM,USD
57a7d8f8-3268-4b27-af62-5669aa56e81c,04/02/2027 12:30:00,Unemployment Rate,MEDIUM,USD
08f114ac-dbd4-4584-8efc-dbe3b5d0e0fe,04/02/2027 17:00:00,Baker Hughes US Oil Rig Count,LOW,USD
05bb5e52-d5e4-424b-96a8-13a1bd0f694b,04/02/2027 19:30:00,CFTC AUD NC Net Positions,LOW,AUD
6b1f3be5-43bd-4b50-862b-8198de2ca223,04/02/2027 19:30:00,CFTC EUR NC Net Positions,LOW,EUR
96d7d31b-354a-4750-802b-2e8b964b1b57,04/02/2027 19:30:00,CFTC JPY NC Net Positions,LOW,JPY
655b020a-0c8c-4339-a46f-b687f7994e8b,04/02/2027 19:30:00,CFTC GBP NC Net Positions,LOW,GBP
538f29d0-b3d0-462e-a9e1-afee0850a02e,04/02/2027 19:30:00,CFTC Gold NC Net Positions,LOW,USD
d87fa67f-e79e-4b0c-b43a-f92c07411e32,04/02/2027 19:30:00,CFTC Oil NC Net Positions,LOW,USD
4a1dddb6-d516-44dd-b27f-8e6b17f59cb9,04/02/2027 19:30:00,CFTC S&P 500 NC Net Positions,LOW,USD
9a51cbb5-bab4-4b37-864e-dbc30e4970d5,04/03/2027 16:00:00,Daylight Saving Time Ends,NONE,AUD
184b7bb0-905f-48ab-bd65-22e27f442f97,04/03/2027 16:00:00,Daylight Saving Time Ends,NONE,NZD
37e07e7e-7e4a-46c5-8e0f-9aadb84c8738,04/04/2027 16:00:00,Ching Ming Festival,NONE,CNY
1a332e49-d1f8-40a3-a4cd-c3bfb41b2a34,04/04/2027 16:00:00,Tomb Sweeping Day,NONE,CNY
37fb6500-86dd-4bf4-880a-613f0a062452,04/05/2027 01:45:00,RatingDog Services PMI,HIGH,CNY
430ae038-9dbd-4b8e-990c-8281caa30914,04/05/2027 07:55:00,HCOB Composite PMI,MEDIUM,EUR
a81254af-a66f-4181-b5f2-9bb2b144cfec,04/05/2027 07:55:00,HCOB Services PMI,MEDIUM,EUR
4989714c-5699-4a03-b21d-8c6dd14020d5,04/05/2027 08:00:00,HCOB Composite PMI,MEDIUM,EUR
a81dae94-02db-4826-84c6-086002646d3a,04/05/2027 08:00:00,HCOB Services PMI,LOW,EUR
72ea54dc-b296-4e76-b6c8-e93a23ca56f8,04/05/2027 08:30:00,Sentix Investor Confidence,MEDIUM,EUR
dc66d645-0d1d-4044-afb6-1a97d4d2445a,04/05/2027 08:30:00,S&P Global Composite PMI,LOW,GBP
658f1df0-2039-44dc-bd9c-53b8190e71c0,04/05/2027 08:30:00,S&P Global Services PMI,LOW,GBP
8a8f4ba8-d84e-44f8-8ae0-ad002a9819e6,04/05/2027 09:00:00,Producer Price Index (MoM),MEDIUM,EUR
c3e84120-68ef-40e9-b7bd-78a6198bc98a,04/05/2027 09:00:00,Producer Price Index (YoY),MEDIUM,EUR
ea0e872b-9cee-4367-8881-6068f9ade7f0,04/05/2027 09:00:00,Retail Sales (MoM),MEDIUM,EUR
a29a80d4-cb17-46ce-9107-9f859a830acc,04/05/2027 09:00:00,Retail Sales (YoY),HIGH,EUR
eddaba36-24d5-4c33-a7b4-968ae371b3c4,04/05/2027 13:45:00,S&P Global Composite PMI,MEDIUM,USD
ded3eee8-1917-4c5d-a029-443471b6d0ca,04/05/2027 13:45:00,S&P Global Services PMI,LOW,USD
356e5a27-6034-45ca-8f46-7d85bc1eaab7,04/05/2027 14:00:00,Factory Orders (MoM),MEDIUM,USD
f78bbf4f-e74c-4d3e-b564-3d9cbfd9c2a8,04/05/2027 14:00:00,ISM Services Employment Index,MEDIUM,USD
7e1a8959-166d-4199-b35c-d0af4e41e2b2,04/05/2027 14:00:00,ISM Services New Orders Index,MEDIUM,USD
acab3eb6-00a2-4a16-99c1-7937b7e54953,04/05/2027 14:00:00,ISM Services PMI,HIGH,USD
da8b63c4-e09f-4d09-8fb4-9b566f420ca0,04/05/2027 14:00:00,ISM Services Prices Paid,MEDIUM,USD
938f5bfd-c16a-4dcc-9716-d21a0e66c955,04/05/2027 15:30:00,3-Month Bill Auction,LOW,USD
8cccecab-dc96-4380-8467-103c8af28f44,04/05/2027 15:30:00,6-Month Bill Auction,LOW,USD
f1a681fc-5cb6-461c-a4cb-7502432fafd7,04/05/2027 23:01:00,BRC Like-For-Like Retail Sales (YoY),MEDIUM,GBP
14926c5f-e6c5-4afe-a243-ab9cb659656c,04/06/2027 06:00:00,Factory Orders n.s.a. (YoY),MEDIUM,EUR
ad9d240b-efa4-4bab-86d1-7c7a86b99934,04/06/2027 06:00:00,Factory Orders s.a. (MoM),MEDIUM,EUR
bf07a7ce-9c18-4ddf-aa79-7b53ec3d62be,04/06/2027 06:00:00,Lloyds House Price Index (MoM),LOW,GBP
1c557f7c-2242-4b04-985e-fb9dd44f6ba2,04/06/2027 06:00:00,Lloyds House Price Index (YoY),LOW,GBP
f875c96d-f54b-4a17-9c45-97ec19e3914e,04/06/2027 08:30:00,S&P Global Construction PMI,LOW,GBP
ef9f0126-71cd-422f-8aef-e5170fc92706,04/06/2027 09:00:00,Unemployment Rate,MEDIUM,EUR
cd057c4e-d7d1-43aa-a105-a0d90b532a2b,04/06/2027 12:30:00,Exports,LOW,CAD
5e9b04a7-ce14-46a6-981a-07661def66c1,04/06/2027 12:30:00,Imports,LOW,CAD
8bd18608-a75f-4b6e-a4e8-8c2e87714795,04/06/2027 12:30:00,International Merchandise Trade,LOW,CAD
699ab925-17c8-4b5d-9d10-68e7d57a8577,04/06/2027 12:30:00,Goods and Services Trade Balance,LOW,USD
9bce4b75-e928-4c11-a2b1-a9802436a499,04/06/2027 12:30:00,Goods Trade Balance,LOW,USD
fbd83197-2aa4-41ee-b00a-d539a8a21dd0,04/06/2027 12:55:00,Redbook Index (YoY),LOW,USD
71b54c52-dd7a-4885-b44b-b1fc0e197ff0,04/06/2027 14:00:00,Ivey Purchasing Managers Index,MEDIUM,CAD
8a5dff25-8d35-4dd9-9cc7-e2758e0697f9,04/06/2027 14:00:00,Ivey Purchasing Managers Index s.a,MEDIUM,CAD
3e1b3865-b4a2-4f83-904d-6ab5fccdc002,04/06/2027 14:00:00,JOLTS Job Openings,MEDIUM,USD
b9e44adf-712f-4db2-8e45-c46c1a8b79d7,04/06/2027 14:00:00,RealClearMarkets/TIPP Economic Optimism (MoM),LOW,USD
e590217b-aec3-40b3-a05f-d745a5657d5f,04/06/2027 17:00:00,3-Year Note Auction,LOW,USD
e3b78407-cf72-4a2d-9d86-585226ae74f3,04/06/2027 19:00:00,Consumer Credit Change,LOW,USD
5ea1363e-8418-4447-a4a7-9a4edf06a639,04/06/2027 20:30:00,API Weekly Crude Oil Stock,LOW,USD
8b0e035f-b445-4122-a089-9a8ef1648e7f,04/07/2027 07:00:00,Non-Monetary Policy ECB Meeting,MEDIUM,EUR
2cebaf9c-219d-49c2-91fa-bc755f5510c9,04/07/2027 08:00:00,Foreign Exchange Reserves (MoM),LOW,CNY
6fa8ea30-3fa0-4054-bfe5-9250088429a2,04/07/2027 11:00:00,MBA Mortgage Applications,LOW,USD
db346a08-3158-4e12-9ca3-96bd4861e221,04/07/2027 14:30:00,EIA Crude Oil Stocks Change,LOW,USD
b13374b3-644f-480e-9009-cac09a0f0333,04/07/2027 14:30:00,EIA Distillate Stocks Change,LOW,USD
38cb9079-e021-4eb7-91c4-832b5bc8d83b,04/07/2027 14:30:00,EIA Gasoline Stocks Change,LOW,USD
a7b5c6de-d1a3-4472-8cb6-7a8f190a2da2,04/07/2027 14:30:00,EIA Heating Oil Stocks Change,LOW,USD
4ba04643-587c-4fce-890c-1817d4bea14c,04/07/2027 17:00:00,10-Year Note Auction,LOW,USD
5ea7ebfd-1815-4c39-954b-5bb8586bf00c,04/07/2027 18:00:00,FOMC Minutes,HIGH,USD
3d29775d-88b3-4897-9014-8f133b7ae62e,04/07/2027 23:01:00,RICS Housing Price Balance,LOW,GBP
7e4233d1-dfa6-4a22-a8f0-8d52b3ab3026,04/07/2027 23:50:00,Current Account n.s.a.,MEDIUM,JPY
3be271df-c203-4da4-a74a-34641f6c2a70,04/07/2027 23:50:00,Trade Balance - BOP Basis,LOW,JPY
28f15b61-92a3-4792-b298-73cdfd5707f8,04/08/2027 06:00:00,Exports (MoM),LOW,EUR
36b24e59-71ac-41a8-a8b0-d6c76fd0d8f4,04/08/2027 06:00:00,Imports (MoM),LOW,EUR
7ab2cdca-1b4f-4768-a940-65e77d6f68ca,04/08/2027 06:00:00,Trade Balance s.a.,MEDIUM,EUR
de24206f-6e93-4eec-a8b8-07446651db99,04/08/2027 08:30:00,BoE Credit Conditions Survey,LOW,GBP
f2d06de5-f9f3-408b-afb4-cb1093ec6cd0,04/08/2027 12:30:00,Continuing Jobless Claims,LOW,USD
5ec8fb0c-fdd5-45c7-978c-a63c29a63a41,04/08/2027 12:30:00,Initial Jobless Claims,MEDIUM,USD
675d9a99-c7dc-4e4a-93de-b37da3dba527,04/08/2027 12:30:00,Initial Jobless Claims 4-week average,LOW,USD
1f6285ce-1ab1-4696-9c05-24cfdac4f638,04/08/2027 14:30:00,EIA Natural Gas Storage Change,LOW,USD
77ca3213-dab2-435e-9985-3ec4444c3e51,04/08/2027 15:30:00,4-Week Bill Auction,LOW,USD
9be1c797-8779-45c4-81cd-73cfc20d70c7,04/08/2027 17:00:00,30-Year Bond Auction,LOW,USD
126b34a0-720e-4a88-b87a-02ff9a10ee52,04/09/2027 01:30:00,Consumer Price Index (MoM),MEDIUM,CNY
e304aaea-3738-42f3-a3f9-9c4fd857edbc,04/09/2027 01:30:00,Consumer Price Index (YoY),HIGH,CNY
1a5215f0-2b1d-434a-ac7e-ceb9891379aa,04/09/2027 01:30:00,Producer Price Index (YoY),MEDIUM,CNY
b21e7a25-293a-42dc-8f4a-91986ad62b40,04/09/2027 03:00:00,Exports (YoY),MEDIUM,CNY
93ca8460-55bd-4a62-96d7-725f28d85bd4,04/09/2027 03:00:00,Exports (YoY) CNY,MEDIUM,CNY
fe059098-9f35-48d0-9569-47be32318186,04/09/2027 03:00:00,Imports (YoY),MEDIUM,CNY
9a003f01-1eb7-4624-ab7b-4a97f2e08ce9,04/09/2027 03:00:00,Imports (YoY) CNY,MEDIUM,CNY
088f832d-57eb-4251-8aa6-58b15f1c70a1,04/09/2027 03:00:00,Trade Balance CNY,MEDIUM,CNY
2aecd554-4894-4f5f-a20e-5006a59054b6,04/09/2027 03:00:00,Trade Balance USD,MEDIUM,CNY
a6064e88-c775-4ea8-b721-ecce8182ede6,04/09/2027 06:00:00,Industrial Production n.s.a. w.d.a. (YoY),MEDIUM,EUR
170f4deb-2c9e-40e7-a855-e46bc0db95e6,04/09/2027 06:00:00,Industrial Production s.a. (MoM),MEDIUM,EUR
ef181955-dba4-4141-a35d-aa64cd896d68,04/09/2027 12:30:00,Average Hourly Wages (YoY),MEDIUM,CAD
139db3b4-78ce-4ccd-80a7-569fef238e08,04/09/2027 12:30:00,Net Change in Employment,HIGH,CAD
82cca308-5cda-461c-b5bb-1c5a19e41a7c,04/09/2027 12:30:00,Participation Rate,LOW,CAD
bf5ebf7c-bb63-4a81-9ea5-ac468366d8fe,04/09/2027 12:30:00,Unemployment Rate,HIGH,CAD
433fec71-33c4-4218-baf5-01f672c7ca87,04/09/2027 14:00:00,Michigan Consumer Expectations Index,MEDIUM,USD
6b31b4ef-e370-44c8-9b13-1ac003965289,04/09/2027 14:00:00,Michigan Consumer Sentiment Index,HIGH,USD
063ac140-749b-4774-b1db-82c207098a3c,04/09/2027 14:00:00,UoM 1-year Consumer Inflation Expectations,MEDIUM,USD
5b0578ce-b7e4-47c5-9b1e-107040a73286,04/09/2027 14:00:00,UoM 5-year Consumer Inflation Expectation,MEDIUM,USD
28c715de-4c84-4c71-b390-491addd0b0ef,04/09/2027 14:00:00,Wholesale Inventories,LOW,USD
9d392290-8796-4f22-9c71-adc125825d1e,04/09/2027 17:00:00,Baker Hughes US Oil Rig Count,LOW,USD
815b35f5-a662-466a-a38c-82511ca587fa,04/09/2027 19:30:00,CFTC AUD NC Net Positions,LOW,AUD
3b7ab7eb-64a7-484a-932a-ca3eb7b05180,04/09/2027 19:30:00,CFTC EUR NC Net Positions,LOW,EUR
ecf9aa90-8941-463b-8b33-88d942a4c7d0,04/09/2027 19:30:00,CFTC JPY NC Net Positions,LOW,JPY
9d82267e-2bba-429a-8843-f8374e3bbee0,04/09/2027 19:30:00,CFTC GBP NC Net Positions,LOW,GBP
0b552089-d283-4faf-a509-17efaead523c,04/09/2027 19:30:00,CFTC Gold NC Net Positions,LOW,USD
493296a0-9e7e-4c8d-bda9-551140d276ae,04/09/2027 19:30:00,CFTC Oil NC Net Positions,LOW,USD
253a0fd5-99f7-4959-81e4-6e36a5811599,04/09/2027 19:30:00,CFTC S&P 500 NC Net Positions,LOW,USD
11ee299f-eeb4-4a77-af58-16bc26c41ef6,04/12/2027 12:30:00,Current Account n.s.a.,LOW,EUR
2e506066-23d9-4b44-a596-6ece6362422d,04/12/2027 15:30:00,3-Month Bill Auction,LOW,USD
5c29063f-4c0c-49f4-b3d1-017f7d4200e1,04/12/2027 15:30:00,6-Month Bill Auction,LOW,USD
4bba0b86-3c93-4647-baa2-d7ff99e341d1,04/12/2027 18:00:00,Monthly Budget Statement,MEDIUM,USD
200b8c40-e141-4036-ae43-5c275a7c4c26,04/13/2027 06:00:00,Consumer Price Index (MoM),LOW,EUR
58bb7701-90f5-48b6-bb03-9ed5697e302e,04/13/2027 06:00:00,Consumer Price Index (YoY),LOW,EUR
042a2047-acea-4fd0-836d-b00625819155,04/13/2027 06:00:00,Harmonized Index of Consumer Prices (MoM),MEDIUM,EUR
c155a1d0-0e3c-469c-867a-f4aa21c49034,04/13/2027 06:00:00,Harmonized Index of Consumer Prices (YoY),HIGH,EUR
fb8ddc32-036b-4a94-898e-d420fe3c2ca3,04/13/2027 06:00:00,Wholesale Price Index (MoM),LOW,EUR
3dd27255-823c-4b96-843b-260b83d7f573,04/13/2027 06:00:00,Wholesale Price Index (YoY),LOW,EUR
4c2fe9d2-59e8-4955-92dd-11a8dd45f2d4,04/13/2027 10:00:00,M2 Money Supply (YoY),LOW,CNY
8c28dd65-0c1f-4b17-9e07-4c5945eb68f7,04/13/2027 10:00:00,New Loans,LOW,CNY
09d6595e-313b-4f61-a18d-e87073c129a2,04/13/2027 10:00:00,NFIB Business Optimism Index,LOW,USD
2f276599-4eaa-4f3d-b04b-5ea3afaf012a,04/13/2027 12:15:00,ADP Employment Change 4-week average,MEDIUM,USD
616e3ea0-b2a1-4ecf-ad44-0790cc9abf00,04/13/2027 12:30:00,Consumer Price Index (MoM),HIGH,USD
f549ebc7-d6f2-436d-819d-26afe75a9b66,04/13/2027 12:30:00,Consumer Price Index (YoY),HIGH,USD
93050927-1be9-4a42-9e79-b034a4bad79c,04/13/2027 12:30:00,Consumer Price Index Core s.a,LOW,USD
db52f296-ed35-40d5-9f3b-ce85e7feb494,04/13/2027 12:30:00,Consumer Price Index ex Food & Energy (MoM),HIGH,USD
c5b1356b-5b11-49d5-8f27-f53a49fb86c2,04/13/2027 12:30:00,Consumer Price Index ex Food & Energy (YoY),HIGH,USD
7d0e3f98-6922-422e-bf4c-f970d557a45c,04/13/2027 12:30:00,Consumer Price Index n.s.a (MoM),LOW,USD
d93b2f80-e951-4fc4-8a80-9e83c89bcfd9,04/13/2027 12:30:00,Producer Price Index (MoM),MEDIUM,USD
038bb86b-b524-4091-b336-13c8f2576d63,04/13/2027 12:30:00,Producer Price Index (YoY),MEDIUM,USD
2792f882-a7d1-4a14-9504-8750149fb322,04/13/2027 12:30:00,Producer Price Index ex Food & Energy (MoM),MEDIUM,USD
3d221a7c-a46b-4854-8ca0-0bc0cabf2980,04/13/2027 12:30:00,Producer Price Index ex Food & Energy (YoY),HIGH,USD
7e2df4a4-f7af-4baf-becd-aa1fd1f82643,04/13/2027 12:55:00,Redbook Index (YoY),LOW,USD
f877c0ce-e672-489e-8e6d-057718e5be52,04/13/2027 14:00:00,Existing Home Sales (MoM),LOW,USD
3eb4dab2-65ec-47dd-931a-d979a927068c,04/13/2027 14:00:00,Existing Home Sales Change (MoM),MEDIUM,USD
948f2d41-7c49-49c0-aaf3-c8637ca0a593,04/13/2027 15:30:00,52-Week Bill Auction,LOW,USD
22f98b2a-d7f1-4fe6-8aa9-52acbe00000c,04/13/2027 20:30:00,API Weekly Crude Oil Stock,LOW,USD
56b375a4-749e-4ab2-b430-545b4e8cb41a,04/14/2027 09:00:00,Industrial Production s.a. (MoM),MEDIUM,EUR
5cb6b1c1-da60-4f86-936c-398c700313ea,04/14/2027 09:00:00,Industrial Production w.d.a. (YoY),LOW,EUR
bc3a453c-da2a-4a50-9af3-7eedfd01d665,04/14/2027 11:00:00,MBA Mortgage Applications,LOW,USD
60841223-06ba-484c-9689-605da8a86df1,04/14/2027 12:30:00,Building Permits (MoM),LOW,CAD
898294d6-d0e5-4e83-ac21-6af85edeca68,04/14/2027 12:30:00,Manufacturing Sales (MoM),LOW,CAD
61e9a7d4-ce9d-4cdc-93ce-284b736f0f65,04/14/2027 12:30:00,Wholesale Sales (MoM),LOW,CAD
3840e969-03d9-4261-969e-d15aea88a096,04/14/2027 14:00:00,Business Inventories,LOW,USD
8d83910f-a30d-41b2-9275-c0e6388295cf,04/14/2027 14:30:00,EIA Crude Oil Stocks Change,LOW,USD
c522bedd-b879-4a0d-8c1a-328f5aefcaae,04/14/2027 14:30:00,EIA Distillate Stocks Change,LOW,USD
474f9769-55b7-4fae-8f39-67cc13e4d80b,04/14/2027 14:30:00,EIA Gasoline Stocks Change,LOW,USD
ea18428a-5ac1-4cfe-bd71-3ec7649d3900,04/14/2027 14:30:00,EIA Heating Oil Stocks Change,LOW,USD
49791fc6-9af9-45ef-a773-b69c844d7e60,04/15/2027 01:30:00,"House Price Index ",LOW,CNY
80c84c65-cc1c-41b2-9480-bde842b3d40d,04/15/2027 06:00:00,Goods Trade Balance,LOW,GBP
c1c07edd-1fa3-4db0-8b52-21a624c8d103,04/15/2027 06:00:00,Gross Domestic Product (MoM),MEDIUM,GBP
d2ef0413-9c62-4339-82cf-985c583a2f98,04/15/2027 06:00:00,Index of Services (3M/3M),LOW,GBP
b0c58690-757f-4dfc-970f-d87c6468a058,04/15/2027 06:00:00,Industrial Production (MoM),MEDIUM,GBP
f9c7022d-408b-402d-a5d1-795ccf9c6b46,04/15/2027 06:00:00,Industrial Production (YoY),LOW,GBP
afb72cba-e9ad-4570-af69-c499770c3a01,04/15/2027 06:00:00,Manufacturing Production (MoM),MEDIUM,GBP
206ab442-4820-46f4-b05d-008c80194f51,04/15/2027 06:00:00,Manufacturing Production (YoY),LOW,GBP
6a4114c9-938b-4236-867d-fcab64fca745,04/15/2027 06:00:00,Total Trade Balance,LOW,GBP
88e3f402-2123-426b-a4eb-08f7d7d2854a,04/15/2027 06:00:00,Trade Balance; non-EU,LOW,GBP
39583067-6998-488a-b348-28b863072f12,04/15/2027 12:00:00,NIESR GDP Estimate (3M),LOW,GBP
25be2ada-d3b9-48b2-aeb5-ac8c25687476,04/15/2027 12:15:00,Housing Starts s.a (YoY),LOW,CAD
72f473d2-758c-4c43-be07-783b3262b1fd,04/15/2027 12:30:00,Continuing Jobless Claims,LOW,USD
ae606730-267e-4c92-ba96-7fd291ab2dbc,04/15/2027 12:30:00,Export Price Index (MoM),LOW,USD
0da1bcef-a8e7-49f0-8aea-c91a2b83199f,04/15/2027 12:30:00,Export Price Index (YoY),LOW,USD
66a33210-56d7-4e69-b9f4-2ef29adb69ce,04/15/2027 12:30:00,Import Price Index (MoM),LOW,USD
f0a001de-54f3-4abb-a27a-d370d433d2f3,04/15/2027 12:30:00,Import Price Index (YoY),LOW,USD
0fd48db6-8684-4cc7-b80b-19d9c3dc11f0,04/15/2027 12:30:00,Initial Jobless Claims,MEDIUM,USD
a1add4dd-539e-4bbf-b7fa-2fbbbda19bd4,04/15/2027 12:30:00,Initial Jobless Claims 4-week average,LOW,USD
22499fbe-fec6-46c2-b470-8bb68c3ebd02,04/15/2027 12:30:00,NY Empire State Manufacturing Index,MEDIUM,USD
2692e230-8d72-4322-81bf-98401e1e0184,04/15/2027 13:15:00,Capacity Utilization,LOW,USD
153c0a72-bdde-4ee8-a415-681ae969e7f7,04/15/2027 13:15:00,Industrial Production (MoM),MEDIUM,USD
9e7d6cfd-bf82-4733-8e58-d6df136c7754,04/15/2027 14:00:00,NAHB Housing Market Index,LOW,USD
53bd31d5-0cea-4417-bd4f-0b4b25cc9b87,04/15/2027 14:30:00,EIA Natural Gas Storage Change,LOW,USD
3236e664-27ca-4d6d-bce7-25f3417759c0,04/15/2027 15:30:00,4-Week Bill Auction,LOW,USD
19a8ade5-3020-43c1-845e-bbbc858189dd,04/15/2027 20:00:00,Net Long-Term TIC Flows,LOW,USD
393e0d6c-db32-4c34-adb2-b65e68c9a3be,04/15/2027 20:00:00,Total Net TIC Flows,LOW,USD
817b81d3-ee29-464d-b131-788fd4ee3df8,04/16/2027 02:00:00,Fixed Asset Investment (YTD) (YoY),LOW,CNY
e0c805b9-6a52-4587-a9ad-a7854d34a60c,04/16/2027 02:00:00,Gross Domestic Product (QoQ),HIGH,CNY
16c81248-58a3-4d4d-9714-1d74c93612a4,04/16/2027 02:00:00,Gross Domestic Product (YoY),HIGH,CNY
c2aa2348-daf5-4626-bcdc-1a42c64c8c19,04/16/2027 02:00:00,Industrial Production (YoY),HIGH,CNY
dd21daa9-7e80-4f08-b83d-ebc15874134b,04/16/2027 02:00:00,Retail Sales (YoY),HIGH,CNY
83d0a078-00eb-4f9d-a3b9-61b820722929,04/16/2027 09:00:00,Core Harmonized Index of Consumer Prices (MoM),MEDIUM,EUR
c1a6ab15-1c54-428c-ad4f-0c4cc141641d,04/16/2027 09:00:00,Core Harmonized Index of Consumer Prices (YoY),MEDIUM,EUR
5418db67-b93d-42e2-b06f-772f791dbe6a,04/16/2027 09:00:00,Harmonized Index of Consumer Prices (MoM),MEDIUM,EUR
7c60513b-32e1-4ac3-ac9f-5b6d469bdd16,04/16/2027 09:00:00,Harmonized Index of Consumer Prices (YoY),LOW,EUR
f6e2f703-4cf9-4877-ad8f-04a3c124c3c9,04/16/2027 09:00:00,Trade Balance n.s.a.,LOW,EUR
0c2b7516-ae7f-4b6f-90df-62d841ba773d,04/16/2027 09:00:00,Trade Balance s.a.,LOW,EUR
a0e2d9dc-cb5d-48a2-ac92-90a04246d9c7,04/16/2027 12:30:00,Canadian Portfolio Investment in Foreign Securities,LOW,CAD
951c9898-c94e-4fd8-aa28-3a1e6341dad1,04/16/2027 12:30:00,Foreign Portfolio Investment in Canadian Securities,LOW,CAD
343ed31c-0b4f-4551-9525-7b5513732488,04/16/2027 12:30:00,Building Permits (MoM),MEDIUM,USD
fe6cdc7c-aa0e-4f09-93d1-c70bf0629bd3,04/16/2027 12:30:00,Building Permits Change,LOW,USD
d197048b-3ce7-41ef-9c9a-0dffc2025d01,04/16/2027 12:30:00,Housing Starts (MoM),MEDIUM,USD
918b0db4-de1a-420d-a85f-760a77af3624,04/16/2027 12:30:00,Housing Starts Change,LOW,USD
bb761dc9-2e14-48d9-af83-bfd29119e859,04/16/2027 12:30:00,Retail Sales (MoM),HIGH,USD
0a67c2b2-d7af-4538-93b5-160212fd2152,04/16/2027 12:30:00,Retail Sales (YoY),LOW,USD
202c15ea-5934-486f-9435-19fb3b3f39a6,04/16/2027 12:30:00,Retail Sales Control Group,HIGH,USD
652f5239-31a1-4724-b781-d9b5490a6341,04/16/2027 12:30:00,Retail Sales ex Autos (MoM),MEDIUM,USD
79f80886-8e21-48c0-b1ea-e472a9765adb,04/16/2027 17:00:00,Baker Hughes US Oil Rig Count,LOW,USD
40100226-ee04-476a-8575-3a76408477e4,04/16/2027 19:30:00,CFTC AUD NC Net Positions,LOW,AUD
9a5c6049-95e9-4c8e-9309-fd9ca97c9d0d,04/16/2027 19:30:00,CFTC EUR NC Net Positions,LOW,EUR
6817d95d-537b-48f7-8d1e-31f4aeb86305,04/16/2027 19:30:00,CFTC JPY NC Net Positions,LOW,JPY
950d25d8-4ed0-4ad6-8659-c9efa69b7a4c,04/16/2027 19:30:00,CFTC GBP NC Net Positions,LOW,GBP
87365871-6754-4e70-8ffc-5bff41e2d5b3,04/16/2027 19:30:00,CFTC Gold NC Net Positions,LOW,USD
60a05fa7-a108-470c-971c-40a4259dc399,04/16/2027 19:30:00,CFTC Oil NC Net Positions,LOW,USD
f15bd3ac-45b0-4539-99f2-c724685da9e1,04/16/2027 19:30:00,CFTC S&P 500 NC Net Positions,LOW,USD
dac42bc8-239b-48e0-8b5b-f13b89121078,04/18/2027 23:01:00,Rightmove House Price Index (MoM),LOW,GBP
f6813afa-77ff-43d2-9020-7d95c7250bbc,04/18/2027 23:01:00,Rightmove House Price Index (YoY),LOW,GBP
2db696b7-3021-4439-bdd5-68944524c690,04/19/2027 06:00:00,Producer Price Index (MoM),MEDIUM,EUR
11fc8626-0f59-4b7c-8823-734897284092,04/19/2027 06:00:00,Producer Price Index (YoY),MEDIUM,EUR
70e531ce-531e-4163-91d9-12821972d89f,04/19/2027 09:00:00,Construction Output  s.a (MoM),LOW,EUR
dd8b8431-f9ee-46ba-97ac-2f6f7cf3c333,04/19/2027 09:00:00,Construction Output w.d.a (YoY),LOW,EUR
a28a8f36-abc6-4f55-8c93-eb477132eaae,04/19/2027 10:00:00,German Buba Monthly Report,LOW,EUR
4400e337-fb53-4900-9ee5-bd3febf14093,04/19/2027 12:30:00,BoC Consumer Price Index Core (MoM),MEDIUM,CAD
a899c6fd-14f9-4ee1-a1b6-921c4099d99b,04/19/2027 12:30:00,BoC Consumer Price Index Core (YoY),HIGH,CAD
c2f4f454-7816-41d2-8017-b5118eb5adba,04/19/2027 12:30:00,Consumer Price Index - Core (MoM),LOW,CAD
dea2a8ff-116b-4952-b4c0-1eb1c10d56b4,04/19/2027 12:30:00,Consumer Price Index (MoM),MEDIUM,CAD
e0ac34e1-5aaa-4119-9528-55402b210c04,04/19/2027 12:30:00,Consumer Price Index (YoY),HIGH,CAD
47fe639b-7171-4fb5-a339-f0342411798b,04/19/2027 14:30:00,Bank of Canada Business Outlook Survey,MEDIUM,CAD
b1d3f0e6-69d5-48f3-9b2d-7999bc889dbe,04/19/2027 15:30:00,3-Month Bill Auction,LOW,USD
53484ca6-a9bf-4a3e-a632-c78d8d8eb608,04/19/2027 15:30:00,6-Month Bill Auction,LOW,USD
2c92c948-7d72-4765-ae3a-1e4172b755a5,04/20/2027 01:15:00,PBoC Interest Rate Decision,MEDIUM,CNY
5b6a8c0b-7b2b-462c-88a6-a81f5ce6f8f1,04/20/2027 06:00:00,Average Earnings Excluding Bonus (3Mo/Yr),MEDIUM,GBP
a3a0c5f7-01b9-4d4a-a493-8f16377d36a6,04/20/2027 06:00:00,Average Earnings Including Bonus (3Mo/Yr),MEDIUM,GBP
c80cbe06-3295-4289-b5e0-08b2deeb82e2,04/20/2027 06:00:00,Claimant Count Change,HIGH,GBP
2618477c-53e7-4d1d-a756-4794077afb05,04/20/2027 06:00:00,Claimant Count Rate,MEDIUM,GBP
dfb9ee82-c90e-4e3c-aca8-159d62a1e9d2,04/20/2027 06:00:00,Employment Change (3M),HIGH,GBP
994e40df-58d5-46ee-93d8-fc07e6b70a36,04/20/2027 06:00:00,ILO Unemployment Rate (3M),HIGH,GBP
36ac509d-badf-4ba8-b831-9a2f2ea3f3e2,04/20/2027 08:00:00,Current Account n.s.a,LOW,EUR
3b7cfbb7-f413-4e40-93c4-806c89f404b8,04/20/2027 08:00:00,Current Account s.a,LOW,EUR
b2e0d4db-473a-4757-a2bf-934f6b9cf1a3,04/20/2027 09:00:00,FDI - Foreign Direct Investment (YTD) (YoY),LOW,CNY
a7acef6a-97d2-434a-bc98-82ad70146fd4,04/20/2027 09:00:00,ZEW Survey – Current Situation,MEDIUM,EUR
b9fb1b93-9421-4f65-81ec-bc74ab7182e1,04/20/2027 09:00:00,ZEW Survey – Economic Sentiment,MEDIUM,EUR
86abad3a-8305-4a3c-81fd-c76654560150,04/20/2027 09:00:00,ZEW Survey – Economic Sentiment,MEDIUM,EUR
b6648cff-6345-4be0-b755-42f2a948f905,04/20/2027 12:15:00,ADP Employment Change 4-week average,MEDIUM,USD
efd0dc38-7991-40ed-b9e4-870cfaa1bba4,04/20/2027 12:30:00,New Housing Price Index (MoM),LOW,CAD
e102a3c8-9277-4950-ab68-954c21f10d0e,04/20/2027 12:30:00,New Housing Price Index (YoY),LOW,CAD
d94af5d2-ee98-43e9-b219-4521409f972a,04/20/2027 12:55:00,Redbook Index (YoY),LOW,USD
a6e60d17-2ced-4888-a5ff-54f60e2fddab,04/20/2027 20:30:00,API Weekly Crude Oil Stock,LOW,USD
ec8c520b-09d4-4941-8a6b-0639cd5f12ff,04/20/2027 22:45:00,Consumer Price Index (QoQ),HIGH,NZD
5083a563-6766-4a9a-8da2-8c61d58f5cc8,04/20/2027 22:45:00,Consumer Price Index (YoY),HIGH,NZD
9e9d9d43-a504-47ad-aaa0-7421fb79e96f,04/20/2027 23:50:00,Adjusted Merchandise Trade Balance,MEDIUM,JPY
d62d5eb4-dc4d-49fa-bf8f-339587848736,04/20/2027 23:50:00,Exports (YoY),MEDIUM,JPY
9149b47a-c6cb-4294-ae59-aca9e32d457f,04/20/2027 23:50:00,Imports (YoY),MEDIUM,JPY
c6a52676-c882-4ff8-b7a5-d6d1a9be84ca,04/20/2027 23:50:00,Merchandise Trade Balance Total,MEDIUM,JPY
7bb5e5a4-7438-43a6-bf9c-f3b8c0806832,04/21/2027 06:00:00,Consumer Price Index (MoM),HIGH,GBP
27e03b16-10f8-4d03-940e-b79783f1c174,04/21/2027 06:00:00,Consumer Price Index (YoY),HIGH,GBP
ba555ab7-e2be-45af-80b1-4699448d9dd3,04/21/2027 06:00:00,Core Consumer Price Index (YoY),HIGH,GBP
0906ede9-7950-4ecb-924f-0dabba92982f,04/21/2027 06:00:00,PPI Core Output (MoM) n.s.a,MEDIUM,GBP
43e3bada-1ffa-4a9c-8d0b-d85065cbe9cc,04/21/2027 06:00:00,"PPI Core Output (YoY) n.s.a ",MEDIUM,GBP
e34dc253-c07d-4c52-b968-bec943f35e0c,04/21/2027 06:00:00,Producer Price Index - Input (MoM) n.s.a,LOW,GBP
646bf027-96ba-4ce9-81a6-f7ffe5e209ba,04/21/2027 06:00:00,Producer Price Index - Input (YoY) n.s.a,LOW,GBP
eee19b23-bc74-415b-9834-b80daa1f702f,04/21/2027 06:00:00,Producer Price Index - Output (MoM) n.s.a,MEDIUM,GBP
f98c6690-44e0-48e0-abfc-96f2865e1465,04/21/2027 06:00:00,Producer Price Index - Output (YoY) n.s.a,LOW,GBP
f5c4f58f-aa52-43e0-88f3-a171c8fe40dc,04/21/2027 06:00:00,Retail Price Index (MoM),MEDIUM,GBP
2611ec8a-f678-4e13-81ce-da927497e69e,04/21/2027 06:00:00,Retail Price Index (YoY),MEDIUM,GBP
cca183ff-5c88-49c8-9107-c95d69b90175,04/21/2027 08:30:00,DCLG House Price Index (YoY),LOW,GBP
aa9f4d49-24f1-424c-a6c0-64ab17b3e96b,04/21/2027 08:30:00,S&P Global Composite PMI,HIGH,GBP
512f1c92-db45-4c63-89a8-b0b6f9754ac2,04/21/2027 08:30:00,S&P Global Manufacturing PMI,HIGH,GBP
7a096571-84da-47d4-9bc3-3081f1adb20a,04/21/2027 08:30:00,S&P Global Services PMI,HIGH,GBP
e4d86bf8-edad-49d1-968e-0f003911dc13,04/21/2027 11:00:00,MBA Mortgage Applications,LOW,USD
28215f32-9aa8-4c3e-a989-41074357ea9c,04/21/2027 14:30:00,EIA Crude Oil Stocks Change,LOW,USD
3200b819-b344-40c5-a821-771c82fdec09,04/21/2027 14:30:00,EIA Distillate Stocks Change,LOW,USD
4f1b253a-b94a-4f90-a04d-f9bd4fe850ce,04/21/2027 14:30:00,EIA Gasoline Stocks Change,LOW,USD
8748dd2e-f1b0-4fae-b4f0-4f1779799033,04/21/2027 14:30:00,EIA Heating Oil Stocks Change,LOW,USD
92899f8e-cfc0-4097-b1fc-f7a9893ac48e,04/21/2027 17:00:00,20-Year Bond Auction,LOW,USD
ca9c3dcb-1c26-4418-aca4-55eab173d4ea,04/22/2027 01:30:00,Employment Change s.a.,HIGH,AUD
79fed7b3-70b8-41a9-b8b9-7ace1ac4e6b0,04/22/2027 01:30:00,Full-Time Employment,MEDIUM,AUD
e4dcea73-a816-4bce-806f-8ead1751fe4c,04/22/2027 01:30:00,Part-Time Employment,MEDIUM,AUD
37d86843-d7c6-46e5-bd78-136eaa031589,04/22/2027 01:30:00,Participation Rate,MEDIUM,AUD
f8c6b475-1011-45e9-aad9-cbe407722935,04/22/2027 01:30:00,Unemployment Rate s.a.,HIGH,AUD
82572e16-6e54-421f-b9b0-7e56a4fedda8,04/22/2027 06:00:00,Public Sector Net Borrowing,LOW,GBP
a469bc65-c573-4f10-9189-3d813b64cc58,04/22/2027 08:00:00,HCOB Composite PMI,HIGH,EUR
c48705df-162a-4d76-9c33-5cf0326046e3,04/22/2027 08:00:00,HCOB Manufacturing PMI,HIGH,EUR
3a262f76-b16a-4516-b3c7-f695d33315be,04/22/2027 08:00:00,HCOB Services PMI,HIGH,EUR
ebe0441f-d0ce-48b3-9c78-769b344b0c20,04/22/2027 12:30:00,Employment Insurance Beneficiaries Change (MoM),LOW,CAD
3495eb22-1fb7-406c-8447-5a7b1c6f6062,04/22/2027 12:30:00,Continuing Jobless Claims,LOW,USD
7b20b606-db50-43f5-803f-659c66e4cc10,04/22/2027 12:30:00,Initial Jobless Claims,MEDIUM,USD
abca2951-b656-4b6e-a722-bf8444bcd8ea,04/22/2027 12:30:00,Initial Jobless Claims 4-week average,LOW,USD
f8f0480a-b3a6-42dd-9819-c3c6a0930d08,04/22/2027 12:30:00,Philadelphia Fed Manufacturing Survey,MEDIUM,USD
f7408887-fd14-4732-b2c9-6b14eed7a4dc,04/22/2027 14:00:00,Consumer Confidence,MEDIUM,EUR
9925a1b4-56be-4819-9afb-5c2675e5c9ad,04/22/2027 14:00:00,Pending Home Sales (MoM),MEDIUM,USD
a71d5abc-f440-4ecf-9a7b-cdaa01b2f622,04/22/2027 14:00:00,Pending Home Sales (YoY),LOW,USD
0117ae91-b84b-492a-aea1-665dcd1214d4,04/22/2027 14:30:00,EIA Natural Gas Storage Change,LOW,USD
37e8ff63-a567-41ef-95c3-e86f62a0c488,04/22/2027 15:00:00,Kansas Fed Manufacturing Activity,LOW,USD
632ee722-3b9a-4659-9e9e-7bd506acfc7e,04/22/2027 15:30:00,4-Week Bill Auction,LOW,USD
794d4d3f-0872-452c-b726-6868a05b0c72,04/22/2027 17:00:00,5-year TIPS Auction,LOW,USD
d0c47d37-0609-400e-8912-1c11744ef413,04/22/2027 23:01:00,GfK Consumer Confidence,MEDIUM,GBP
54436837-a8df-42fb-bfba-74c51a24f61d,04/22/2027 23:30:00,National Consumer Price Index (YoY),MEDIUM,JPY
4e697e30-80bd-4f35-8d3e-499eceff9507,04/22/2027 23:30:00,"National CPI ex Food, Energy (YoY)",MEDIUM,JPY
447bb962-40d0-4d95-bdf8-90d2b3cb0c86,04/22/2027 23:30:00,National CPI ex Fresh Food (YoY),MEDIUM,JPY
f39cc033-e800-417c-8d64-7aa7c1185a98,04/23/2027 06:00:00,Retail Sales (MoM),HIGH,GBP
3bea2bb5-5902-42e7-82c7-4ff51f01d85d,04/23/2027 06:00:00,Retail Sales (YoY),MEDIUM,GBP
9e7ec517-4d89-4ca4-9f75-bea5b193c816,04/23/2027 06:00:00,Retail Sales ex-Fuel (MoM),MEDIUM,GBP
ef2f880b-6a59-4cfe-977f-9e87f6ead0a9,04/23/2027 06:00:00,Retail Sales ex-Fuel (YoY),MEDIUM,GBP
8186be35-15dd-4398-b63b-a450a12d9ccf,04/23/2027 07:30:00,HCOB Composite PMI,HIGH,EUR
155b5384-f634-48a0-9b9f-0d012ed57660,04/23/2027 07:30:00,HCOB Manufacturing PMI,HIGH,EUR
b1a80253-46df-4669-8c9b-9ad0bdaf748a,04/23/2027 07:30:00,HCOB Services PMI,HIGH,EUR
b56af66a-4c3c-4714-be09-c7485d4e1af0,04/23/2027 12:30:00,Industrial Product Price (MoM),LOW,CAD
7dafbb49-b5e8-4fde-8b0b-937c066e4f49,04/23/2027 12:30:00,Raw Material Price Index,LOW,CAD
ae3864b8-3cda-4137-a901-103fe163caac,04/23/2027 12:30:00,Retail Sales (MoM),MEDIUM,CAD
5baa633e-7d21-4181-b199-094ff7a24e40,04/23/2027 12:30:00,Retail Sales ex Autos (MoM),MEDIUM,CAD
b8a1ccad-55c5-4148-a825-a891c132622f,04/23/2027 13:45:00,S&P Global Composite PMI,MEDIUM,USD
5113123c-9807-4c0e-8fb9-f0011b77fedb,04/23/2027 13:45:00,S&P Global Manufacturing PMI,HIGH,USD
f6e9b2ca-f0af-4a73-aa3a-8596582352e4,04/23/2027 13:45:00,S&P Global Services PMI,HIGH,USD
675ac167-22a9-43b6-a5f5-3e24831841af,04/23/2027 14:00:00,Michigan Consumer Expectations Index,MEDIUM,USD
215f5d3e-7c54-4e84-b9a2-aa655415f496,04/23/2027 14:00:00,Michigan Consumer Sentiment Index,MEDIUM,USD
2a1b889e-83be-479c-99af-2af6e84e0c67,04/23/2027 14:00:00,UoM 1-year Consumer Inflation Expectations,MEDIUM,USD
7f20feac-2daf-424b-88fe-4619b2e5b3bc,04/23/2027 14:00:00,UoM 5-year Consumer Inflation Expectation,MEDIUM,USD
9a387cba-50a3-415a-af82-3551922071ea,04/23/2027 17:00:00,Baker Hughes US Oil Rig Count,LOW,USD
86a4bcbf-aa8a-4983-8f30-fc9de57dce3f,04/23/2027 19:30:00,CFTC AUD NC Net Positions,LOW,AUD
85ba77d9-4790-44a0-b3a8-eee602e17da3,04/23/2027 19:30:00,CFTC EUR NC Net Positions,LOW,EUR
9a1e0c61-1747-4b32-991f-66f764d6f6a6,04/23/2027 19:30:00,CFTC JPY NC Net Positions,LOW,JPY
bf80ea10-f1e5-4c55-ba93-a039d7e44a35,04/23/2027 19:30:00,CFTC GBP NC Net Positions,LOW,GBP
5387eefe-7d77-4cff-af08-a58e83d44e57,04/23/2027 19:30:00,CFTC Gold NC Net Positions,LOW,USD
5e6490fc-ba7b-4e58-b845-398d473ec7b9,04/23/2027 19:30:00,CFTC Oil NC Net Positions,LOW,USD
e6e24c86-a596-4a0a-b4fe-302b2570f1bf,04/23/2027 19:30:00,CFTC S&P 500 NC Net Positions,LOW,USD
093a34dc-3d84-4627-be95-6ecf236e5c77,04/24/2027 14:00:00,ANZAC Day,NONE,AUD
b46fc62c-2513-472b-b9c6-87d5ce5d8228,04/24/2027 16:00:00,ANZAC Day,NONE,NZD
4b24068d-bf85-4a37-b877-4f699e9acf0c,04/26/2027 08:00:00,IFO – Business Climate,MEDIUM,EUR
bc931223-c967-40d3-b4f0-47d4e9a00754,04/26/2027 08:00:00,IFO – Current Assessment,MEDIUM,EUR
ea1722b1-9751-46be-ab0a-2a1b25978c41,04/26/2027 08:00:00,IFO – Expectations,MEDIUM,EUR
4968fdea-7399-4815-907e-172473c34a3a,04/26/2027 12:30:00,"Chicago Fed National Activity Index ",LOW,USD
1ccb8120-46d6-46c5-8514-6331597ad69e,04/26/2027 15:30:00,3-Month Bill Auction,LOW,USD
224e0fe7-07c1-4f51-a2bd-e698923ab5ac,04/26/2027 15:30:00,6-Month Bill Auction,LOW,USD
234f8f77-77b5-43ae-acad-ba7d9c087af3,04/26/2027 17:00:00,2-Year Note Auction,LOW,USD
a545741e-feb3-407f-9640-5294408bd242,04/26/2027 23:01:00,BRC Shop Price Index (YoY),LOW,GBP
79e6b965-43b1-4720-8de3-3dd1e1fc71f8,04/27/2027 06:00:00,GfK Consumer Confidence Survey,MEDIUM,EUR
a79a6525-1f11-454d-bb43-d9af9994125b,04/27/2027 12:15:00,ADP Employment Change 4-week average,MEDIUM,USD
b29bf64d-8848-4996-9e70-a98ccace25c1,04/27/2027 12:30:00,Durable Goods Orders,MEDIUM,USD
53a86b6f-56be-40ab-a229-7625b0fd932d,04/27/2027 12:30:00,Durable Goods Orders ex Defense,MEDIUM,USD
fbf32bc4-770a-4a9f-ad72-e271fd4dbccc,04/27/2027 12:30:00,Durable Goods Orders ex Transportation,MEDIUM,USD
40857941-b227-4c27-b14a-331b23ef11ac,04/27/2027 12:30:00,Nondefense Capital Goods Orders ex Aircraft,MEDIUM,USD
f4566b1d-1e55-4752-8881-4cb3642e89a8,04/27/2027 12:55:00,Redbook Index (YoY),LOW,USD
d8aa6a83-3207-4c36-9ff9-1bbb89dd412b,04/27/2027 13:00:00,Housing Price Index (MoM),MEDIUM,USD
252510fd-b2b4-4e4e-9c90-7eabb893be50,04/27/2027 13:00:00,S&P/Case-Shiller Home Price Indices (YoY),LOW,USD
ec04827a-28aa-44c8-b9d2-09af97b3e341,04/27/2027 14:00:00,Consumer Confidence,MEDIUM,USD
16866e4c-0559-43c5-bbb0-e7fa1ed067f7,04/27/2027 14:00:00,New Home Sales (MoM),LOW,USD
268808c7-c498-487e-a63b-baf634df3dc5,04/27/2027 14:00:00,New Home Sales Change (MoM),MEDIUM,USD
add3bfc6-4b00-4d05-9ff2-a9b74074ba1f,04/27/2027 14:00:00,Richmond Fed Manufacturing Index,LOW,USD
d6acdeed-81ff-403a-961c-e944103907ec,04/27/2027 14:30:00,Dallas Fed Manufacturing Business Index,LOW,USD
390b12d3-eda8-4e8f-8472-fd5fba3ac048,04/27/2027 20:30:00,API Weekly Crude Oil Stock,LOW,USD
29fb4a89-c895-4f3e-882d-dac4ae3fa6a0,04/28/2027 01:30:00,Consumer Price Index (MoM),MEDIUM,AUD
d3d976f9-6b76-45c0-8803-b076be871976,04/28/2027 01:30:00,Consumer Price Index (YoY),HIGH,AUD
dc77519e-3b73-466b-a9c8-6df90cee47ab,04/28/2027 01:30:00,Trimmed Mean CPI (MoM),MEDIUM,AUD
c6ba3003-0324-4bc2-95db-6f5718bfc246,04/28/2027 01:30:00,Trimmed Mean CPI (YoY),HIGH,AUD
06e4f81e-6c6e-4d9e-8ae1-523f78613cbe,04/28/2027 03:00:00,BoJ Interest Rate Decision,HIGH,JPY
521c799e-cb5e-413d-b542-b243b3e84d9c,04/28/2027 03:00:00,BoJ Monetary Policy Statement,HIGH,JPY
42a8652e-f73d-424e-8455-d3cc9393ffa1,04/28/2027 03:00:00,BoJ Outlook Report,MEDIUM,JPY
7d5fb669-7e56-4edb-ad24-b93ead0eb78f,04/28/2027 06:30:00,BoJ Press Conference,HIGH,JPY
55dc9375-102c-46c6-b2c5-a4109078d2e8,04/28/2027 11:00:00,MBA Mortgage Applications,LOW,USD
16f47b6e-17c3-434b-a4f1-ee6f0be87ad3,04/28/2027 13:45:00,BoC Interest Rate Decision,HIGH,CAD
7183b252-4c73-4f60-9bd4-7cb385ead378,04/28/2027 13:45:00,BoC Monetary Policy Report,HIGH,CAD
0961397d-da29-4e15-8bac-fa72b5b6fc98,04/28/2027 13:45:00,BoC Monetary Policy Statement,HIGH,CAD
13392cf8-2e54-405d-a96c-e012fe16b1ab,04/28/2027 14:30:00,BoC Press Conference,HIGH,CAD
ebff971c-3cbf-4d4a-a4b5-c95ed55c4885,04/28/2027 14:30:00,EIA Crude Oil Stocks Change,LOW,USD
aeddb1a6-1ac6-47fd-b71b-7c4c83ec0bce,04/28/2027 14:30:00,EIA Distillate Stocks Change,LOW,USD
321296b4-ef14-41a8-ad3a-b309a8f6a760,04/28/2027 14:30:00,EIA Gasoline Stocks Change,LOW,USD
ed28f0b1-7610-4c53-8cbc-38cef0dfba07,04/28/2027 14:30:00,EIA Heating Oil Stocks Change,LOW,USD
901c6e75-d561-4f18-bd63-7e6ae4f88387,04/28/2027 15:00:00,Showa Day,NONE,JPY
15953582-2f5a-4f6a-a610-ec1b9c278b82,04/28/2027 17:00:00,5-Year Note Auction,LOW,USD
3e4b29b8-8594-4861-a788-0d1b20f1575d,04/28/2027 18:00:00,Fed Interest Rate Decision,HIGH,USD
780b3dd5-ceab-41b5-9442-03ff494f887a,04/28/2027 18:00:00,Fed Monetary Policy Statement,HIGH,USD
8795602f-8e03-44b5-9013-7725da977c37,04/28/2027 18:30:00,FOMC Press Conference,HIGH,USD
bff4380a-4ce1-4925-a1fe-bbe470b0d49f,04/29/2027 08:00:00,M3 Money Supply (3m),LOW,EUR
116e36f5-4537-4ed6-893e-a3f45da7498b,04/29/2027 08:00:00,M3 Money Supply (YoY),LOW,EUR
bacb5bb0-f291-4a16-97c7-c8ec9de3c85e,04/29/2027 08:00:00,Private Loans (YoY),LOW,EUR
54a48f2d-ecc1-4bf0-843f-b52ef4ba40e2,04/29/2027 09:00:00,Business Climate,MEDIUM,EUR
d8110473-15c9-42d0-a7f9-be57c72d38f9,04/29/2027 09:00:00,Consumer Confidence,MEDIUM,EUR
2f1476e6-3f16-4008-a261-3b34685eea52,04/29/2027 09:00:00,Economic Sentiment Indicator,MEDIUM,EUR
33694712-f5c7-4482-a8b2-ea66ce80605d,04/29/2027 09:00:00,Industrial Confidence,LOW,EUR
717c3855-20a8-407f-9459-1592e586d20f,04/29/2027 09:00:00,Services Sentiment,LOW,EUR
1713c607-f8de-4369-96b2-a48df794e8a1,04/29/2027 11:00:00,BoE Interest Rate Decision,HIGH,GBP
52f53a24-b367-4118-8232-d1baf9a07d0e,04/29/2027 11:00:00,BoE Minutes,HIGH,GBP
9792a794-c0ff-403e-9eb6-dea8cd908bd4,04/29/2027 11:00:00,BoE Monetary Policy Report,HIGH,GBP
19e75cb0-84c3-46fa-888c-6afc2b115d73,04/29/2027 11:00:00,BoE Monetary Policy Summary,HIGH,GBP
d4a98f85-599a-42c8-ae66-0d7b4634d339,04/29/2027 11:00:00,BoE MPC Vote Rate Cut,HIGH,GBP
c241c9fd-0980-471a-b421-d6f134740552,04/29/2027 11:00:00,BoE MPC Vote Rate Hike,HIGH,GBP
d4eb22e5-7824-4c60-844d-f5ed5e212699,04/29/2027 11:00:00,BoE MPC Vote Rate Unchanged,HIGH,GBP
6364c397-716d-447b-baf5-9c0bcb578dae,04/29/2027 11:30:00,BoE's Governor Bailey speech,HIGH,GBP
03fd6fd9-3c9a-4f8b-9ab5-50039333cd7c,04/29/2027 12:15:00,ECB Main Refinancing Operations Rate,HIGH,EUR
effdf60c-4f83-4651-9de8-b6a373fd5188,04/29/2027 12:15:00,ECB Monetary Policy Statement,HIGH,EUR
f9ad4e11-ef18-4627-bcd7-98b82f87562c,04/29/2027 12:15:00,ECB Rate On Deposit Facility,HIGH,EUR
9f326f23-ed98-4f49-9b86-6f73d6c949c0,04/29/2027 12:30:00,Continuing Jobless Claims,LOW,USD
95df45c7-1c81-4a34-9dfe-6c137ac8d26c,04/29/2027 12:30:00,Core Personal Consumption Expenditures - Price Index (MoM),HIGH,USD
f104a38c-d0dc-4e5f-ac8a-e5db9a1d64a1,04/29/2027 12:30:00,Core Personal Consumption Expenditures - Price Index (YoY),HIGH,USD
b6f2960d-8535-49dc-9fad-7817f24e203a,04/29/2027 12:30:00,Core Personal Consumption Expenditures (QoQ),MEDIUM,USD
1675e47a-2232-4a2d-8b15-5a3913d1c3d7,04/29/2027 12:30:00,Goods Trade Balance,LOW,USD
bf85e4ff-8eef-46c7-9026-a71a1b597f2b,04/29/2027 12:30:00,Gross Domestic Product Annualized,HIGH,USD
1ae1e21f-d9dc-40d2-9e1d-a22e454fdfce,04/29/2027 12:30:00,Gross Domestic Product Price Index,HIGH,USD
ad7e6f7d-a913-4b5b-b7c2-d2e5b640ef20,04/29/2027 12:30:00,Initial Jobless Claims,MEDIUM,USD
b3609f9e-9dd6-47ed-920a-4ca9be3cb36e,04/29/2027 12:30:00,Initial Jobless Claims 4-week average,LOW,USD
b2f1fd15-fb14-4d6a-80f2-76ac3a991ead,04/29/2027 12:30:00,Personal Consumption Expenditures - Price Index (MoM),MEDIUM,USD
ae25b6f2-ffd5-4512-8a87-d534c1e44e30,04/29/2027 12:30:00,Personal Consumption Expenditures - Price Index (YoY),MEDIUM,USD
5111b832-a647-4b11-9289-c832acdfc64c,04/29/2027 12:30:00,Personal Consumption Expenditures Prices (QoQ),MEDIUM,USD
433ef9a8-6948-4139-9619-e8f968cb712f,04/29/2027 12:30:00,Personal Income (MoM),MEDIUM,USD
2dca04d6-1ebe-4b96-8a65-b7337ed9b5f4,04/29/2027 12:30:00,Personal Spending,MEDIUM,USD
a341c604-7590-4649-b015-7f6c963abf0e,04/29/2027 12:30:00,Wholesale Inventories,LOW,USD
f56b9420-dc71-43d3-9b0b-4c238d0f1938,04/29/2027 12:45:00,ECB Press Conference,HIGH,EUR
18013f9b-b843-42de-a426-58adf78d8987,04/29/2027 14:30:00,EIA Natural Gas Storage Change,LOW,USD
c9c9cf57-1954-4042-952d-f06f27bc22ed,04/29/2027 15:30:00,4-Week Bill Auction,LOW,USD
5c1fc806-79cf-40e2-97c7-48f5a8d202e4,04/29/2027 17:00:00,7-Year Note Auction,LOW,USD
a8fe194b-913e-4f09-9bc8-9e93a86bf2b9,04/29/2027 23:30:00,Tokyo Consumer Price Index (YoY),HIGH,JPY
28ba5a69-5179-4edd-b8e6-1288c1a62df5,04/29/2027 23:30:00,"Tokyo CPI ex Food, Energy (YoY)",HIGH,JPY
8c3d4fbc-b249-43b5-8ba1-2b56c83e88f4,04/29/2027 23:30:00,Tokyo CPI ex Fresh Food (YoY),MEDIUM,JPY
d1a1bb13-ebb3-42e1-b63a-2b6fe6f4b4d2,04/30/2027 05:00:00,Annualized Housing Starts,LOW,JPY
89480c76-2f5f-4041-8c8d-7dde9cae4e11,04/30/2027 05:00:00,Construction Orders (YoY),LOW,JPY
0087636e-f5fc-457b-b7de-c10d949b49c8,04/30/2027 05:00:00,Housing Starts (YoY),LOW,JPY
5dbfa7c2-8de9-415f-b03a-3904b7172fe2,04/30/2027 06:00:00,Gross Domestic Product (QoQ),HIGH,EUR
1a3d72ed-776c-4fb7-9293-51050806fe1f,04/30/2027 06:00:00,Gross Domestic Product (YoY),HIGH,EUR
23c8b34c-e88d-43d3-b94d-5b8c4f153e78,04/30/2027 06:00:00,Gross Domestic Product w.d.a (YoY),MEDIUM,EUR
45d4b616-843f-43db-a5e7-751d56fefff0,04/30/2027 06:00:00,Import Price Index (MoM),LOW,EUR
4f3d5156-1756-48b9-a2a9-7ade851d7e3a,04/30/2027 06:00:00,Import Price Index (YoY),LOW,EUR
cdb1869a-6547-40f3-91c2-14a8f54563ab,04/30/2027 06:00:00,Retail Sales (MoM),MEDIUM,EUR
e9bcf9f7-21db-44a2-a30a-a4020661fa43,04/30/2027 06:00:00,Retail Sales (YoY),HIGH,EUR
745f51e1-58b5-414d-ad16-8e122765dc1e,04/30/2027 06:00:00,Nationwide Housing Prices n.s.a (YoY),LOW,GBP
abe36513-f024-4ca0-a491-b8524e5e0d6c,04/30/2027 06:00:00,Nationwide Housing Prices s.a (MoM),LOW,GBP
5a1fa0e9-7769-48a1-927a-27c0959ad707,04/30/2027 07:55:00,Unemployment Change,MEDIUM,EUR
952c7d37-ffae-4369-8467-ed375f6bbdbb,04/30/2027 07:55:00,Unemployment Rate s.a.,MEDIUM,EUR
ecfb9dc4-9648-47dc-8483-186948c663ac,04/30/2027 08:00:00,Baden-Wuerttemberg CPI (MoM),LOW,EUR
95cf4b70-0091-4dd4-a2d9-7329f39251d7,04/30/2027 08:00:00,Baden-Wuerttemberg CPI (YoY),LOW,EUR
71ab3c23-5540-44c2-887e-b76a481946eb,04/30/2027 08:00:00,Bavaria CPI (MoM),LOW,EUR
86adf2a3-86d8-462d-8af1-c1bc05409b8a,04/30/2027 08:00:00,Bavaria CPI (YoY),LOW,EUR
f312db3a-2692-4aff-b12f-83bd68f527ae,04/30/2027 08:00:00,Brandenburg CPI (MoM),LOW,EUR
2afebcc9-e146-401f-a8fb-c76b841d21ec,04/30/2027 08:00:00,Brandenburg CPI (YoY),LOW,EUR
9c4b45b6-9d79-4171-a2a6-a464b6c4bf3b,04/30/2027 08:00:00,Hesse CPI (MoM),LOW,EUR
ed62109d-831a-45cf-b45a-b5c74c89b928,04/30/2027 08:00:00,Hesse CPI (YoY),LOW,EUR
a33542a4-33c5-4dce-b038-7ad77547cbbc,04/30/2027 08:00:00,North Rhine-Westphalia CPI (MoM),LOW,EUR
99f15a0c-5eaf-4f63-b258-afd1da73edb3,04/30/2027 08:00:00,North Rhine-Westphalia CPI (YoY),LOW,EUR
6a01ac5b-9651-42c7-8dcc-0341e3c9db92,04/30/2027 08:00:00,Saxony CPI (MoM),LOW,EUR
9b9d6bd4-f1a1-4e75-a61d-8e92a1bfffe6,04/30/2027 08:00:00,Saxony CPI (YoY),LOW,EUR
90f554de-f15a-4d76-834a-4fb96add3adf,04/30/2027 09:00:00,Employment Change (QoQ),MEDIUM,EUR
103ed63d-5c14-43af-a100-cfc8d3b35cdf,04/30/2027 09:00:00,Employment Change (YoY),LOW,EUR
05e314df-333a-4fff-bfa9-37508291a2ab,04/30/2027 09:00:00,Gross Domestic Product s.a. (QoQ),HIGH,EUR
8593d9d5-6815-47cc-be04-5895af692c25,04/30/2027 09:00:00,Gross Domestic Product s.a. (YoY),HIGH,EUR
fbe18957-bed7-4710-8d11-7e035a6341f6,04/30/2027 12:00:00,Consumer Price Index (MoM),HIGH,EUR
4d637526-01fa-4ab2-b46c-c403441c18ea,04/30/2027 12:00:00,Consumer Price Index (YoY),HIGH,EUR
1a370c9d-19b1-417b-af82-6124bf1cb8b3,04/30/2027 12:00:00,Harmonized Index of Consumer Prices (MoM),MEDIUM,EUR
b3942ed2-180f-45ed-9d43-dc98517969cb,04/30/2027 12:00:00,Harmonized Index of Consumer Prices (YoY),HIGH,EUR
5414b0a7-2fe9-41ba-a14d-06f594c76f6d,04/30/2027 12:30:00,Gross Domestic Product (MoM),MEDIUM,CAD
e2490c33-187f-4a52-8c6f-964549cbd634,04/30/2027 12:30:00,Employment Cost Index,MEDIUM,USD
7786d9fe-074b-4898-a6e8-686dca22131b,04/30/2027 13:45:00,Chicago PMI,MEDIUM,USD
ab18e67e-5daa-4ab9-81f4-caaa610ce0c2,04/30/2027 16:00:00,Labour Day,NONE,CNY
37b8d4dd-e78b-44e0-b0aa-4e622e03e87c,04/30/2027 17:00:00,Baker Hughes US Oil Rig Count,LOW,USD
65649705-2d60-4afc-9bb2-3ca655ebdd09,04/30/2027 19:30:00,CFTC AUD NC Net Positions,LOW,AUD
3b0516e7-9c94-4cab-af98-f05ce8b7a346,04/30/2027 19:30:00,CFTC EUR NC Net Positions,LOW,EUR
67394fcd-cd43-4eb1-af5d-cb6521e39a53,04/30/2027 19:30:00,CFTC JPY NC Net Positions,LOW,JPY
955359fd-381e-4ccc-a69e-3196c615a775,04/30/2027 19:30:00,CFTC GBP NC Net Positions,LOW,GBP
9a411711-9907-48e1-af31-d53f9690db48,04/30/2027 19:30:00,CFTC Gold NC Net Positions,LOW,USD
62a7b9c4-7536-4548-a04f-41fdf6d9c9e1,04/30/2027 19:30:00,CFTC Oil NC Net Positions,LOW,USD
da56ed9d-6912-422d-8d98-af9f3beda3d2,04/30/2027 19:30:00,CFTC S&P 500 NC Net Positions,LOW,USD
84d38ca6-9c9f-42e6-9077-48c446ca9799,04/30/2027 22:00:00,Labour Day,NONE,CHF
2acf3488-a194-43e1-b5ce-000830f2b5d2,04/30/2027 22:00:00,Labour Day,NONE,EUR
4b224201-0397-4b14-ab3f-939d8e1fe394,05/02/2027 15:00:00,Constitution Day,NONE,JPY
3b381d3d-439b-4dab-934d-691952d1b310,05/02/2027 23:00:00,Early May,NONE,GBP
491ce0ca-e3fc-4109-9e9c-ced5f5892616,05/03/2027 01:45:00,RatingDog Manufacturing PMI,HIGH,CNY
7163107e-db08-439b-9c61-78b14ef866d9,05/03/2027 06:30:00,Consumer Price Index (MoM),MEDIUM,CHF
071a4dc5-40c4-41d1-80d9-f3e0439c0e6d,05/03/2027 06:30:00,Consumer Price Index (YoY),HIGH,CHF
4300448f-8245-4ccf-a3a7-c07b0bc9ba46,05/03/2027 07:30:00,HCOB Manufacturing PMI,MEDIUM,EUR
4a899448-151d-4de4-bba7-3c347856a779,05/03/2027 08:00:00,HCOB Manufacturing PMI,LOW,EUR
3b31a719-2b6a-42aa-acc8-7b3115e03969,05/03/2027 08:30:00,Consumer Credit,LOW,GBP
60eecd0b-7a1d-4cb2-83e1-4accc966a86f,05/03/2027 08:30:00,M4 Money Supply (MoM),LOW,GBP
b19b1b10-5ed3-46f6-9ed7-ccf28a1b48ed,05/03/2027 08:30:00,M4 Money Supply (YoY),LOW,GBP
5ebb9de9-9d17-4802-b573-089ee7b0a6c2,05/03/2027 08:30:00,Mortgage Approvals,LOW,GBP
b0c20032-61d1-4ac3-8eac-b14e14c00478,05/03/2027 08:30:00,Net Lending to Individuals (MoM),LOW,GBP
514dbf67-60bc-4678-8828-6a3eeb2a7611,05/03/2027 08:30:00,S&P Global Manufacturing PMI,LOW,GBP
7885deb5-8a1e-46c7-bc51-e5f18118ab17,05/03/2027 13:30:00,S&P Global Manufacturing PMI,MEDIUM,CAD
672b75d8-5814-40d0-83d7-a90c7e470a04,05/03/2027 13:45:00,S&P Global Manufacturing PMI,LOW,USD
cfa0050e-39b9-4145-8035-a36b92b3d46b,05/03/2027 14:00:00,Construction Spending (MoM),LOW,USD
4bbecd60-a28e-4fa8-b21f-d59ab88a5dda,05/03/2027 14:00:00,ISM Manufacturing Employment Index,MEDIUM,USD
c67807f2-f392-45b4-90e4-ee7d535b7079,05/03/2027 14:00:00,ISM Manufacturing New Orders Index,MEDIUM,USD
d6f1595e-bb69-47ba-aeb7-11207fae1cb4,05/03/2027 14:00:00,ISM Manufacturing PMI,HIGH,USD
d3d20d50-03a9-4544-bbf0-e5083d9390df,05/03/2027 14:00:00,ISM Manufacturing Prices Paid,MEDIUM,USD
4e2c07c8-98b2-4747-9698-ce8fe10f4b45,05/03/2027 15:00:00,Greenery Day,NONE,JPY
5b5f990a-0bfd-4c53-8bcb-016fedaf04b5,05/03/2027 15:30:00,3-Month Bill Auction,LOW,USD
58bdf662-5283-4461-b1eb-d359280c8e55,05/03/2027 15:30:00,6-Month Bill Auction,LOW,USD
6f66fa2c-75f0-4556-8f3d-b9e324ccc3f3,05/03/2027 18:00:00,Loan Officer Survey,MEDIUM,USD
d4f9ccc3-af67-40c4-bc1c-d37e8376bc89,05/04/2027 09:00:00,Core Harmonized Index of Consumer Prices (MoM),HIGH,EUR
ce12a4a1-ec90-4b83-9a33-b41c20293144,05/04/2027 09:00:00,Core Harmonized Index of Consumer Prices (YoY),HIGH,EUR
90e6b918-6b51-47ac-aebe-a5af32d270c9,05/04/2027 09:00:00,Harmonized Index of Consumer Prices (MoM),HIGH,EUR
48d4af27-9850-4803-a3a1-e492ff444479,05/04/2027 09:00:00,Harmonized Index of Consumer Prices (YoY),HIGH,EUR
0df59568-bc50-4b2e-be84-228849ddafee,05/04/2027 12:30:00,Nonfarm Productivity,MEDIUM,USD
44e4e112-5645-46b5-8ace-9261fa417e16,05/04/2027 12:30:00,Unit Labor Costs,MEDIUM,USD
0d49d38b-8df8-4936-8ada-1820487b3eb6,05/04/2027 12:55:00,Redbook Index (YoY),LOW,USD
9824f93e-dc11-4fd2-b3d0-31a1025d0c48,05/04/2027 14:00:00,Factory Orders (MoM),MEDIUM,USD
3cb9995e-09da-44fc-8b1a-b4e10e5d7edc,05/04/2027 14:00:00,JOLTS Job Openings,MEDIUM,USD
2435c56b-47aa-41b3-b98c-50e56dec7a1c,05/04/2027 14:00:00,RealClearMarkets/TIPP Economic Optimism (MoM),LOW,USD
aa44cba0-53d7-4360-8fe3-6dbc409f8345,05/04/2027 15:00:00,Children's Day,NONE,JPY
70d239e3-d26c-43a5-9c24-2adb617306e8,05/04/2027 19:30:00,Total Vehicle Sales,LOW,USD
21c60fc9-41d6-4fb2-a8a7-12248b2d5186,05/04/2027 20:30:00,API Weekly Crude Oil Stock,LOW,USD
7774b560-7b49-467b-a053-5336aef23612,05/04/2027 22:45:00,Employment Change,HIGH,NZD
3bc3b652-71ad-47fc-bfb1-ecbb64486833,05/04/2027 22:45:00,Labour Cost Index (QoQ),MEDIUM,NZD
c12efff0-8aac-429a-b52f-2318b6028b9a,05/04/2027 22:45:00,Labour Cost Index (YoY),LOW,NZD
66488f17-e25c-43ed-b1c4-a3eb684c214d,05/04/2027 22:45:00,Participation Rate,MEDIUM,NZD
a95eefcf-99f5-47ab-a616-1cb31597a608,05/04/2027 22:45:00,Unemployment Rate,HIGH,NZD
5703cf49-34eb-47f1-ab12-792156749433,05/05/2027 01:45:00,RatingDog Services PMI,HIGH,CNY
960596f9-c7df-4b84-9dd6-d6b4f6945f31,05/05/2027 07:30:00,HCOB Composite PMI,MEDIUM,EUR
d3f59b51-89e7-46a0-8712-94d8666ac60b,05/05/2027 07:30:00,HCOB Services PMI,MEDIUM,EUR
3ae3cdc8-c43a-49f7-b223-f96761fb039f,05/05/2027 08:00:00,HCOB Composite PMI,MEDIUM,EUR
af41ddbd-72da-4c43-b8fe-1895bb570cfa,05/05/2027 08:00:00,HCOB Services PMI,LOW,EUR
05fd91fc-5bee-4e95-a2b0-9fec1e91b7fd,05/05/2027 08:30:00,S&P Global Composite PMI,LOW,GBP
f8aabf16-362a-451e-885c-2a6da0431111,05/05/2027 08:30:00,S&P Global Services PMI,LOW,GBP
24d9ea61-8eb5-4f2b-87d0-b925fc62c95f,05/05/2027 09:00:00,Producer Price Index (MoM),MEDIUM,EUR
f8ecf3a8-45c7-4bef-b77d-38891a492657,05/05/2027 09:00:00,Producer Price Index (YoY),MEDIUM,EUR
efa7c801-64ab-48e5-95de-ce8251af7041,05/05/2027 09:00:00,Unemployment Rate,MEDIUM,EUR
dee3e7a6-fc08-42cd-a893-a5a15f2f6c79,05/05/2027 11:00:00,MBA Mortgage Applications,LOW,USD
4743e6ac-d401-4915-b493-8e08b6472be6,05/05/2027 12:15:00,ADP Employment Change,HIGH,USD
3e4bb40d-2bce-4869-b47b-9fd1e3b97070,05/05/2027 12:30:00,Goods and Services Trade Balance,LOW,USD
f800af77-b0b4-4b60-9ffa-bd88a0f5f5b7,05/05/2027 12:30:00,Goods Trade Balance,LOW,USD
3a84f9ac-40ae-471a-8dba-89234a360389,05/05/2027 13:45:00,S&P Global Composite PMI,MEDIUM,USD
fa41c884-f534-4269-9ec7-1be81507ae21,05/05/2027 13:45:00,S&P Global Services PMI,LOW,USD
b3a7c9fd-a26f-4386-9073-d74f2f12b2f4,05/05/2027 14:00:00,ISM Services Employment Index,MEDIUM,USD
37f0d3bc-e4c0-42a1-8288-5af4521b1c71,05/05/2027 14:00:00,ISM Services New Orders Index,MEDIUM,USD
083c8c2f-54d8-4bcd-b72f-47045b2fa327,05/05/2027 14:00:00,ISM Services PMI,HIGH,USD
f3de3735-039f-4d0f-8988-48ff9f86585e,05/05/2027 14:00:00,ISM Services Prices Paid,MEDIUM,USD
c747b2a2-4470-4341-a0c8-6f0839df76b3,05/05/2027 14:30:00,EIA Crude Oil Stocks Change,LOW,USD
9dbe529d-936f-4514-b04d-7f509682e0c0,05/05/2027 14:30:00,EIA Distillate Stocks Change,LOW,USD
67605495-0f35-4e94-b95a-0d8d7817dfb7,05/05/2027 14:30:00,EIA Gasoline Stocks Change,LOW,USD
1e803ec2-a67e-4f03-b1e2-82ceb7d48562,05/05/2027 14:30:00,EIA Heating Oil Stocks Change,LOW,USD
46c35518-4cb4-426f-8420-69c7f515227b,05/05/2027 22:00:00,Ascension Day,NONE,CHF
efd531fa-8e77-4330-8678-ca7062801ebb,05/05/2027 22:00:00,Ascension Day,NONE,EUR
672d598e-a189-4ccc-af2e-5d6abe981b4f,05/06/2027 00:30:00,Imports (MoM),MEDIUM,AUD
9c53e784-f619-4e61-b9d0-7cde94582f6a,05/06/2027 00:30:00,Trade Balance (MoM),HIGH,AUD
d40226fd-cce6-44df-9d14-fb24b7c8a4c8,05/06/2027 01:30:00,Exports (MoM),MEDIUM,AUD
cc6378c2-04ee-4aa7-a218-846cf166863d,05/06/2027 06:00:00,Factory Orders n.s.a. (YoY),MEDIUM,EUR
99c5149e-dd12-401c-ac1d-e7835a9b1b80,05/06/2027 06:00:00,Factory Orders s.a. (MoM),MEDIUM,EUR
50b833d9-b362-4bc1-afbd-244f9e61d59b,05/06/2027 08:30:00,S&P Global Construction PMI,LOW,GBP
62012a88-5670-47cf-9a35-9e16a332a9c0,05/06/2027 09:30:00,Challenger Job Cuts,MEDIUM,USD
ca28f89d-ff0c-4d92-9e51-42548a49040b,05/06/2027 12:30:00,Exports,LOW,CAD
3f497ea8-240e-4161-b274-8cfb996ebfd8,05/06/2027 12:30:00,Imports,LOW,CAD
8bae9812-9bc1-4180-bd61-fa367000f2b6,05/06/2027 12:30:00,International Merchandise Trade,LOW,CAD
3ec7770b-8d5e-46ed-b693-cd55002fa733,05/06/2027 12:30:00,Continuing Jobless Claims,LOW,USD
e00c26fe-97cc-4d1a-9fbd-b50fcaabfbfb,05/06/2027 12:30:00,Initial Jobless Claims,MEDIUM,USD
2352b446-d25b-4843-977e-221e11c393db,05/06/2027 12:30:00,Initial Jobless Claims 4-week average,LOW,USD
bf062adf-5312-4718-80cd-a75877ffd9c6,05/06/2027 14:00:00,Ivey Purchasing Managers Index,MEDIUM,CAD
6985d233-9baf-4eb9-916b-14d7d4e42092,05/06/2027 14:00:00,Ivey Purchasing Managers Index s.a,MEDIUM,CAD
db019435-e933-4ae4-829f-c4c911830422,05/06/2027 14:30:00,EIA Natural Gas Storage Change,LOW,USD
f00b4f19-20a7-4bce-8ffa-03a25fed895c,05/06/2027 15:30:00,4-Week Bill Auction,LOW,USD
c9fd12c4-2350-4af9-9cd0-3519f58ea435,05/06/2027 19:00:00,Consumer Credit Change,LOW,USD
705cc5b3-8c0f-43c5-865b-8aafab94b792,05/06/2027 23:50:00,BoJ Monetary Policy Meeting Minutes,MEDIUM,JPY
bd0e5016-4285-471a-9632-9abd1804fa7f,05/07/2027 06:00:00,Exports (MoM),LOW,EUR
dc0c29bb-c146-4544-a276-6848cc0597ff,05/07/2027 06:00:00,Imports (MoM),LOW,EUR
dbb77042-997f-4a9a-9198-b891297b0c4e,05/07/2027 06:00:00,Industrial Production n.s.a. w.d.a. (YoY),MEDIUM,EUR
345e3334-d011-44c6-9aa2-276a9392ca46,05/07/2027 06:00:00,Industrial Production s.a. (MoM),MEDIUM,EUR
b41be541-2106-4add-9370-695668d8b39d,05/07/2027 06:00:00,Trade Balance s.a.,MEDIUM,EUR
925a03bc-8e8c-490d-98d2-3dce7df426e9,05/07/2027 06:00:00,Lloyds House Price Index (MoM),LOW,GBP
78004557-0551-45f7-8fe5-6e218f88c994,05/07/2027 06:00:00,Lloyds House Price Index (YoY),LOW,GBP
24d4c74c-209f-463d-8410-a23b9ad8b2de,05/07/2027 08:00:00,Foreign Exchange Reserves (MoM),LOW,CNY
6b17f3d6-d640-495e-9b99-9f68248c1597,05/07/2027 09:00:00,Retail Sales (MoM),MEDIUM,EUR
fc996df4-de40-4512-8acb-7a3eab4a10ea,05/07/2027 09:00:00,Retail Sales (YoY),HIGH,EUR
37f81ec1-0740-4513-a2ff-40d644fe8c2a,05/07/2027 12:30:00,Average Hourly Wages (YoY),MEDIUM,CAD
1eb81eb7-c8b2-4b68-8ccb-a6d578f59fbe,05/07/2027 12:30:00,Net Change in Employment,HIGH,CAD
0d820db0-4e53-4430-b335-b4e6144aeacd,05/07/2027 12:30:00,Participation Rate,LOW,CAD
aa3daf51-0446-42f5-bf69-055a71e26f5b,05/07/2027 12:30:00,Unemployment Rate,HIGH,CAD
193a6d1f-31f8-48f6-b1e4-61ebe17ad178,05/07/2027 12:30:00,Average Hourly Earnings (MoM),HIGH,USD
5e89bbb7-1341-4fb0-b84d-bbb050c695c8,05/07/2027 12:30:00,Average Hourly Earnings (YoY),HIGH,USD
a86beea1-b24e-4872-a78b-78b7c43c5b3e,05/07/2027 12:30:00,Average Weekly Hours,LOW,USD
7a0d599e-0fc5-475f-af9d-1571d63b57ec,05/07/2027 12:30:00,Labor Force Participation Rate,MEDIUM,USD
10deb594-a45d-46fe-be43-ee84d60a0636,05/07/2027 12:30:00,Nonfarm Payrolls,HIGH,USD
9969ef7d-7cbc-496b-9ef0-3be9127b4bcd,05/07/2027 12:30:00,U6 Underemployment Rate,MEDIUM,USD
90f4883b-6b2d-41bb-91e6-ac60c7da948f,05/07/2027 12:30:00,Unemployment Rate,MEDIUM,USD
294c9b68-5371-422a-81e3-4e84e5e4c946,05/07/2027 17:00:00,Baker Hughes US Oil Rig Count,LOW,USD
694e3872-6693-4b2a-8e89-d52352b30154,05/07/2027 19:30:00,CFTC AUD NC Net Positions,LOW,AUD
3d6780b8-a978-442b-8c1d-22cb00a9b42b,05/07/2027 19:30:00,CFTC EUR NC Net Positions,LOW,EUR
5a8a106d-0778-4f37-87e7-725b703368c4,05/07/2027 19:30:00,CFTC JPY NC Net Positions,LOW,JPY
182a6d6a-860c-456b-86c4-580ca1f6dfa1,05/07/2027 19:30:00,CFTC GBP NC Net Positions,LOW,GBP
eebaffcc-f3b3-48c0-8cfc-edd13cc2fe37,05/07/2027 19:30:00,CFTC Gold NC Net Positions,LOW,USD
7fdff78c-0f6e-42c3-82bd-808e1d841a43,05/07/2027 19:30:00,CFTC Oil NC Net Positions,LOW,USD
0a7cff75-9191-4f71-9c85-f0bbf5828b21,05/07/2027 19:30:00,CFTC S&P 500 NC Net Positions,LOW,USD
30f56516-ad81-4d4a-954a-b8db0fc2ddaa,05/09/2027 23:50:00,Current Account n.s.a.,MEDIUM,JPY
f2b4dc38-283c-432e-9d67-9c909587ef85,05/09/2027 23:50:00,Trade Balance - BOP Basis,LOW,JPY
d262f4ce-e1f2-44ed-9b1d-902c55635678,05/10/2027 01:30:00,Consumer Price Index (MoM),MEDIUM,CNY
86fdf460-8e96-414b-b457-730083241256,05/10/2027 01:30:00,Consumer Price Index (YoY),HIGH,CNY
1aa56aa7-6029-4766-924f-f7bedb9ee8f7,05/10/2027 01:30:00,Producer Price Index (YoY),MEDIUM,CNY
7bcb5969-0eb9-4c95-8168-e552e7258bea,05/10/2027 03:00:00,Exports (YoY),MEDIUM,CNY
70cef714-dfc3-44eb-829a-d153fef9d61b,05/10/2027 03:00:00,Exports (YoY) CNY,MEDIUM,CNY
a47237b1-77f2-4f1c-b73a-0c67a244262e,05/10/2027 03:00:00,Imports (YoY),MEDIUM,CNY
f861c451-48bb-41a3-924e-6f75e11f0401,05/10/2027 03:00:00,Imports (YoY) CNY,MEDIUM,CNY
922a64af-76d2-4a74-b167-471ece79bbfe,05/10/2027 03:00:00,Trade Balance CNY,MEDIUM,CNY
cdb12f87-fcbb-43c9-a8ca-ee3d188288e2,05/10/2027 03:00:00,Trade Balance USD,MEDIUM,CNY
9a0c381d-5a34-4474-96a9-a7941e7dcbda,05/10/2027 06:00:00,Consumer Price Index (MoM),LOW,EUR
e4fbfc95-4120-4bb9-b1fd-d77718a59d4b,05/10/2027 06:00:00,Consumer Price Index (YoY),LOW,EUR
71812076-b476-4c14-90c4-1492913a286f,05/10/2027 06:00:00,Harmonized Index of Consumer Prices (MoM),MEDIUM,EUR
93ba6af7-9c2d-447a-a166-be2f57c4bd38,05/10/2027 06:00:00,Harmonized Index of Consumer Prices (YoY),HIGH,EUR
47198ec5-4c0a-4469-a1cd-b2cf397fc484,05/10/2027 08:30:00,Sentix Investor Confidence,MEDIUM,EUR
6d597778-f5ed-43b5-a9b4-cf8640d6d5da,05/10/2027 15:30:00,3-Month Bill Auction,LOW,USD
36a379a3-2f59-4fbf-aec5-e77b5fa69ea3,05/10/2027 15:30:00,6-Month Bill Auction,LOW,USD
2e82dca2-eae6-4e4f-9274-4c43265b3a70,05/10/2027 23:01:00,BRC Like-For-Like Retail Sales (YoY),MEDIUM,GBP
6853849d-3df1-46f1-a2a0-03416026321f,05/11/2027 10:00:00,NFIB Business Optimism Index,LOW,USD
9820377d-bb73-49a6-a4c9-f67a711300b8,05/11/2027 12:15:00,ADP Employment Change 4-week average,MEDIUM,USD
af0b4bea-34ed-499f-8113-8eee3c35ad7c,05/11/2027 12:55:00,Redbook Index (YoY),LOW,USD
155633ab-cd01-49c9-9fdb-3dee93f6e936,05/11/2027 15:30:00,52-Week Bill Auction,LOW,USD
4f8834fb-5cf4-415a-b0f2-febdc0032bb0,05/11/2027 17:00:00,3-Year Note Auction,LOW,USD
8f632517-ac37-4a50-989b-d2b957c3e956,05/11/2027 18:00:00,Monthly Budget Statement,MEDIUM,USD
e5593689-870d-406b-91fe-229d9f52e5b9,05/11/2027 20:30:00,API Weekly Crude Oil Stock,LOW,USD
7cfbdbd9-d4cc-40a0-a2f8-49e7a35929d3,05/11/2027 23:50:00,BoJ Summary of Opinions,LOW,JPY
4da74dde-6d76-4e25-b4b2-d5ea35cf76d0,05/12/2027 10:00:00,M2 Money Supply (YoY),LOW,CNY
45da0691-3dbd-400b-ad98-81d90b16d1fa,05/12/2027 10:00:00,New Loans,LOW,CNY
c51bb9de-9f74-4f05-9558-890b800f651c,05/12/2027 11:00:00,MBA Mortgage Applications,LOW,USD
0c75fee3-1864-4699-91ae-0df2a65918dd,05/12/2027 12:30:00,Current Account n.s.a.,LOW,EUR
77b3a67d-ff31-4971-9053-a98477aca20b,05/12/2027 12:30:00,Consumer Price Index (MoM),HIGH,USD
06886cfa-15d9-412c-bc70-d897c6bf7f72,05/12/2027 12:30:00,Consumer Price Index (YoY),HIGH,USD
7fcc9dfe-7228-437b-bd63-b2ac2e6ea7f1,05/12/2027 12:30:00,Consumer Price Index Core s.a,LOW,USD
ea72cdc1-94b3-4e8a-a101-dbdeab817d42,05/12/2027 12:30:00,Consumer Price Index ex Food & Energy (MoM),HIGH,USD
19dd00b9-89a4-497d-8c74-30c75301c12c,05/12/2027 12:30:00,Consumer Price Index ex Food & Energy (YoY),HIGH,USD
0ffb518c-fc80-4c9f-88c0-2b8191500a47,05/12/2027 12:30:00,Consumer Price Index n.s.a (MoM),LOW,USD
7e4896ed-e582-44ca-b372-32afd91b5a66,05/12/2027 14:00:00,Wholesale Inventories,LOW,USD
7ef60e86-cbb1-49b4-89c6-4415890c0bde,05/12/2027 14:30:00,EIA Crude Oil Stocks Change,LOW,USD
7b1ed986-2876-4dce-87e7-60528770057c,05/12/2027 14:30:00,EIA Distillate Stocks Change,LOW,USD
deff8f17-aac0-4492-acc4-ece11720082e,05/12/2027 14:30:00,EIA Gasoline Stocks Change,LOW,USD
7b33f864-bf48-4c6f-bb89-806b8635ee8e,05/12/2027 14:30:00,EIA Heating Oil Stocks Change,LOW,USD
6a217521-ef5a-4e28-996b-ad432ebc750e,05/12/2027 17:00:00,10-Year Note Auction,LOW,USD
2e6fc216-9655-4fa6-9ca4-3d32ffadac50,05/12/2027 17:30:00,BoC Summary of Deliberations,MEDIUM,CAD
f4967544-5e2a-4557-ad19-290da5559ca4,05/12/2027 23:01:00,RICS Housing Price Balance,LOW,GBP
9e57d203-abbf-4d5d-9cb9-ee8b1435d16d,05/13/2027 02:00:00,RBNZ Inflation Expectations (QoQ),HIGH,NZD
8674c182-67bd-407b-8ae7-9479286a84fd,05/13/2027 06:00:00,Goods Trade Balance,LOW,GBP
2af74529-c1f1-41eb-9c0c-1f4c3b01c530,05/13/2027 06:00:00,Gross Domestic Product (MoM),MEDIUM,GBP
dc888493-0c0f-4438-8bf0-13eeb7dd6167,05/13/2027 06:00:00,Gross Domestic Product (QoQ),HIGH,GBP
1fd4a120-ffa4-4959-a065-0486cec426b2,05/13/2027 06:00:00,Gross Domestic Product (YoY),HIGH,GBP
f01c8a6a-a431-49c2-8dc5-1d0e8532c3ca,05/13/2027 06:00:00,Index of Services (3M/3M),LOW,GBP
a1320de5-9949-45db-9e7b-1d400319dc10,05/13/2027 06:00:00,Industrial Production (MoM),MEDIUM,GBP
ee70a2e3-e978-4ede-8ee3-5320fb83cc41,05/13/2027 06:00:00,Industrial Production (YoY),LOW,GBP
06112a56-a181-44a2-8388-ed4262950114,05/13/2027 06:00:00,Manufacturing Production (MoM),MEDIUM,GBP
94b19f92-3e3e-4280-be04-2f5bf6e81943,05/13/2027 06:00:00,Manufacturing Production (YoY),LOW,GBP
f24faf4b-efba-40a7-8bf9-0d24187ba9bd,05/13/2027 06:00:00,Total Business Investment (QoQ),LOW,GBP
b336674a-fdc5-4cc5-827f-7a3064fe64f2,05/13/2027 06:00:00,Total Business Investment (YoY),LOW,GBP
67f12ad0-7aaa-4d26-8d8a-679747c293a9,05/13/2027 06:00:00,Total Trade Balance,LOW,GBP
04ed5d44-d902-49ce-839d-524ce3aa8958,05/13/2027 06:00:00,Trade Balance; non-EU,LOW,GBP
c043a039-8d38-44ff-8bde-e9a863be9555,05/13/2027 12:30:00,Building Permits (MoM),LOW,CAD
e821491e-e135-4e13-8b56-8a908103e300,05/13/2027 12:30:00,Continuing Jobless Claims,LOW,USD
7bb627fa-f2ca-46b5-bf09-9a09f62dcfa1,05/13/2027 12:30:00,Export Price Index (MoM),LOW,USD
f660065b-e995-4930-9bee-ff48a8be3e05,05/13/2027 12:30:00,Export Price Index (YoY),LOW,USD
73645cd7-4b2f-43c6-bc52-cb0cb32b95a2,05/13/2027 12:30:00,Import Price Index (MoM),LOW,USD
cee05a3e-bea6-4b43-b56b-7cdc18c0c149,05/13/2027 12:30:00,Import Price Index (YoY),LOW,USD
abb214e0-9067-4f3b-9492-42a5c5850273,05/13/2027 12:30:00,Initial Jobless Claims,MEDIUM,USD
5371f65f-c3f7-4f0e-9692-44226ce2b00d,05/13/2027 12:30:00,Initial Jobless Claims 4-week average,LOW,USD
afdfb8ca-bb5b-4101-a8d9-aa351414a94b,05/13/2027 12:30:00,Producer Price Index (MoM),MEDIUM,USD
657efb84-a864-4f7f-9f9c-61ccb1f60696,05/13/2027 12:30:00,Producer Price Index (YoY),MEDIUM,USD
da57638e-a7c9-4c88-bbab-b2003055498b,05/13/2027 12:30:00,Producer Price Index ex Food & Energy (MoM),MEDIUM,USD
eef637b9-b302-445a-9758-d9dcd8d5d64b,05/13/2027 12:30:00,Producer Price Index ex Food & Energy (YoY),HIGH,USD
0e8aa87f-7202-42f9-b2f4-0f120c5cd025,05/13/2027 14:00:00,Business Inventories,LOW,USD
50b287f9-f856-481e-9618-eefdee51a69a,05/13/2027 14:00:00,Existing Home Sales (MoM),LOW,USD
5fa1452f-ecf8-47da-9e2d-0441712efd7f,05/13/2027 14:00:00,Existing Home Sales Change (MoM),MEDIUM,USD
b56ef4d9-9e39-4218-a4e9-f8e521eb4eb1,05/13/2027 14:30:00,EIA Natural Gas Storage Change,LOW,USD
bffbcc24-805f-46e0-8aa6-bb196098370d,05/13/2027 15:30:00,4-Week Bill Auction,LOW,USD
c1305406-055c-4eba-99da-c9d7c42f8ec9,05/13/2027 17:00:00,30-Year Bond Auction,LOW,USD
bb589da8-2915-46fc-843b-b8a89d73b124,05/14/2027 06:00:00,Wholesale Price Index (MoM),LOW,EUR
5cbfc8be-6852-4c19-95a9-a71171e94213,05/14/2027 06:00:00,Wholesale Price Index (YoY),LOW,EUR
1a625027-3e6c-40c6-84ad-14fad2091ba5,05/14/2027 09:00:00,Gross Domestic Product s.a. (QoQ),MEDIUM,EUR
d45a2a6b-0b75-4e1e-81b8-9c3987016d83,05/14/2027 09:00:00,Gross Domestic Product s.a. (YoY),MEDIUM,EUR
31dfdc50-adfb-484a-a995-0c6d99cd69f6,05/14/2027 09:00:00,Industrial Production s.a. (MoM),MEDIUM,EUR
b25c8f89-bf20-437e-8c39-7dcccb7b7f25,05/14/2027 09:00:00,Industrial Production w.d.a. (YoY),LOW,EUR
8313876f-8740-478c-9173-092b698e02ec,05/14/2027 09:00:00,Trade Balance n.s.a.,LOW,EUR
701a8fe4-ca4e-425d-a058-53635a5a6a8f,05/14/2027 09:00:00,Trade Balance s.a.,LOW,EUR
cacec280-2452-4f56-a68d-33a2c6cae565,05/14/2027 12:00:00,NIESR GDP Estimate (3M),LOW,GBP
77661587-2839-4eba-b0d3-44f181f7f69d,05/14/2027 12:30:00,Manufacturing Sales (MoM),LOW,CAD
63786b43-800b-430c-9f92-bc25cc5b4c00,05/14/2027 12:30:00,Wholesale Sales (MoM),LOW,CAD
8ae62326-1353-4dda-86d4-cce35908a2d9,05/14/2027 12:30:00,NY Empire State Manufacturing Index,MEDIUM,USD
ecd37a24-8365-40c4-a25a-e8aded07e3cf,05/14/2027 14:00:00,Michigan Consumer Expectations Index,MEDIUM,USD
3a72b762-4061-4cd8-a574-edca207fc8a2,05/14/2027 14:00:00,Michigan Consumer Sentiment Index,HIGH,USD
bd93ad57-4dcf-4b42-8aa9-4b3446a172a9,05/14/2027 14:00:00,UoM 1-year Consumer Inflation Expectations,MEDIUM,USD
61ff6f2d-ecd9-44fe-b2ca-5af1418b11b8,05/14/2027 14:00:00,UoM 5-year Consumer Inflation Expectation,MEDIUM,USD
be8a633b-87e8-4768-8c99-9d39dee75443,05/14/2027 17:00:00,Baker Hughes US Oil Rig Count,LOW,USD
2e3261ad-4397-40fb-a3d7-d43c864295ea,05/14/2027 19:30:00,CFTC AUD NC Net Positions,LOW,AUD
7f43c0d8-3e4a-45de-bc1a-43f001b8b3df,05/14/2027 19:30:00,CFTC EUR NC Net Positions,LOW,EUR
35c65ce4-5e58-48fc-a29a-a8aa4d3d9e6d,05/14/2027 19:30:00,CFTC JPY NC Net Positions,LOW,JPY
dc8c0c53-7d98-454c-941b-81fe2b364663,05/14/2027 19:30:00,CFTC GBP NC Net Positions,LOW,GBP
e3870c23-edb1-4cde-97da-18e3e7f0e9bd,05/14/2027 19:30:00,CFTC Gold NC Net Positions,LOW,USD
e685e15d-2dc5-46a1-b7ea-c104daec7ad9,05/14/2027 19:30:00,CFTC Oil NC Net Positions,LOW,USD
446c065e-ecac-47f6-b371-292c2347340f,05/14/2027 19:30:00,CFTC S&P 500 NC Net Positions,LOW,USD
9d6ab2bc-1437-4392-b503-0a1c7a7ce5ef,05/16/2027 22:00:00,Whit Monday,NONE,CHF
52731151-b940-44e4-822f-31adad5b52e5,05/16/2027 22:00:00,Whit Monday,NONE,EUR
1da6328f-4aa5-41e5-b923-ea353ccd97f4,05/16/2027 23:01:00,Rightmove House Price Index (MoM),LOW,GBP
56d94b6f-ae3a-4013-a662-e1e562bf9262,05/16/2027 23:01:00,Rightmove House Price Index (YoY),LOW,GBP
aca17c0b-2c30-4635-974e-1d64808d51b9,05/16/2027 23:50:00,Gross Domestic Product (QoQ),HIGH,JPY
d1e55429-35df-4b4f-a259-7d947c43b5d5,05/16/2027 23:50:00,Gross Domestic Product Annualized,MEDIUM,JPY
416224af-c882-4911-b4ac-660ddc380fbf,05/16/2027 23:50:00,Gross Domestic Product Deflator (YoY),MEDIUM,JPY
06f470ca-94a2-4c9d-bb5b-fb191d1800c1,05/17/2027 01:30:00,"House Price Index ",LOW,CNY
79c3ef3d-9b21-4ebd-9091-f6fcd15c7adc,05/17/2027 02:00:00,Fixed Asset Investment (YTD) (YoY),LOW,CNY
34cdeac1-f231-4267-a068-64be3652749e,05/17/2027 02:00:00,Industrial Production (YoY),HIGH,CNY
890a9a04-4c4d-41dd-973c-74dcb69fc0c9,05/17/2027 02:00:00,Retail Sales (YoY),HIGH,CNY
60683f6a-5857-4fda-a121-59496a83a175,05/17/2027 12:30:00,BoC Consumer Price Index Core (MoM),MEDIUM,CAD
812f59fa-7ea0-4aae-a0aa-ed10cd5bd61f,05/17/2027 12:30:00,BoC Consumer Price Index Core (YoY),HIGH,CAD
b1422426-6417-4eb5-bfc9-fc24ebe03d2a,05/17/2027 12:30:00,Canadian Portfolio Investment in Foreign Securities,LOW,CAD
639a6ac2-d16a-42eb-92d4-94dda1c77199,05/17/2027 12:30:00,Consumer Price Index - Core (MoM),LOW,CAD
0c89338c-94b8-4436-a0fb-bc858d9632a1,05/17/2027 12:30:00,Consumer Price Index (MoM),MEDIUM,CAD
7466c6a3-378f-481c-ae5d-2092662dfa64,05/17/2027 12:30:00,Consumer Price Index (YoY),HIGH,CAD
c5dcf910-f76a-4fc8-8766-791f594144b8,05/17/2027 12:30:00,Foreign Portfolio Investment in Canadian Securities,LOW,CAD
7978ee79-6744-41d4-8508-4bf3d10582c4,05/17/2027 12:30:00,Retail Sales (MoM),HIGH,USD
c68b4c60-d8e8-4f9d-a3d7-5cba580ca50e,05/17/2027 12:30:00,Retail Sales (YoY),LOW,USD
6111de8b-500e-49e3-af2c-b17f274e2435,05/17/2027 12:30:00,Retail Sales Control Group,HIGH,USD
ed47ad2d-c45e-41d1-b886-706b0ff088a4,05/17/2027 12:30:00,Retail Sales ex Autos (MoM),MEDIUM,USD
6276e948-97c7-4a27-af90-4a90878bbd1f,05/17/2027 13:15:00,Capacity Utilization,LOW,USD
1e358289-9c0f-4509-9af1-210691483add,05/17/2027 13:15:00,Industrial Production (MoM),MEDIUM,USD
8e59a367-04ed-4e1d-8486-268a8d2e62a0,05/17/2027 14:00:00,NAHB Housing Market Index,LOW,USD
67e89bb3-a7f9-4435-93aa-db45e52cb56a,05/17/2027 15:30:00,3-Month Bill Auction,LOW,USD
775ce9d4-7c82-4cb7-ae3e-52743eaa279a,05/17/2027 15:30:00,6-Month Bill Auction,LOW,USD
c27d8cb3-658c-42fb-bdae-b9225048ece0,05/18/2027 06:00:00,Average Earnings Excluding Bonus (3Mo/Yr),MEDIUM,GBP
798c834f-4c6e-42fc-af6e-06dcbb3d7f1f,05/18/2027 06:00:00,Average Earnings Including Bonus (3Mo/Yr),MEDIUM,GBP
7e45f27a-8360-4f05-bde4-7bd7a3e4782b,05/18/2027 06:00:00,Claimant Count Change,HIGH,GBP
5fcc40ae-42e5-48b7-80a9-d24cadb2aa61,05/18/2027 06:00:00,Claimant Count Rate,MEDIUM,GBP
10d67d70-e793-496f-ae83-ba17905f8a71,05/18/2027 06:00:00,Employment Change (3M),HIGH,GBP
9c99a2b3-5d27-44f7-9873-0f763217044d,05/18/2027 06:00:00,ILO Unemployment Rate (3M),HIGH,GBP
cbdd64e5-8430-4255-8c51-74b539bbe6fe,05/18/2027 09:00:00,ZEW Survey – Current Situation,MEDIUM,EUR
dc49ab5c-bfb4-4058-93c4-e693c8aac51c,05/18/2027 09:00:00,ZEW Survey – Economic Sentiment,MEDIUM,EUR
8350bea3-c7e8-477b-a111-ac1489d982ad,05/18/2027 09:00:00,ZEW Survey – Economic Sentiment,MEDIUM,EUR
bd7328d7-a878-466f-b087-ec4262a7afd6,05/18/2027 12:15:00,Housing Starts s.a (YoY),LOW,CAD
5fec50c0-cb8c-49fa-87e2-873f7c3bd2fd,05/18/2027 12:15:00,ADP Employment Change 4-week average,MEDIUM,USD
3cc5c154-3ad4-4a39-94f6-4695c5c57ab7,05/18/2027 12:30:00,Building Permits (MoM),MEDIUM,USD
70b525fb-b88e-438b-9677-d143507e10ee,05/18/2027 12:30:00,Building Permits Change,LOW,USD
1c9a569d-3fa1-4a06-a414-44e5f4fb0195,05/18/2027 12:30:00,Housing Starts (MoM),MEDIUM,USD
7cc15d7e-f2c9-40fd-933c-84b9fc524293,05/18/2027 12:30:00,Housing Starts Change,LOW,USD
acd3e6eb-34c1-44ad-9584-fc10a9285351,05/18/2027 12:55:00,Redbook Index (YoY),LOW,USD
34b41443-26a0-4570-bbba-c9f3961549d9,05/18/2027 20:00:00,Net Long-Term TIC Flows,LOW,USD
c87f4123-ca7f-49fd-b1a3-e519e8548c94,05/18/2027 20:00:00,Total Net TIC Flows,LOW,USD
ef229b37-c213-40d3-80e9-d89816e5fb6c,05/18/2027 20:30:00,API Weekly Crude Oil Stock,LOW,USD
d47dbdb1-bfd2-4fc6-a580-4ba7de107668,05/19/2027 06:00:00,Consumer Price Index (MoM),HIGH,GBP
85cf3af1-a3aa-4aab-81ff-e36a0c693d34,05/19/2027 06:00:00,Consumer Price Index (YoY),HIGH,GBP
2ad9a8fc-e471-4343-aade-241e6671b852,05/19/2027 06:00:00,Core Consumer Price Index (YoY),HIGH,GBP
9e6f1116-7437-40d0-8d6b-848342278043,05/19/2027 06:00:00,PPI Core Output (MoM) n.s.a,MEDIUM,GBP
77754552-9ae3-4086-ab00-02caceffbfd5,05/19/2027 06:00:00,"PPI Core Output (YoY) n.s.a ",MEDIUM,GBP
0d835d36-e08b-48ea-9ed5-4e72104d5ebc,05/19/2027 06:00:00,Producer Price Index - Input (MoM) n.s.a,LOW,GBP
e6a4033e-aa59-47a7-861e-28c9fe3676d0,05/19/2027 06:00:00,Producer Price Index - Input (YoY) n.s.a,LOW,GBP
4e5ad420-07a4-4c91-9cbf-eca64bbf4c65,05/19/2027 06:00:00,Producer Price Index - Output (MoM) n.s.a,MEDIUM,GBP
746023cd-74e7-490f-a584-c27ab445e4ea,05/19/2027 06:00:00,Producer Price Index - Output (YoY) n.s.a,LOW,GBP
c411c865-c2e0-48c9-ba20-79a6c976552d,05/19/2027 06:00:00,Retail Price Index (MoM),MEDIUM,GBP
374ae0b7-cfba-4439-b7a0-b156b9c52cec,05/19/2027 06:00:00,Retail Price Index (YoY),MEDIUM,GBP
2ceed439-36df-44da-b008-5ebeebf2ddc7,05/19/2027 07:00:00,Non-Monetary Policy ECB Meeting,MEDIUM,EUR
f214453d-1780-456f-b757-597a0e6becaa,05/19/2027 08:30:00,DCLG House Price Index (YoY),LOW,GBP
738c23f2-f5a0-4282-9911-83442ac1a213,05/19/2027 09:00:00,Core Harmonized Index of Consumer Prices (MoM),MEDIUM,EUR
41e66207-7c9a-4e99-a124-27a0bbe850c8,05/19/2027 09:00:00,Core Harmonized Index of Consumer Prices (YoY),MEDIUM,EUR
605c5435-c89d-46bf-8691-80f2ceabba91,05/19/2027 09:00:00,Harmonized Index of Consumer Prices (MoM),MEDIUM,EUR
9d006b52-9f0c-455f-aa57-eaa28c9d4107,05/19/2027 09:00:00,Harmonized Index of Consumer Prices (YoY),LOW,EUR
0ed7b54e-f6f5-425d-a331-1c1d2bbb8bda,05/19/2027 11:00:00,MBA Mortgage Applications,LOW,USD
15db5467-651e-4d8a-804d-f3db8fcb81f2,05/19/2027 12:30:00,New Housing Price Index (MoM),LOW,CAD
49c37dab-e4e9-456e-b027-93c2cc8df696,05/19/2027 12:30:00,New Housing Price Index (YoY),LOW,CAD
3634b6c5-5ca9-449f-8c73-11e895768010,05/19/2027 14:30:00,EIA Crude Oil Stocks Change,LOW,USD
10e18675-796a-4f78-896b-cb63ff226380,05/19/2027 14:30:00,EIA Distillate Stocks Change,LOW,USD
1778924d-4cdc-49a5-a333-2d0badd8d91e,05/19/2027 14:30:00,EIA Gasoline Stocks Change,LOW,USD
eaed7dc6-cf70-4c58-80d5-307998ae5abb,05/19/2027 14:30:00,EIA Heating Oil Stocks Change,LOW,USD
144ab27a-b062-48b3-96df-dc7ea0d35b02,05/19/2027 17:00:00,20-Year Bond Auction,LOW,USD
abfc9bcd-5f81-48ea-bd73-05c91a51c7ea,05/19/2027 18:00:00,FOMC Minutes,HIGH,USD
b2d72ccb-0ad3-46e3-8d54-10749309f9b3,05/19/2027 23:50:00,Adjusted Merchandise Trade Balance,MEDIUM,JPY
5b4bebc9-82d4-4e79-b778-f0db50f0c99f,05/19/2027 23:50:00,Exports (YoY),MEDIUM,JPY
02b2cc13-2b00-4be9-bc70-5083b0e1ea85,05/19/2027 23:50:00,Imports (YoY),MEDIUM,JPY
caa46eb8-7d46-48e8-beba-f542589f7907,05/19/2027 23:50:00,Merchandise Trade Balance Total,MEDIUM,JPY
f5ddd163-d438-4850-aac3-514362329b9e,05/20/2027 01:15:00,PBoC Interest Rate Decision,MEDIUM,CNY
356845b4-d23c-4ac8-81df-fd672505a792,05/20/2027 01:30:00,Employment Change s.a.,HIGH,AUD
94813a26-9e41-4cc5-8dff-069ea144a61a,05/20/2027 01:30:00,Full-Time Employment,MEDIUM,AUD
2c82c483-1da6-46be-b66a-b2a5cb92b9c4,05/20/2027 01:30:00,Part-Time Employment,MEDIUM,AUD
60f8af0e-5789-4028-a808-070cad54daea,05/20/2027 01:30:00,Participation Rate,MEDIUM,AUD
a423675e-5b2c-476f-b3cd-69790fa0451e,05/20/2027 01:30:00,Unemployment Rate s.a.,HIGH,AUD
0788ce88-8a47-40da-8aec-dd3bf28f9c92,05/20/2027 06:00:00,Producer Price Index (MoM),MEDIUM,EUR
32119dab-d28c-4e6f-b55d-bab62074a76d,05/20/2027 06:00:00,Producer Price Index (YoY),MEDIUM,EUR
23683dae-4a12-42f9-981d-12d4a9f47ac4,05/20/2027 08:00:00,Current Account n.s.a,LOW,EUR
7f6353af-11b4-4ca3-ab71-71ee9bbea2ed,05/20/2027 08:00:00,Current Account s.a,LOW,EUR
0d491f3f-2aae-40b6-ab42-dbf8b76aa14f,05/20/2027 09:00:00,Construction Output  s.a (MoM),LOW,EUR
c7ecb6c5-2f45-45fd-a22b-39bfc3152354,05/20/2027 09:00:00,Construction Output w.d.a (YoY),LOW,EUR
73f40f0e-f150-4c64-86b6-8ef0222eb484,05/20/2027 12:30:00,Employment Insurance Beneficiaries Change (MoM),LOW,CAD
1581abb9-b7bd-4d30-8179-c06c6e41f91e,05/20/2027 12:30:00,Industrial Product Price (MoM),LOW,CAD
731eea37-bcd2-4d02-9736-050062089e60,05/20/2027 12:30:00,Raw Material Price Index,LOW,CAD
a7e76107-2c6e-40fa-8a63-1d0417abe06f,05/20/2027 12:30:00,Continuing Jobless Claims,LOW,USD
066a2a7e-7db4-48ce-923f-9d5f962b37a5,05/20/2027 12:30:00,Initial Jobless Claims,MEDIUM,USD
491aa7fe-4781-43d6-9584-499c61616f1e,05/20/2027 12:30:00,Initial Jobless Claims 4-week average,LOW,USD
30ae90d3-cf49-4fe9-aa7c-4618d7c63fac,05/20/2027 12:30:00,Philadelphia Fed Manufacturing Survey,MEDIUM,USD
fb73d421-4ea6-4b8b-b367-ba6048ca26b7,05/20/2027 14:00:00,Pending Home Sales (MoM),MEDIUM,USD
bee8f5f6-453e-4500-8414-c76ea799a555,05/20/2027 14:00:00,Pending Home Sales (YoY),LOW,USD
7b8ec075-4c00-48f9-83a7-9ce873ae4eb2,05/20/2027 14:30:00,EIA Natural Gas Storage Change,LOW,USD
e64e1635-8a83-4230-8665-2f51e2c9278e,05/20/2027 15:00:00,Kansas Fed Manufacturing Activity,LOW,USD
97da0e37-922e-46e4-be0e-6a314eba15de,05/20/2027 15:30:00,4-Week Bill Auction,LOW,USD
05cdcb44-605b-4e33-99e9-13511da2f986,05/20/2027 17:00:00,10-year TIPS Auction,LOW,USD
34dab84f-839f-4e83-88ee-305524e6343d,05/20/2027 23:01:00,GfK Consumer Confidence,MEDIUM,GBP
78dc46ad-260c-4a64-96c0-963bb88d0f41,05/20/2027 23:30:00,National Consumer Price Index (YoY),MEDIUM,JPY
3effe192-0d79-48da-a215-5339d1d0e235,05/20/2027 23:30:00,"National CPI ex Food, Energy (YoY)",MEDIUM,JPY
9e952509-9b02-43fc-a041-b11e8c55280f,05/20/2027 23:30:00,National CPI ex Fresh Food (YoY),MEDIUM,JPY
cfd8e0a4-fb7a-4597-bb06-538bfc1b7472,05/21/2027 06:00:00,Public Sector Net Borrowing,LOW,GBP
e27f5a5b-27c5-438c-b7d6-5ef158efed28,05/21/2027 06:00:00,Retail Sales (MoM),HIGH,GBP
4afa9485-ff8f-4b71-8afc-d8d626643f22,05/21/2027 06:00:00,Retail Sales (YoY),MEDIUM,GBP
2e8df8ee-35ec-441c-ae5b-f633cbec3162,05/21/2027 06:00:00,Retail Sales ex-Fuel (MoM),MEDIUM,GBP
b808abcb-409e-47df-8289-4633b6e275fc,05/21/2027 06:00:00,Retail Sales ex-Fuel (YoY),MEDIUM,GBP
e01c7a68-e078-42ef-b0c1-ace1f8b18d14,05/21/2027 08:00:00,HCOB Composite PMI,HIGH,EUR
013e5cca-a439-4673-ad92-8c92719cabdf,05/21/2027 08:00:00,HCOB Manufacturing PMI,HIGH,EUR
a5d27c1d-8ad1-48be-8f24-cdb8fc4b0134,05/21/2027 08:00:00,HCOB Services PMI,HIGH,EUR
452d31dd-f4cd-4ba1-941b-bb7ddb964793,05/21/2027 08:30:00,S&P Global Composite PMI,HIGH,GBP
b93f650b-9fc1-40b5-b61c-24826ac9072a,05/21/2027 08:30:00,S&P Global Manufacturing PMI,HIGH,GBP
147cce1e-8ad5-435b-b786-aa70d91e37e2,05/21/2027 08:30:00,S&P Global Services PMI,HIGH,GBP
f6a53674-6c7e-46f8-b1de-c89ce09d35c7,05/21/2027 09:00:00,FDI - Foreign Direct Investment (YTD) (YoY),LOW,CNY
08ba6243-8713-47ce-9e14-b2fe6a7e9fbf,05/21/2027 12:30:00,Retail Sales (MoM),MEDIUM,CAD
7a49ae03-09f4-45b1-adce-4b9353a9238f,05/21/2027 12:30:00,Retail Sales ex Autos (MoM),MEDIUM,CAD
d2062eb9-b828-4879-b4de-24f62a32d0e4,05/21/2027 14:00:00,Consumer Confidence,MEDIUM,EUR
dd50acff-b59b-4987-918e-3245380f9d52,05/21/2027 17:00:00,Baker Hughes US Oil Rig Count,LOW,USD
273106f9-d014-4547-a62b-02e4934ca8d7,05/21/2027 19:30:00,CFTC AUD NC Net Positions,LOW,AUD
8d32a84a-c2b0-4cc8-b065-9984f30907a8,05/21/2027 19:30:00,CFTC EUR NC Net Positions,LOW,EUR
5d51b49f-728b-45f4-aba5-bf43e8627777,05/21/2027 19:30:00,CFTC JPY NC Net Positions,LOW,JPY
43780365-a1e4-4c76-917c-f5717246dc3a,05/21/2027 19:30:00,CFTC GBP NC Net Positions,LOW,GBP
519c10c9-dc2e-46c9-9f4f-92b472fc9c48,05/21/2027 19:30:00,CFTC Gold NC Net Positions,LOW,USD
fbe91a15-537b-4f94-a83d-6bb9fdcf2753,05/21/2027 19:30:00,CFTC Oil NC Net Positions,LOW,USD
bfe635eb-fb01-4a29-ba56-b75656905ac4,05/21/2027 19:30:00,CFTC S&P 500 NC Net Positions,LOW,USD
52976e64-9bae-4fdf-87f1-1b0090396c17,05/23/2027 22:45:00,Retail Sales (QoQ),HIGH,NZD
fd0c4a1e-6270-47a2-8967-822505c4d9d8,05/23/2027 22:45:00,Retail Sales ex Autos (QoQ),MEDIUM,NZD
5149f172-75f4-4caa-8590-9522f27b5ddb,05/24/2027 05:00:00,Victoria Day,NONE,CAD
280aa05e-038b-449b-8569-cc0ad8e68c48,05/24/2027 07:30:00,HCOB Composite PMI,HIGH,EUR
cd8ed4a2-92a9-49f1-a5c5-a4a466244e3b,05/24/2027 07:30:00,HCOB Manufacturing PMI,HIGH,EUR
1620750c-e516-4573-85b0-424966768559,05/24/2027 07:30:00,HCOB Services PMI,HIGH,EUR
5ca300d8-7912-4d99-bbab-923766c432ba,05/24/2027 08:00:00,IFO – Business Climate,MEDIUM,EUR
ffde216b-a5c1-4fed-b5f8-aa2523ee13d2,05/24/2027 08:00:00,IFO – Current Assessment,MEDIUM,EUR
8a81a982-04c5-4639-818d-1e510a6762cd,05/24/2027 08:00:00,IFO – Expectations,MEDIUM,EUR
35b433e1-f1c6-4475-b586-56864783c217,05/24/2027 10:00:00,German Buba Monthly Report,LOW,EUR
1bebce2d-f0f4-4b79-8017-51584dc58a47,05/24/2027 13:45:00,S&P Global Composite PMI,MEDIUM,USD
3ff28b8c-80dd-4680-8683-c5b65a5a1aea,05/24/2027 13:45:00,S&P Global Manufacturing PMI,HIGH,USD
b15f1016-5529-4fc7-af35-9e5615925085,05/24/2027 13:45:00,S&P Global Services PMI,HIGH,USD
c4118e0b-e690-4bc2-9404-5e8872c3c1e4,05/24/2027 15:30:00,3-Month Bill Auction,LOW,USD
de2b8e72-7361-44e3-b7b4-ee96b613afe6,05/24/2027 15:30:00,6-Month Bill Auction,LOW,USD
9ab59d35-bfda-4e7d-8725-c87ca09b1d2e,05/24/2027 17:00:00,2-Year Note Auction,LOW,USD
b0ef23a6-1973-42ca-99bf-4a0197d0e974,05/25/2027 06:00:00,Gross Domestic Product (QoQ),MEDIUM,EUR
c5763c31-3eae-4174-9b94-066221c3b752,05/25/2027 06:00:00,Gross Domestic Product (YoY),MEDIUM,EUR
76f1e36a-4518-4ce0-844c-db54e05006b3,05/25/2027 06:00:00,Gross Domestic Product w.d.a (YoY),MEDIUM,EUR
c8231473-8602-40b5-a0b8-733b1f4f3b21,05/25/2027 09:00:00,Negotiated Wage Rates (QoQ),LOW,EUR
94f8ef67-48ff-4e7f-8609-6ef75e4b3654,05/25/2027 12:15:00,ADP Employment Change 4-week average,MEDIUM,USD
7e5f7137-22d9-48db-b0d3-d7cfb96993f2,05/25/2027 12:30:00,"Chicago Fed National Activity Index ",LOW,USD
0e080bb7-d496-4d01-bf97-585ef46b9066,05/25/2027 12:55:00,Redbook Index (YoY),LOW,USD
1682ee94-6f92-44db-80e1-223218073b28,05/25/2027 13:00:00,Housing Price Index (MoM),MEDIUM,USD
b7c68de0-f1b3-4d2f-b5fd-d4bf7bf015d6,05/25/2027 13:00:00,S&P/Case-Shiller Home Price Indices (YoY),LOW,USD
b4214676-a526-4ae0-a526-e09d325b47de,05/25/2027 14:00:00,Consumer Confidence,MEDIUM,USD
26d3eab6-45f5-4f9f-86ce-a50cf28f1c65,05/25/2027 14:00:00,New Home Sales (MoM),LOW,USD
9c431ae0-bcaa-45e2-8659-ad67082b85dc,05/25/2027 14:00:00,New Home Sales Change (MoM),MEDIUM,USD
d0a2cd30-cd66-4285-b56c-af3e4923448c,05/25/2027 14:00:00,Richmond Fed Manufacturing Index,LOW,USD
0f92e450-3db3-42fb-891f-e2a193f0d7d6,05/25/2027 20:30:00,API Weekly Crude Oil Stock,LOW,USD
b1ac63ae-8ef0-429f-a9b9-beb7bfb457b6,05/26/2027 01:30:00,Consumer Price Index (MoM),MEDIUM,AUD
4a7ff4ea-9743-4bad-97bc-11e0b6c8f06b,05/26/2027 01:30:00,Consumer Price Index (YoY),HIGH,AUD
4e5b56f4-537e-4647-8f66-2319f8b31639,05/26/2027 01:30:00,Trimmed Mean CPI (MoM),MEDIUM,AUD
8164c2ea-cc72-4657-a04b-267aed85b734,05/26/2027 01:30:00,Trimmed Mean CPI (YoY),HIGH,AUD
8dc6b56d-d48f-4f9f-afa2-44aff000f276,05/26/2027 11:00:00,MBA Mortgage Applications,LOW,USD
acd3174b-cde1-45e4-8a55-85e369d53480,05/26/2027 12:30:00,Durable Goods Orders,MEDIUM,USD
f1b23400-1d4e-4056-bc6d-c1b39c858c5b,05/26/2027 12:30:00,Durable Goods Orders ex Defense,MEDIUM,USD
e12c7fb5-009f-4406-8113-fa674a9be7b9,05/26/2027 12:30:00,Durable Goods Orders ex Transportation,MEDIUM,USD
5336a45f-b40f-4de7-a33d-b59f275b23c7,05/26/2027 12:30:00,Nondefense Capital Goods Orders ex Aircraft,MEDIUM,USD
13e94d73-c2b3-4898-a803-a6099db7b3a3,05/26/2027 14:30:00,EIA Crude Oil Stocks Change,LOW,USD
f408ad38-7112-4993-a497-1b9d2ab8fd0b,05/26/2027 14:30:00,EIA Gasoline Stocks Change,LOW,USD
d8f878cc-fd72-40fa-944a-ef0f0c2dda2b,05/26/2027 14:30:00,EIA Heating Oil Stocks Change,LOW,USD
ed932778-13fa-4476-b89a-16e17385dc40,05/26/2027 17:00:00,5-Year Note Auction,LOW,USD
dcef81e3-3dec-4ac8-b5b4-3d3a922bf9e1,05/27/2027 12:30:00,Current Account,MEDIUM,CAD
e47510d3-d2f3-4deb-a162-08796b695b3f,05/27/2027 12:30:00,Continuing Jobless Claims,LOW,USD
c8f7c677-b706-49c7-b647-07f11320c50d,05/27/2027 12:30:00,Core Personal Consumption Expenditures - Price Index (MoM),HIGH,USD
e46cb96b-c343-4dc0-a398-b60381dda74d,05/27/2027 12:30:00,Core Personal Consumption Expenditures - Price Index (YoY),HIGH,USD
a1bfc750-728b-4976-a700-fd5a86a4df98,05/27/2027 12:30:00,Core Personal Consumption Expenditures (QoQ),MEDIUM,USD
94a423b5-c6fc-41d9-b7ac-3ea6c66498a6,05/27/2027 12:30:00,Goods Trade Balance,LOW,USD
6b3167fa-5a58-4522-9775-45a95ccb5bfc,05/27/2027 12:30:00,Gross Domestic Product Annualized,MEDIUM,USD
97ce8fb6-3b63-4738-bdf9-f5978fc11a1c,05/27/2027 12:30:00,Gross Domestic Product Price Index,MEDIUM,USD
55e337f1-dfd4-4845-8121-231290d2b96c,05/27/2027 12:30:00,Initial Jobless Claims,MEDIUM,USD
5d1aab39-3f61-4b6b-a094-22e91697b420,05/27/2027 12:30:00,Initial Jobless Claims 4-week average,LOW,USD
776edc7c-0851-418a-b2c9-ba890fba373e,05/27/2027 12:30:00,Personal Consumption Expenditures - Price Index (MoM),MEDIUM,USD
dbf9b049-dac2-4586-a68f-e43db9e3f645,05/27/2027 12:30:00,Personal Consumption Expenditures - Price Index (YoY),MEDIUM,USD
81388b39-4393-4ee8-bd14-2e73709f972c,05/27/2027 12:30:00,Personal Consumption Expenditures Prices (QoQ),MEDIUM,USD
78b724e8-6e58-44df-8401-89dd8bab2c80,05/27/2027 12:30:00,Personal Income (MoM),MEDIUM,USD
b3641a90-dbb6-4374-99ec-f802ac25cac4,05/27/2027 12:30:00,Personal Spending,MEDIUM,USD
6bbc4105-783f-40b8-af63-af81da0383f2,05/27/2027 12:30:00,Wholesale Inventories,LOW,USD
d74a3845-9db2-49f1-8490-674bacd87d71,05/27/2027 14:30:00,EIA Distillate Stocks Change,LOW,USD
f81f472a-7835-4114-b475-4f7fd46e8e8c,05/27/2027 14:30:00,EIA Natural Gas Storage Change,LOW,USD
58b64281-6575-43cb-b755-22861ce5425e,05/27/2027 15:30:00,4-Week Bill Auction,LOW,USD
7d862561-e139-494e-a5cb-a2f21c1a0cb8,05/27/2027 17:00:00,7-Year Note Auction,LOW,USD
6a10cae0-07b5-4e7b-8049-8dd0a5a3b849,05/27/2027 23:30:00,Tokyo Consumer Price Index (YoY),HIGH,JPY
583dacaa-c5e2-4c71-89d6-1bded8bc4608,05/27/2027 23:30:00,"Tokyo CPI ex Food, Energy (YoY)",HIGH,JPY
254e886e-992d-4738-85be-98565eb98945,05/27/2027 23:30:00,Tokyo CPI ex Fresh Food (YoY),MEDIUM,JPY
68510880-dbb3-4dec-8d75-ffc635c500c7,05/28/2027 06:00:00,Gross Domestic Product (QoQ),HIGH,CHF
4f764d04-1dda-4f11-8acc-9a9733c647a3,05/28/2027 06:00:00,Gross Domestic Product (YoY),MEDIUM,CHF
f847a722-c4fc-40ac-9dd2-045af1879b15,05/28/2027 06:00:00,GfK Consumer Confidence Survey,MEDIUM,EUR
2cdb59a9-31b5-4ed2-9956-6a801ca4b43d,05/28/2027 08:00:00,M3 Money Supply (3m),LOW,EUR
88480e69-d66f-42b2-80ee-bb407929d96c,05/28/2027 08:00:00,M3 Money Supply (YoY),LOW,EUR
324e4124-d4d8-4feb-aab9-46ab432eb90e,05/28/2027 08:00:00,Private Loans (YoY),LOW,EUR
0f6cf1ac-d759-4099-9506-b5a612471fa1,05/28/2027 09:00:00,Business Climate,MEDIUM,EUR
1016d33d-50f7-468f-911b-4305c9c3bb19,05/28/2027 09:00:00,Consumer Confidence,MEDIUM,EUR
90826771-0985-4076-9de4-1e5164c33e0e,05/28/2027 09:00:00,Economic Sentiment Indicator,MEDIUM,EUR
135f4ed4-ec80-40d9-9125-4a0540fb4d1b,05/28/2027 09:00:00,Industrial Confidence,LOW,EUR
bd38840e-7f4b-4a72-813b-b550f2566ab7,05/28/2027 09:00:00,Services Sentiment,LOW,EUR
81939227-6aa8-42b3-bdd6-89499abe8794,05/28/2027 12:30:00,Gross Domestic Product (QoQ),MEDIUM,CAD
b488a224-48b4-498c-94e9-e17aacd9b8ac,05/28/2027 12:30:00,Gross Domestic Product Annualized,HIGH,CAD
0a4b9ef5-46f9-4020-9ebb-77cb6dacdb3e,05/28/2027 14:00:00,Michigan Consumer Expectations Index,MEDIUM,USD
c8bd4c80-4fb1-4393-8931-543eed70993f,05/28/2027 14:00:00,Michigan Consumer Sentiment Index,MEDIUM,USD
65eaa9ad-b636-43e8-84c3-a14c3430c1ec,05/28/2027 14:00:00,UoM 1-year Consumer Inflation Expectations,MEDIUM,USD
40eb98d1-859d-49c0-9cb3-ff81f258d6dd,05/28/2027 14:00:00,UoM 5-year Consumer Inflation Expectation,MEDIUM,USD
8ea621da-b304-4d13-a821-a2d087a4bbc4,05/28/2027 17:00:00,Baker Hughes US Oil Rig Count,LOW,USD
88d94372-771a-4260-9be8-beaef14e6578,05/28/2027 19:30:00,CFTC AUD NC Net Positions,LOW,AUD
7045fae4-6c6a-4a8a-abaa-da2c257c2a91,05/28/2027 19:30:00,CFTC EUR NC Net Positions,LOW,EUR
cb8d9795-7497-4e8d-b9e2-7d32c2d72f67,05/28/2027 19:30:00,CFTC JPY NC Net Positions,LOW,JPY
92230cfa-8897-432c-9954-0827beaeda13,05/28/2027 19:30:00,CFTC GBP NC Net Positions,LOW,GBP
3572fa90-ae7c-4ea7-bfac-9e96373f6012,05/28/2027 19:30:00,CFTC Gold NC Net Positions,LOW,USD
b6862334-1f38-4747-b03f-a6235162dcfa,05/28/2027 19:30:00,CFTC Oil NC Net Positions,LOW,USD
24ecc0e5-1a7f-4dcb-93ce-9a6b10c25b0e,05/28/2027 19:30:00,CFTC S&P 500 NC Net Positions,LOW,USD
7495a887-bb10-4d0f-ad3f-2e75f49dacd2,05/30/2027 23:00:00,Spring Bank Holiday,NONE,GBP
e14a5994-7eaf-41bc-aee6-1e3e225192a6,05/31/2027 01:30:00,NBS Manufacturing PMI,HIGH,CNY
70f93fcf-ab1e-4052-8d9f-02390c4ef489,05/31/2027 01:30:00,NBS Non-Manufacturing PMI,HIGH,CNY
61c2b7f7-0bea-43a5-9548-fb02264959b7,05/31/2027 05:00:00,Annualized Housing Starts,LOW,JPY
bf5a3ecc-d0fb-4595-8b5d-fe43e0ce8a90,05/31/2027 05:00:00,Construction Orders (YoY),LOW,JPY
848c4fb1-a472-4e93-822b-02d913c7581b,05/31/2027 05:00:00,Housing Starts (YoY),LOW,JPY
43099b49-a564-4769-a820-fd737c92e5bd,05/31/2027 05:00:00,Memorial Day,NONE,USD
8add5d95-9e6f-4d55-84d9-43f86cebcdb0,05/31/2027 06:00:00,Import Price Index (MoM),LOW,EUR
0667a0a4-e6ed-4402-bd64-f0a520b48a0a,05/31/2027 06:00:00,Import Price Index (YoY),LOW,EUR
38fbc1f6-7527-47eb-89c6-f9ec90b66a69,05/31/2027 06:00:00,Retail Sales (MoM),MEDIUM,EUR
26255205-ebaf-4198-9a8f-e3cdcdb21bb0,05/31/2027 06:00:00,Retail Sales (YoY),HIGH,EUR
90836063-68ca-456e-8cdd-642e5e12fb0a,05/31/2027 08:00:00,Baden-Wuerttemberg CPI (MoM),LOW,EUR
72ccc47c-04a1-4de3-812a-1fd349d5acfe,05/31/2027 08:00:00,Baden-Wuerttemberg CPI (YoY),LOW,EUR
a54767eb-79bf-4af1-9807-982ab61e8ae4,05/31/2027 08:00:00,Bavaria CPI (MoM),LOW,EUR
f8359f21-0ec7-439c-8187-75d560218235,05/31/2027 08:00:00,Bavaria CPI (YoY),LOW,EUR
18c70149-543f-437e-a3eb-d6a524f14b1c,05/31/2027 08:00:00,Brandenburg CPI (MoM),LOW,EUR
cf6397bb-da24-465b-a0ee-ef8518968fc7,05/31/2027 08:00:00,Brandenburg CPI (YoY),LOW,EUR
ddf1960d-59ea-4a3f-90ec-7ce3e5858eaf,05/31/2027 08:00:00,Hesse CPI (MoM),LOW,EUR
9a8bbd2d-5016-4e43-8ffe-eece81997591,05/31/2027 08:00:00,Hesse CPI (YoY),LOW,EUR
bbe6053b-531b-40c2-90dc-217e08dad13b,05/31/2027 08:00:00,North Rhine-Westphalia CPI (MoM),LOW,EUR
5d0467a4-8342-4147-9c19-ed2369e9955b,05/31/2027 08:00:00,North Rhine-Westphalia CPI (YoY),LOW,EUR
b116ba03-772e-4541-81f0-7e165b7c82a5,05/31/2027 08:00:00,Saxony CPI (MoM),LOW,EUR
85f862db-6553-481b-88df-e20409df3502,05/31/2027 08:00:00,Saxony CPI (YoY),LOW,EUR
4520ecde-855e-4a75-a4f4-00679fa0f2f8,05/31/2027 12:00:00,Consumer Price Index (MoM),HIGH,EUR
fa678d6b-1768-4179-abd7-73fd3ee54324,05/31/2027 12:00:00,Consumer Price Index (YoY),HIGH,EUR
17ae9c97-1276-42e0-b692-b0c9103a2b8a,05/31/2027 12:00:00,Harmonized Index of Consumer Prices (MoM),MEDIUM,EUR
fe304ffc-cbaf-4bfe-a066-fa711a791c8a,05/31/2027 12:00:00,Harmonized Index of Consumer Prices (YoY),HIGH,EUR
3548e77f-ef6e-4d7d-96af-6b88cba3b42f,05/31/2027 12:30:00,Gross Domestic Product (MoM),MEDIUM,CAD
f8615131-77dc-4131-a43a-b8cac8bdf850,05/31/2027 13:45:00,Chicago PMI,MEDIUM,USD
7221384c-af5c-4bbc-83df-45ae6a6c3528,05/31/2027 14:30:00,Dallas Fed Manufacturing Business Index,LOW,USD
fa513dc3-f204-40bf-acd1-3cccd9896dff,05/31/2027 15:30:00,3-Month Bill Auction,LOW,USD
b03bc709-6c12-4cc8-9c2b-5c496fbff44c,05/31/2027 15:30:00,6-Month Bill Auction,LOW,USD
