Id,Start,Name,Impact,Currency
4927bb21-432d-4cb1-86a1-bc3e9bce887a,10/02/2026 19:30:00,CFTC AUD NC Net Positions,LOW,AUD
675b606a-eaec-459b-b28f-58e09abe530c,10/02/2026 19:30:00,CFTC EUR NC Net Positions,LOW,EUR
9fce7576-f77f-46b0-94dd-db031fa8dd3d,10/02/2026 19:30:00,CFTC JPY NC Net Positions,LOW,JPY
c4330f33-3f30-4aed-b4dd-be690b35d1c7,10/02/2026 19:30:00,CFTC GBP NC Net Positions,LOW,GBP
631221c6-e9c9-420a-a931-e8764c3c50e1,10/02/2026 19:30:00,CFTC Gold NC Net Positions,LOW,USD
9fcb7700-69a3-4ede-bf34-ec1d56df3838,10/02/2026 19:30:00,CFTC Oil NC Net Positions,LOW,USD
fb067288-309c-4190-b752-c8647b8a616d,10/02/2026 19:30:00,CFTC S&P 500 NC Net Positions,LOW,USD
2f843693-b4fe-4966-a985-6c04a180ca23,10/02/2026 19:35:00,ECB's Nagel speech,MEDIUM,EUR
47eedde4-58a4-46ed-9cfb-eebc3edc814e,10/02/2026 22:00:00,Day of German Unity,NONE,EUR
44ee58b8-9ee5-4713-ad3f-14f815a8e7c0,10/03/2026 16:00:00,Daylight Saving Time,NONE,AUD
4b351276-7919-43c0-b513-993b250ac4cc,10/03/2026 16:00:00,National Day,NONE,CNY
4f37eb0e-1640-4c5d-b32a-df5c64ca5f9f,10/04/2026 14:00:00,Labour Day,NONE,AUD
438dba20-d588-4626-a3ce-78731ec431d9,10/04/2026 16:00:00,National Day,NONE,CNY
563cd6f4-2063-40fa-8403-ebaa3f325c33,10/04/2026 23:00:00,S&P Global Composite PMI,MEDIUM,AUD
567fb19c-53be-49ec-ae2e-0f01ac38ef4e,10/04/2026 23:00:00,S&P Global Services PMI,MEDIUM,AUD
5064de46-dfec-4fb9-95c3-24569518e20f,10/05/2026 00:00:00,TD-MI Inflation Gauge (MoM),LOW,AUD
0597b00a-9389-4cdc-8072-0d3cc6316a76,10/05/2026 00:00:00,TD-MI Inflation Gauge (YoY),MEDIUM,AUD
812d511d-27ef-4e78-95d6-d9bf7fdc5e0f,10/05/2026 00:00:00,ANZ Commodity Price,LOW,NZD
9b6d343b-37ae-4586-9396-37e52714956a,10/05/2026 00:30:00,ANZ Job Advertisements,LOW,AUD
889f6094-9947-4cde-9722-1e3e7b8fc41f,10/05/2026 00:30:00,Jibun Bank Services PMI,LOW,JPY
a7691e1b-87d0-4d96-894a-bb8d34944d98,10/05/2026 05:00:00,Consumer Confidence Index,LOW,JPY
ad0b54cf-3480-4f1f-936b-44c577456d0c,10/05/2026 07:15:00,HCOB Services PMI,MEDIUM,EUR
f665e713-f69c-4bdb-8573-88bc87c275e1,10/05/2026 07:45:00,ECB's Nagel speech,MEDIUM,EUR
36a1dec6-ef05-4e07-aefa-f18c93efab6e,10/05/2026 07:45:00,HCOB Services PMI,LOW,EUR
c58661bb-287e-4e10-b695-8dba4b280a71,10/05/2026 07:50:00,HCOB Composite PMI,LOW,EUR
30524aec-f7f4-4c94-b55f-c21024d521fb,10/05/2026 07:50:00,HCOB Services PMI,LOW,EUR
9caa0dc2-3a6d-4f02-8d37-d60407adf37b,10/05/2026 07:55:00,HCOB Composite PMI,MEDIUM,EUR
017a9cc4-0be5-4e59-83a9-f4c063129b83,10/05/2026 07:55:00,HCOB Services PMI,MEDIUM,EUR
32907180-59e3-4e80-9c52-c330cdd04522,10/05/2026 08:00:00,ECB's Lane speech,MEDIUM,EUR
dee1f692-0e26-4d34-b947-5a179d393367,10/05/2026 08:00:00,HCOB Composite PMI,MEDIUM,EUR
e9086c45-894e-4841-9dd0-5d7e7484590d,10/05/2026 08:00:00,HCOB Services PMI,LOW,EUR
2cecc584-ee61-4581-bc2f-08e369c512b7,10/05/2026 08:00:00,Public Deficit/GDP,LOW,EUR
3491b4b1-07fe-4240-90d6-fb6381341f64,10/05/2026 08:30:00,Sentix Investor Confidence,MEDIUM,EUR
c5359a4e-475f-44ad-942c-a56bad91ae98,10/05/2026 08:30:00,S&P Global Composite PMI,LOW,GBP
467ba32a-2df2-4f10-b844-f9884224e8fe,10/05/2026 08:30:00,S&P Global Services PMI,LOW,GBP
dbe133ab-7adc-4742-997e-e6103e557751,10/05/2026 09:00:00,ECB's Schnabel speech,MEDIUM,EUR
c3c416bc-2de0-43f0-bf18-70686abea7d3,10/05/2026 09:00:00,Producer Price Index (MoM),MEDIUM,EUR
93ee0549-cffe-49b7-a567-81520b25d56b,10/05/2026 09:00:00,Producer Price Index (YoY),MEDIUM,EUR
f1d2d784-e5fb-416c-b388-54feae2ce150,10/05/2026 13:45:00,S&P Global Composite PMI,MEDIUM,USD
7256a289-5529-4ad9-a998-7abe47a05bbe,10/05/2026 13:45:00,S&P Global Services PMI,LOW,USD
c8608ec5-696d-426d-a2df-6c2fa03fccfb,10/05/2026 14:00:00,ISM Services Employment Index,MEDIUM,USD
b87c6f73-f35c-42b1-a4c1-0b6585af8b18,10/05/2026 14:00:00,ISM Services New Orders Index,MEDIUM,USD
01cb6076-cca0-46ff-b8a7-98f6bd803237,10/05/2026 14:00:00,ISM Services PMI,HIGH,USD
34f9de14-a9da-4cd7-a945-f2836056421c,10/05/2026 14:00:00,ISM Services Prices Paid,MEDIUM,USD
53e2320b-2dff-4c53-b5f9-261943877f24,10/05/2026 15:30:00,3-Month Bill Auction,LOW,USD
9df4e31f-66c2-4e6c-9104-679b28a0a278,10/05/2026 15:30:00,6-Month Bill Auction,LOW,USD
e9836b46-f3be-41ac-a589-cd49cd3f3ece,10/05/2026 16:00:00,National Day,NONE,CNY
34f7a4ca-06ff-4e26-ae6e-2475b5027d47,10/05/2026 21:00:00,NZIER Business Confidence (QoQ),MEDIUM,NZD
f6edd1bb-33ea-40a2-addf-f13faafce6e6,10/06/2026 03:35:00,10-y Bond Auction,LOW,JPY
d34f3b96-9b86-4fa2-85aa-4b6da32f8ea6,10/06/2026 06:00:00,Factory Orders n.s.a. (YoY),MEDIUM,EUR
e2304e47-45b6-4201-b7f6-66ca420a2f8a,10/06/2026 06:00:00,Factory Orders s.a. (MoM),MEDIUM,EUR
e2c43716-6943-4b1e-b5f3-b90c464da174,10/06/2026 06:45:00,Budget Balance,LOW,EUR
5e9c480c-6903-4d5e-ba58-b9552e21f9a9,10/06/2026 06:45:00,Industrial Output (MoM),LOW,EUR
4eb0aedf-8f3c-4d33-9ae6-cac10216c074,10/06/2026 07:00:00,Industrial Output Cal Adjusted (YoY),LOW,EUR
ec5dcbc5-e596-499f-ab06-9ad39da5047f,10/06/2026 08:00:00,Unemployment Rate s.a (MoM),LOW,CHF
29be0f8c-284d-472b-bd4f-bba3bacd0427,10/06/2026 08:30:00,S&P Global Construction PMI,LOW,GBP
0996affb-c3fd-47a4-84b5-dfb7fb7780bd,10/06/2026 08:40:00,12-Month Letras Auction,LOW,EUR
5e6326c8-a82b-4093-b097-f9cfac44daaf,10/06/2026 08:40:00,6-Month Letras Auction,LOW,EUR
cd63d43d-f583-4947-9123-1114613f4404,10/06/2026 08:40:00,BoE's Mann speech,MEDIUM,GBP
2cfbef2a-5123-4517-8e60-0f638c1c4cbd,10/06/2026 09:00:00,Retail Sales (MoM),MEDIUM,EUR
11a428a1-d3b5-41e5-a37c-f6da12204950,10/06/2026 09:00:00,Retail Sales (YoY),HIGH,EUR
e4b88b30-59ab-4cb5-a794-94a2ffada5b0,10/06/2026 12:15:00,ADP Employment Change 4-week average,MEDIUM,USD
28d0ed94-330b-4a72-9d02-309a472abeae,10/06/2026 12:30:00,Exports,LOW,CAD
83254e97-25df-4c77-8886-e65c264fc164,10/06/2026 12:30:00,Imports,LOW,CAD
f6846434-0b31-4e85-a23e-1dd3bad16389,10/06/2026 12:30:00,International Merchandise Trade,LOW,CAD
043eedaf-7651-4d10-b6f6-5f4ab4e3ee86,10/06/2026 12:30:00,Goods and Services Trade Balance,LOW,USD
720e24e2-ec25-4fe2-b547-d60cc88991b0,10/06/2026 12:30:00,Goods Trade Balance,LOW,USD
c9fca93e-b534-41bc-bf13-9c13452686b8,10/06/2026 12:55:00,Redbook Index (YoY),LOW,USD
5ba3d0cc-1559-4cd6-9647-31f5021346bf,10/06/2026 13:00:00,ECB's Cipollone speech,MEDIUM,EUR
b83d6347-bac4-43c4-905e-79bd3f8c13df,10/06/2026 13:00:00,ECB's Elderson speech,MEDIUM,EUR
bbbf280a-03cf-4abb-afd6-02f2c7332d6e,10/06/2026 13:05:00,Fed's Williams speech,MEDIUM,USD
9444c2f7-132e-4593-8fd9-df41c526d519,10/06/2026 14:00:00,Ivey Purchasing Managers Index,MEDIUM,CAD
030cf7c5-a8a2-4ba1-b03a-5df3d6b11845,10/06/2026 14:00:00,Ivey Purchasing Managers Index s.a,MEDIUM,CAD
8cc392b4-519e-4db5-b578-461453747c11,10/06/2026 14:00:00,RealClearMarkets/TIPP Economic Optimism (MoM),LOW,USD
10955351-2dc7-4bc8-bba3-b9739e76dc69,10/06/2026 14:45:00,Fed's Bowman speech,MEDIUM,USD
335e51ba-e609-40c9-ab93-4f838f5628e2,10/06/2026 15:00:00,GDT Price Index,LOW,NZD
608b64df-30d0-4381-b286-289e1768ac7f,10/06/2026 16:00:00,National Day,NONE,CNY
fdc2a609-1fb4-4ff7-90f4-60a97d83d00d,10/06/2026 17:00:00,3-Year Note Auction,LOW,USD
bdc7801d-8510-4744-a489-fb70eac99dad,10/06/2026 20:30:00,API Weekly Crude Oil Stock,LOW,USD
e0bc3041-cf42-4f21-8ea7-b7e9180872ba,10/06/2026 22:00:00,Ai Group Construction PMI,LOW,AUD
0e63bd92-b1eb-4ab0-996a-8b9200762332,10/06/2026 22:00:00,Ai Group Manufacturing PMI,LOW,AUD
6646591f-f289-492a-9dd6-4da49945fc01,10/06/2026 22:00:00,AiG Industry Index,MEDIUM,AUD
799c49a6-84d0-4492-983d-2e159620b40e,10/06/2026 23:30:00,Labor Cash Earnings (YoY),MEDIUM,JPY
21d0078f-3933-4cfc-9995-23b6c2fb53d2,10/06/2026 23:50:00,JP Foreign Reserves,LOW,JPY
ccc70f45-dbeb-4acd-9106-77024af5bc38,10/07/2026 05:00:00,ECB's Cipollone speech,MEDIUM,EUR
22fce68b-a300-44cb-ac58-a20b347aac66,10/07/2026 05:00:00,Coincident Index,LOW,JPY
0cc3fef9-6249-40cf-9087-90cd70113fdf,10/07/2026 05:00:00,Leading Economic Index,LOW,JPY
37feb17d-a9bc-49cd-a856-835e468b3fc1,10/07/2026 06:00:00,Industrial Production n.s.a. w.d.a. (YoY),MEDIUM,EUR
6c099015-225c-41c7-a1a1-8a2f70affedb,10/07/2026 06:00:00,Industrial Production s.a. (MoM),MEDIUM,EUR
afabfe00-ec93-4e56-bc54-79a8cb9105d4,10/07/2026 06:00:00,Lloyds House Price Index (MoM),LOW,GBP
899f110c-d6e1-4cbc-b630-c76d3040f3ac,10/07/2026 06:00:00,Lloyds House Price Index (YoY),LOW,GBP
3550e6e6-59a4-44aa-af33-e7b34937793b,10/07/2026 06:45:00,Current Account,LOW,EUR
1ec8e5c1-50b7-4906-a0ac-4ce4bf960df5,10/07/2026 06:45:00,"Exports, EUR",LOW,EUR
80596902-f6b3-467a-81c5-b9522235143b,10/07/2026 06:45:00,"Imports, EUR",LOW,EUR
1247c297-cd48-4f0e-ab6b-e7df95773d82,10/07/2026 06:45:00,Trade Balance EUR,LOW,EUR
2c0ae527-6c9a-4035-a1d7-5fa772db080e,10/07/2026 07:00:00,Foreign Currency Reserves,LOW,CHF
9800e2a3-03da-46d8-97ae-291ecf32dfee,10/07/2026 07:20:00,ECB's Vujčić speech,MEDIUM,EUR
4317e367-b4a8-48f2-be30-bc868d7cf93c,10/07/2026 08:00:00,Foreign Exchange Reserves (MoM),LOW,CNY
2d100fe1-5948-4741-ad42-44e4a50226ff,10/07/2026 11:00:00,MBA Mortgage Applications,LOW,USD
23d4f861-ceb4-415f-a8fc-202439295086,10/07/2026 14:30:00,EIA Crude Oil Stocks Change,LOW,USD
a5a4945a-eca7-4fbf-ad9d-ba81cb5d2d92,10/07/2026 14:30:00,EIA Distillate Stocks Change,LOW,USD
ec2a1495-6a2a-4459-ad57-f561bc0c91bc,10/07/2026 14:30:00,EIA Gasoline Stocks Change,LOW,USD
4994df27-6854-45a7-89c2-4bd4957dee31,10/07/2026 14:30:00,EIA Heating Oil Stocks Change,LOW,USD
87e53130-4beb-489a-96d1-3b482f574310,10/07/2026 17:00:00,10-Year Note Auction,LOW,USD
5660f332-f569-4ed9-805a-9a0b0eed9b63,10/07/2026 17:30:00,ECB's Vujčić speech,MEDIUM,EUR
02a53a33-4794-47f5-9def-bc39d26272b3,10/07/2026 18:00:00,FOMC Minutes,HIGH,USD
729d32d5-c19b-4601-a071-8e149563d435,10/07/2026 19:00:00,Consumer Credit Change,LOW,USD
f60d239e-a2b6-45df-a8bc-f423c81f68c7,10/07/2026 23:01:00,RICS Housing Price Balance,LOW,GBP
53d9e979-30b7-46ed-956d-bd379c8732ed,10/07/2026 23:50:00,Current Account n.s.a.,MEDIUM,JPY
7a3a3e00-ea67-49f1-9dd8-090f58251c17,10/07/2026 23:50:00,Foreign Bond Investment,LOW,JPY
f45e07c3-da50-4959-9e24-86d0b43db468,10/07/2026 23:50:00,Foreign Investment in Japan Stocks,LOW,JPY
ecdf515b-ba4f-4bab-bc45-08c28d3f2aba,10/07/2026 23:50:00,Trade Balance - BOP Basis,LOW,JPY
8d565384-6230-443e-8299-614fd64f39c3,10/08/2026 05:00:00,Eco Watchers Survey: Current,LOW,JPY
5822c98c-d50e-4bd3-8c6d-66409d7eddf9,10/08/2026 05:00:00,Eco Watchers Survey: Outlook,LOW,JPY
e72e6290-c24c-437a-97a8-7723d787d310,10/08/2026 06:00:00,Exports (MoM),LOW,EUR
4d32725c-6fcd-4082-8518-2b83b8f4b9e9,10/08/2026 06:00:00,Imports (MoM),LOW,EUR
47b61a07-2bd6-48d2-9e1a-59823a516083,10/08/2026 06:00:00,Trade Balance s.a.,MEDIUM,EUR
76b44761-ac80-47ca-b28c-9b10d8605d9e,10/08/2026 08:00:00,Eurogroup Meeting,MEDIUM,EUR
b6bdd8c9-325f-4388-89fa-61a389eb948d,10/08/2026 08:00:00,RBNZ's Breman speech,HIGH,NZD
84a59dbf-c873-44fb-ad49-6fce68b08661,10/08/2026 08:30:00,BoE Credit Conditions Survey,LOW,GBP
06b28a61-5faa-4dd6-911e-283ed3a1ef49,10/08/2026 10:00:00,ECB's Lane speech,MEDIUM,EUR
6c63df0d-dc73-4fc9-b38c-cb1261a234ff,10/08/2026 11:30:00,ECB Monetary Policy Meeting Accounts,HIGH,EUR
ca5d9523-c7af-4346-b865-5f1464c7c4b3,10/08/2026 12:30:00,Continuing Jobless Claims,LOW,USD
9b347ce9-d89e-44e3-92c1-a530ea21db90,10/08/2026 12:30:00,Initial Jobless Claims,MEDIUM,USD
234f33ed-4ee3-490f-be7b-0c6f7209edc1,10/08/2026 12:30:00,Initial Jobless Claims 4-week average,LOW,USD
c462d5a0-294f-4213-a33e-9d1a5775dd57,10/08/2026 13:00:00,BoE's Lombardelli speech,MEDIUM,GBP
44ec4b6c-5af1-4ea3-a27c-679ca06bc44b,10/08/2026 14:00:00,Wholesale Inventories,LOW,USD
0b480de8-55e4-428e-a596-d64567bef557,10/08/2026 14:30:00,EIA Natural Gas Storage Change,LOW,USD
1294be93-8582-43af-8556-bff30b4d7f4f,10/08/2026 15:30:00,4-Week Bill Auction,LOW,USD
ea8dd0f6-6efc-4a7b-ac69-a84310157370,10/08/2026 17:00:00,30-Year Bond Auction,LOW,USD
73398fea-be48-4b81-92b0-b65d4f0ab4db,10/08/2026 17:40:00,Fed's Musalem speech,MEDIUM,USD
6c40c52d-bd98-4b06-84cf-9ba0000675e5,10/08/2026 23:30:00,Overall Household Spending (YoY),LOW,JPY
c1a6fdf1-45e3-472a-bd2c-c936b50286a1,10/09/2026 08:00:00,EcoFin Meeting,MEDIUM,EUR
74644dda-73a8-47e6-bacd-ed1fd9fd48ae,10/09/2026 08:00:00,Industrial Output s.a. (MoM),LOW,EUR
63ed7678-130e-4857-a2a3-61ac4e102b4c,10/09/2026 08:00:00,Industrial Output w.d.a (YoY),LOW,EUR
0a8e9dd4-e334-47e2-8b79-b08443ebc592,10/09/2026 12:30:00,Average Hourly Wages (YoY),MEDIUM,CAD
beb43555-5621-4b3b-8c5b-6110443e9ce7,10/09/2026 12:30:00,Net Change in Employment,MEDIUM,CAD
d94b70a4-94d7-427a-b74e-e7e5743610ac,10/09/2026 12:30:00,Participation Rate,LOW,CAD
407585b8-2351-4d13-b0bd-2ff8ae3ec458,10/09/2026 12:30:00,Unemployment Rate,HIGH,CAD
25bed085-7106-40a7-af6e-ffe204040362,10/09/2026 14:00:00,Michigan Consumer Expectations Index,MEDIUM,USD
43c05090-4826-452f-bcb9-232a1c32cf38,10/09/2026 14:00:00,Michigan Consumer Sentiment Index,HIGH,USD
9e6fdf07-7ef9-4265-9fb6-c369830059c8,10/09/2026 14:00:00,UoM 1-year Consumer Inflation Expectations,MEDIUM,USD
3aba6f1e-e841-4b9e-a867-73a42cc6fc96,10/09/2026 14:00:00,UoM 5-year Consumer Inflation Expectation,MEDIUM,USD
4e82f33b-f4c5-4da3-9d0e-d68e8086dc15,10/09/2026 16:00:00,USDA WASDE Report,LOW,USD
f20de3dd-9f91-4d7f-9be9-ef1682a200b0,10/09/2026 17:00:00,Baker Hughes US Oil Rig Count,LOW,USD
f73cb51a-c722-4ece-a1df-02136dee1528,10/09/2026 19:30:00,CFTC AUD NC Net Positions,LOW,AUD
8a3278af-8b07-4ba0-801a-4ab821f2e2b4,10/09/2026 19:30:00,CFTC EUR NC Net Positions,LOW,EUR
af409a84-54eb-425d-9787-dc70cd0e942b,10/09/2026 19:30:00,CFTC JPY NC Net Positions,LOW,JPY
c5ec23ed-d05e-4979-8965-e78ac5a79b36,10/09/2026 19:30:00,CFTC GBP NC Net Positions,LOW,GBP
b7f5af83-7cad-4bb9-b850-52fa3e78b305,10/09/2026 19:30:00,CFTC Gold NC Net Positions,LOW,USD
6be6fde5-a346-43f2-bd51-ca0f7534298e,10/09/2026 19:30:00,CFTC Oil NC Net Positions,LOW,USD
9914478c-8c91-48eb-8eea-c43b15c85815,10/09/2026 19:30:00,CFTC S&P 500 NC Net Positions,LOW,USD
18400d33-83a9-4c23-a97d-179f49bc5c52,10/11/2026 15:00:00,Health-Sports Day,NONE,JPY
ce051e86-1788-4e51-9419-216837ba992e,10/11/2026 22:00:00,Spanish National Day,NONE,EUR
a07e6ac5-50fb-4ed1-8f83-ae563f7a278f,10/12/2026 00:00:00,IMF Meeting,MEDIUM,USD
a70a3baf-f16f-4bb0-8e7a-a906ddb6d352,10/12/2026 05:00:00,Thanksgiving Day,NONE,CAD
0ac8900e-02b4-421c-a744-ad24866d4875,10/12/2026 05:00:00,Columbus Day,NONE,USD
1ceae08c-e53f-423a-bc24-555371b9c869,10/12/2026 16:50:00,Fed's Hammack speech,MEDIUM,USD
1d5a44a5-7b52-40b5-8d79-05f497c9dcf6,10/12/2026 23:01:00,BRC Like-For-Like Retail Sales (YoY),MEDIUM,GBP
8b196348-700c-432c-93d0-35a0aa15b48a,10/12/2026 23:30:00,Westpac Consumer Confidence,MEDIUM,AUD
9dd7f94a-3a5c-4439-b4b8-0f0623f7b251,10/12/2026 23:50:00,Bank Lending (YoY),LOW,JPY
ab465417-cb3e-4f68-b107-644a4b8a922a,10/12/2026 23:50:00,Producer Price Index (MoM),LOW,JPY
cc0aa5f9-ab54-4401-92fd-441f0700806e,10/12/2026 23:50:00,Producer Price Index (YoY),LOW,JPY
02ab7e59-f4b0-4d18-b43d-22f2fbe9d2f7,10/13/2026 00:00:00,IMF Meeting,MEDIUM,USD
d37d1358-f4cd-4c19-a24f-7b916e63eaff,10/13/2026 00:30:00,National Australia Bank's Business Conditions,LOW,AUD
a3b4cf64-4187-4cf4-9d61-6c57bacd9cfa,10/13/2026 00:30:00,National Australia Bank's Business Confidence,LOW,AUD
518da2d5-3093-4cb0-84e6-1979d2285d27,10/13/2026 00:30:00,RBA Meeting Minutes,HIGH,AUD
7b3cc937-e765-4547-af96-bf73b281d738,10/13/2026 06:00:00,Consumer Price Index (MoM),LOW,EUR
72649091-3592-4be6-a316-753972fe535b,10/13/2026 06:00:00,Consumer Price Index (YoY),LOW,EUR
7aee7eb6-0a06-4d22-9a94-0e4024053eed,10/13/2026 06:00:00,Harmonized Index of Consumer Prices (MoM),MEDIUM,EUR
3464375f-a0f0-45fa-bb3c-9d1c3e03000a,10/13/2026 06:00:00,Harmonized Index of Consumer Prices (YoY),HIGH,EUR
aa1a8640-0557-4aa5-be75-3f6c68b0e4af,10/13/2026 06:00:00,Machine Tool Orders (YoY),LOW,JPY
9ea35836-faa6-4bea-9e04-167b7b7c290a,10/13/2026 08:40:00,3-Month Letras Auction,LOW,EUR
90ffe5fa-9e96-438f-809a-66d4aa2ab90d,10/13/2026 08:40:00,9-Month Letras Auction,LOW,EUR
1044be72-fa33-4fec-b6a0-fb0593d57dcf,10/13/2026 09:30:00,5-y Note Auction,LOW,EUR
47d609df-f446-4a7e-900f-39bd2d297526,10/13/2026 10:00:00,M2 Money Supply (YoY),LOW,CNY
0240757c-eaca-4434-906e-b7f608a18459,10/13/2026 10:00:00,New Loans,LOW,CNY
2511ac33-c08a-471e-aa3b-8c04796164df,10/13/2026 10:00:00,NFIB Business Optimism Index,LOW,USD
296f4279-48db-4941-9b30-8505a637ed61,10/13/2026 12:15:00,ADP Employment Change 4-week average,MEDIUM,USD
ece274e7-a30d-4e4c-96d9-ed0842dfb1bf,10/13/2026 12:30:00,Current Account n.s.a.,LOW,EUR
f2a530b3-a35b-4fea-a9f1-dcf224a4a7d9,10/13/2026 12:55:00,Redbook Index (YoY),LOW,USD
70bb1cda-41c9-4622-927e-e87115dc61a9,10/13/2026 14:00:00,Existing Home Sales (MoM),LOW,USD
d26dcd6d-e4cf-4e86-b6ba-354dd99c8b26,10/13/2026 14:00:00,Existing Home Sales Change (MoM),MEDIUM,USD
0d25e56f-12ca-430f-997c-cfd240e5631f,10/13/2026 15:30:00,3-Month Bill Auction,LOW,USD
15864a26-d75b-40d4-8751-b448012f6db8,10/13/2026 15:30:00,6-Month Bill Auction,LOW,USD
8292c36b-4806-4a20-9e73-0dc891fa5e5e,10/13/2026 18:00:00,Monthly Budget Statement,MEDIUM,USD
9281da62-064a-48df-9a32-918c47d15843,10/13/2026 23:50:00,Money Supply M2+CD (YoY),LOW,JPY
74e44f7f-7c8f-4073-8bc6-edcfcfeb22c2,10/14/2026 00:00:00,IMF Meeting,MEDIUM,USD
aa331164-992d-4e99-8c1a-63dd522bc5f1,10/14/2026 01:30:00,Consumer Price Index (MoM),MEDIUM,CNY
9c9530d4-77e3-4bc0-abe0-e5aae4b8767a,10/14/2026 01:30:00,Consumer Price Index (YoY),HIGH,CNY
681a1f51-fc91-4a43-b5c2-9624673f74da,10/14/2026 01:30:00,Producer Price Index (YoY),MEDIUM,CNY
664725d8-a4d0-409a-a672-54cf784ada1e,10/14/2026 03:00:00,Exports (YoY),MEDIUM,CNY
9203417b-50a6-4e56-934e-21194006b0a8,10/14/2026 03:00:00,Exports (YoY) CNY,MEDIUM,CNY
38703363-3a3c-4550-a4c9-fead6340b376,10/14/2026 03:00:00,Imports (YoY),MEDIUM,CNY
bea0353f-c926-4a67-b451-030fbfbf545b,10/14/2026 03:00:00,Imports (YoY) CNY,MEDIUM,CNY
fc99e49e-aa01-49f1-a981-5121022ad963,10/14/2026 03:00:00,Trade Balance CNY,MEDIUM,CNY
c4e4817f-90f2-4e27-9974-910f3bc89951,10/14/2026 03:00:00,Trade Balance USD,MEDIUM,CNY
7bd74517-4e98-460b-a381-233e01a5e198,10/14/2026 06:00:00,Wholesale Price Index (MoM),LOW,EUR
65157e98-c046-4309-9850-ff102745d881,10/14/2026 06:00:00,Wholesale Price Index (YoY),LOW,EUR
bb3c2b75-c1b6-4134-99b9-3050dce06174,10/14/2026 07:00:00,Consumer Price Index (MoM),LOW,EUR
d928b02d-56e0-4b8a-ae0b-68abd3d5446e,10/14/2026 07:00:00,Consumer Price Index (YoY),LOW,EUR
345cf97a-bfe5-439a-b92b-f665a2758308,10/14/2026 07:00:00,Harmonized Index of Consumer Prices (MoM),LOW,EUR
987b9715-35b7-4390-ba94-3bff072942fb,10/14/2026 07:00:00,Harmonized Index of Consumer Prices (YoY),MEDIUM,EUR
815fa896-7774-486e-8275-b104dde63711,10/14/2026 09:30:00,30-y Bond Auction,LOW,EUR
964100b8-f7ac-4e13-9b15-29ad7873f4d8,10/14/2026 11:00:00,NIESR GDP Estimate (3M),LOW,GBP
73a47a59-1614-4614-92b2-2b3e0ad94e42,10/14/2026 11:00:00,MBA Mortgage Applications,LOW,USD
b9267ff4-62be-4507-b351-87608f633cb8,10/14/2026 12:30:00,Building Permits (MoM),LOW,CAD
cbe30686-e724-42b1-b883-36bd8925fe5a,10/14/2026 12:30:00,Consumer Price Index (MoM),HIGH,USD
1e25f809-a3a8-4256-a9f1-de86b4f61f4a,10/14/2026 12:30:00,Consumer Price Index (YoY),HIGH,USD
304b4d0b-73ba-49d5-b2be-76d7c75f7bd4,10/14/2026 12:30:00,Consumer Price Index Core s.a,LOW,USD
cfaffea7-7471-4647-926d-581b3eecb400,10/14/2026 12:30:00,Consumer Price Index ex Food & Energy (MoM),HIGH,USD
e3111bf6-764b-4b93-9319-9fe860d7bf34,10/14/2026 12:30:00,Consumer Price Index ex Food & Energy (YoY),HIGH,USD
34b98fc0-3d41-4392-a238-1cf098d02347,10/14/2026 12:30:00,Consumer Price Index n.s.a (MoM),LOW,USD
81fd484e-0151-4d62-a4fd-7e234d8f330a,10/14/2026 18:00:00,Fed's Beige Book,MEDIUM,USD
2d915a99-15fa-4291-a644-16797294a77d,10/14/2026 20:30:00,API Weekly Crude Oil Stock,LOW,USD
f18f812c-c44e-4523-9f87-302840631110,10/14/2026 21:45:00,Visitor Arrivals (YoY),LOW,NZD
b84c4ae3-02c2-4b1a-8a4c-057641f8131a,10/14/2026 23:50:00,Machinery Orders (MoM),LOW,JPY
f59df0e3-13f9-4ccb-b556-448dd60162b0,10/14/2026 23:50:00,Machinery Orders (YoY),LOW,JPY
27e551fd-01ed-489d-ab21-99862042ecc6,10/15/2026 00:00:00,Consumer Inflation Expectations,MEDIUM,AUD
b724b18d-2303-49f0-9c5b-314211a7cb9c,10/15/2026 00:00:00,IMF Meeting,MEDIUM,USD
24deb0b5-7859-487b-a8bf-c9ba578c5d4a,10/15/2026 00:30:00,Employment Change s.a.,HIGH,AUD
237b17a4-c342-4d88-8023-5171f2f2d884,10/15/2026 00:30:00,Full-Time Employment,MEDIUM,AUD
bf8c59f6-937e-49fc-9e61-4216a13e335d,10/15/2026 00:30:00,National Australia Bank's Business Confidence (QoQ),MEDIUM,AUD
317c2298-8304-4757-a64b-8943bac1b672,10/15/2026 00:30:00,Part-Time Employment,MEDIUM,AUD
9ab7df07-5e54-49f3-8cbc-e0a4cde6ec15,10/15/2026 00:30:00,Participation Rate,MEDIUM,AUD
53c49d70-06aa-48b2-9023-4299940afe21,10/15/2026 00:30:00,Unemployment Rate s.a.,HIGH,AUD
865726b4-9081-4661-a2eb-905008d7e620,10/15/2026 01:30:00,"House Price Index ",LOW,CNY
6da72dfc-68fe-45ee-9af1-26dd27791c9c,10/15/2026 01:30:00,BoJ's Koeda speech,MEDIUM,JPY
b73669a9-3a47-4a6d-ba8b-876893921813,10/15/2026 06:00:00,Goods Trade Balance,LOW,GBP
b8fb7531-361f-4303-9303-5388d9ee19e0,10/15/2026 06:00:00,Gross Domestic Product (MoM),MEDIUM,GBP
5e17fd82-068b-4494-b79a-99106f9b77b0,10/15/2026 06:00:00,Index of Services (3M/3M),LOW,GBP
e3b3752e-7319-4b6f-8c31-f16b5fe2cf89,10/15/2026 06:00:00,Industrial Production (MoM),MEDIUM,GBP
c062bf39-1155-498d-a2e7-9b6e75b81f91,10/15/2026 06:00:00,Industrial Production (YoY),LOW,GBP
2c66dae7-71f3-46d0-b2b5-7e0e54ae7383,10/15/2026 06:00:00,Manufacturing Production (MoM),MEDIUM,GBP
19dcc683-aba4-4265-9c43-91c3e6b87e97,10/15/2026 06:00:00,Manufacturing Production (YoY),LOW,GBP
28757285-93c1-482f-90fd-355ceaf8054f,10/15/2026 06:00:00,Total Trade Balance,LOW,GBP
308a9d95-05e9-4a9f-9261-f548da4ecb95,10/15/2026 06:00:00,Trade Balance; non-EU,LOW,GBP
74c7e316-1542-4fbf-b954-7493f59a99b9,10/15/2026 06:30:00,Producer and Import Prices (MoM),LOW,CHF
b41c989a-0d51-449a-bec5-6621ca6ee584,10/15/2026 06:30:00,Producer and Import Prices (YoY),LOW,CHF
11e803e5-59c5-4296-a106-60a9c0f9f24a,10/15/2026 06:45:00,Consumer Price Index (EU norm) (MoM),LOW,EUR
d6cf5ba5-4c7c-4af6-8408-fb90b6638422,10/15/2026 06:45:00,Consumer Price Index (EU norm) (YoY),MEDIUM,EUR
e0f069c7-900d-4868-8343-b5d7241f7010,10/15/2026 06:45:00,Inflation ex-tobacco (MoM),LOW,EUR
f1c8028c-0d3b-4f2f-b80d-83c09b632e69,10/15/2026 08:40:00,10-y Obligaciones Auction,LOW,EUR
fb152150-b3ea-405d-bfda-f52021d7fb70,10/15/2026 08:40:00,3-y Bond Auction,LOW,EUR
0154f25c-e8e4-40c6-a2a5-bedd34cd3445,10/15/2026 08:40:00,5-y Bond Auction,LOW,EUR
8d8e18b4-30a0-4dad-985e-b2275332ecbc,10/15/2026 09:00:00,Industrial Production s.a. (MoM),MEDIUM,EUR
4e43faef-6c26-4997-971b-7f930f905bcf,10/15/2026 09:00:00,Industrial Production w.d.a. (YoY),LOW,EUR
e5c15ac5-3df5-4c8a-ace2-26c31846d23e,10/15/2026 12:30:00,Manufacturing Sales (MoM),LOW,CAD
9a769215-27a6-445e-aee1-0b1f5e746b70,10/15/2026 12:30:00,Wholesale Sales (MoM),LOW,CAD
5ad23a01-47f5-4f05-be2d-db6209a5f31c,10/15/2026 12:30:00,Continuing Jobless Claims,LOW,USD
435eda76-2a80-4b67-b056-c2bbac99285d,10/15/2026 12:30:00,Initial Jobless Claims,MEDIUM,USD
2ddaa993-714c-401d-b8ea-e091911470f8,10/15/2026 12:30:00,Initial Jobless Claims 4-week average,LOW,USD
98e45dbd-d01c-4808-8474-3207e659a5db,10/15/2026 12:30:00,Philadelphia Fed Manufacturing Survey,MEDIUM,USD
2d0bbcd3-6092-48de-86d7-023f244e4ca0,10/15/2026 12:30:00,Producer Price Index (MoM),MEDIUM,USD
7498f22c-411d-41af-97d7-87a8382bbf09,10/15/2026 12:30:00,Producer Price Index (YoY),MEDIUM,USD
ab3fea1a-0630-4e3a-9659-96f66d1e30d4,10/15/2026 12:30:00,Producer Price Index ex Food & Energy (MoM),MEDIUM,USD
bddcb0ff-7ede-4f39-b61b-5ccbb8ac4fa9,10/15/2026 12:30:00,Producer Price Index ex Food & Energy (YoY),HIGH,USD
9453b39f-605b-4293-b963-452070d91eb0,10/15/2026 12:30:00,Retail Sales (MoM),HIGH,USD
95561f2f-2e55-4024-84ec-1205855137d4,10/15/2026 12:30:00,Retail Sales (YoY),LOW,USD
1113728e-7e61-44c9-acd2-393d3ac0f9cc,10/15/2026 12:30:00,Retail Sales Control Group,HIGH,USD
8baac253-a360-4a8d-8217-fcdeec454348,10/15/2026 12:30:00,Retail Sales ex Autos (MoM),MEDIUM,USD
1698428e-8f29-41e4-ac5a-d78cf5602211,10/15/2026 14:00:00,Business Inventories,LOW,USD
39e21979-d006-4f79-b687-8e47211d5857,10/15/2026 14:30:00,EIA Natural Gas Storage Change,LOW,USD
19b97168-a079-4a4c-b8d7-32b741e2b1a3,10/15/2026 15:30:00,4-Week Bill Auction,LOW,USD
e5e2c65e-a4cb-4b9b-8b85-127ba986f584,10/15/2026 16:00:00,EIA Crude Oil Stocks Change,LOW,USD
b05fbba4-4537-4cca-9b3b-1efdc576e06a,10/15/2026 16:00:00,EIA Distillate Stocks Change,LOW,USD
e844eb06-2739-4ae4-a1cc-04b19bbff976,10/15/2026 16:00:00,EIA Gasoline Stocks Change,LOW,USD
6eaf5af8-3a8b-43ef-824d-be76819d9b8f,10/15/2026 16:00:00,EIA Heating Oil Stocks Change,LOW,USD
732483ed-a026-4962-937a-532dab0f54ad,10/15/2026 17:15:00,RBNZ's Breman speech,HIGH,NZD
8ea6dd49-b95d-4d68-ad06-db62abea6c3a,10/15/2026 20:30:00,Fed's Hammack speech,MEDIUM,USD
07200f28-76bf-432b-88df-392620290b9f,10/15/2026 21:30:00,Business NZ PMI,MEDIUM,NZD
25e919b1-4231-4df6-88ac-dec0fa882d88,10/15/2026 21:45:00,Electronic Card Retail Sales  (MoM),LOW,NZD
18e91523-adf0-48d3-9627-35b84893f199,10/15/2026 21:45:00,Electronic Card Retail Sales (YoY),LOW,NZD
d87674ee-3c49-46a5-b59f-7f7537ced154,10/15/2026 21:45:00,Food Price Index (MoM),LOW,NZD
23e6dc08-e7e1-4b32-9216-7f2231f1ded0,10/15/2026 23:50:00,Foreign Bond Investment,LOW,JPY
0bc635ae-ac3d-46fe-80d2-e6ddbeaee073,10/15/2026 23:50:00,Foreign Investment in Japan Stocks,LOW,JPY
e66bf6f6-db63-4051-91fc-9eebc0f2972e,10/16/2026 00:00:00,IMF Meeting,MEDIUM,USD
76d5b84f-8a82-4e59-9889-78702fe99d5c,10/16/2026 02:00:00,Fixed Asset Investment (YTD) (YoY),LOW,CNY
a884bf0f-756e-47e6-9132-d5e9c964cad2,10/16/2026 02:00:00,Gross Domestic Product (QoQ),HIGH,CNY
07cc3d1b-5831-497c-8dc4-9dece55dcd1f,10/16/2026 02:00:00,Gross Domestic Product (YoY),HIGH,CNY
97342a5f-312c-459e-8b5a-b9d25ca6f0e4,10/16/2026 02:00:00,Industrial Production (YoY),HIGH,CNY
29828179-e070-43ee-b7cb-14bdb805bf65,10/16/2026 02:00:00,Retail Sales (YoY),HIGH,CNY
e6acf525-451b-4855-b680-fe9012e21848,10/16/2026 04:30:00,Capacity Utilization,LOW,JPY
6b3070af-f638-4aa4-87f4-72455f547823,10/16/2026 04:30:00,Industrial Production (MoM),LOW,JPY
c067962f-6f71-448f-9188-f61f006c0c37,10/16/2026 04:30:00,Industrial Production (YoY),LOW,JPY
22dfa5da-5ebe-4d3d-8b52-c46eabdbaf89,10/16/2026 08:00:00,Global Trade Balance,LOW,EUR
cc3b951b-7798-4c26-af22-13e81dfd230a,10/16/2026 08:00:00,Trade Balance EU,LOW,EUR
f1f9a2de-bc5a-44d5-b34c-3ecbf391b11d,10/16/2026 09:00:00,Core Harmonized Index of Consumer Prices (MoM),MEDIUM,EUR
81d87d8d-dcd1-4dc9-84fe-943829c6c25e,10/16/2026 09:00:00,Core Harmonized Index of Consumer Prices (YoY),MEDIUM,EUR
aa1463fc-c6ea-45cb-98dd-b052bb5d274a,10/16/2026 09:00:00,Harmonized Index of Consumer Prices (MoM),MEDIUM,EUR
d5891534-4292-4cda-a4e5-3dfed8b4ef35,10/16/2026 09:00:00,Harmonized Index of Consumer Prices (YoY),LOW,EUR
72a466e3-feea-45a0-9bf6-9be86d4305e2,10/16/2026 09:00:00,Trade Balance n.s.a.,LOW,EUR
00e21f83-7cff-444c-aa57-c68d3592c09d,10/16/2026 09:00:00,Trade Balance s.a.,LOW,EUR
06fd2749-3087-492e-bb4c-09c94b329315,10/16/2026 09:00:00,Consumer Price Index (EU Norm) (MoM),LOW,EUR
e214f95c-4253-44ca-9b7e-eb61582caeb7,10/16/2026 09:00:00,Consumer Price Index (EU Norm) (YoY),MEDIUM,EUR
1f6c2480-eff3-44a2-a75d-6319351693b8,10/16/2026 09:00:00,Consumer Price Index (MoM),LOW,EUR
534e3a65-df13-4e7c-a4af-8e71b1d62ddd,10/16/2026 09:00:00,Consumer Price Index (YoY),MEDIUM,EUR
6b8b796d-75e9-4f1b-a9fa-033ffa44aefb,10/16/2026 12:15:00,Housing Starts s.a (YoY),LOW,CAD
f6f8cf22-fd8f-4675-a8f4-e54f77ce387a,10/16/2026 12:30:00,Canadian Portfolio Investment in Foreign Securities,LOW,CAD
4af05aeb-bd90-46da-a6e8-94b957cc3663,10/16/2026 12:30:00,Foreign Portfolio Investment in Canadian Securities,LOW,CAD
949ef7ae-e98a-42ff-9876-fc25dfa435f0,10/16/2026 12:30:00,Export Price Index (MoM),LOW,USD
1f2ffb7f-7d87-4f71-be90-73e3d4490c7b,10/16/2026 12:30:00,Export Price Index (YoY),LOW,USD
89e82b74-ea53-4c35-8604-aa30a4acf3d6,10/16/2026 12:30:00,Import Price Index (MoM),LOW,USD
3f166b9b-caba-46f9-98bf-9d0053086b88,10/16/2026 12:30:00,Import Price Index (YoY),LOW,USD
8a2e7507-3680-40f6-a50e-5958b94ee8ff,10/16/2026 12:30:00,NY Empire State Manufacturing Index,MEDIUM,USD
c91ceeeb-682a-46ff-959d-9a69e0850068,10/16/2026 13:15:00,Capacity Utilization,LOW,USD
9f26e494-782b-4668-b0c6-b278b3d0a020,10/16/2026 13:15:00,Industrial Production (MoM),MEDIUM,USD
0456252c-6b68-4ca0-a14e-a0b916ee0645,10/16/2026 17:00:00,Baker Hughes US Oil Rig Count,LOW,USD
13647b30-5de1-4af7-823a-77ce77d2419c,10/16/2026 19:30:00,CFTC AUD NC Net Positions,LOW,AUD
3a2bfd97-f6c2-4f85-8a87-eb4f31738131,10/16/2026 19:30:00,CFTC EUR NC Net Positions,LOW,EUR
a57876e7-2c83-494c-8ab0-e5df910fcb00,10/16/2026 19:30:00,CFTC JPY NC Net Positions,LOW,JPY
4c04de07-7a04-4b4a-91a1-142660006374,10/16/2026 19:30:00,CFTC GBP NC Net Positions,LOW,GBP
0a41c129-5ba3-4b6f-be56-3cde5e6312df,10/16/2026 19:30:00,CFTC Gold NC Net Positions,LOW,USD
84f3e5f8-4ad6-4c1a-a661-ea75410c31c3,10/16/2026 19:30:00,CFTC Oil NC Net Positions,LOW,USD
ec933303-971d-45a1-8ba9-92bdd5ece81b,10/16/2026 19:30:00,CFTC S&P 500 NC Net Positions,LOW,USD
07cff94f-7b4a-44ab-a65e-b98c6edc904d,10/16/2026 20:00:00,Net Long-Term TIC Flows,LOW,USD
8b9dd364-8bf0-4482-a74d-a95eb0e53882,10/16/2026 20:00:00,Total Net TIC Flows,LOW,USD
a2caf4ac-c154-4084-98ba-42c3762a62f0,10/17/2026 00:00:00,IMF Meeting,MEDIUM,USD
c2b53cd8-632c-406f-be98-b9a8c1259436,10/18/2026 00:00:00,IMF Meeting,MEDIUM,USD
a1d8a36e-6fa7-49dd-91b9-65588219c47d,10/18/2026 16:00:00,"Chung Yeung Festival ",NONE,CNY
701c636f-31d6-4d85-af26-df23b1cadcb5,10/18/2026 21:30:00,Business NZ PSI,MEDIUM,NZD
ba61560b-399e-4811-b49a-284a28641606,10/18/2026 21:45:00,Exports,MEDIUM,NZD
960ad5f5-065d-40d3-b98b-aac6833883d1,10/18/2026 21:45:00,Imports,MEDIUM,NZD
e5d4f0ab-478b-4daf-8a49-6253ce22de62,10/18/2026 21:45:00,Trade Balance NZD (MoM),LOW,NZD
7a9d0231-c377-4c10-8ea2-8b763eaaa4c3,10/18/2026 21:45:00,Trade Balance NZD (YoY),MEDIUM,NZD
03a3da7a-4ab8-4881-a3ac-fbaa6c926eca,10/18/2026 23:01:00,Rightmove House Price Index (MoM),LOW,GBP
5e53bb90-abfa-4e50-bc52-890a43833cdc,10/18/2026 23:01:00,Rightmove House Price Index (YoY),LOW,GBP
2a55ba86-1e73-4912-9537-980f3209c4e9,10/19/2026 04:30:00,Tertiary Industry Index (MoM),LOW,JPY
1e9dfdc0-3ee3-43f1-82b7-51b3c7dd643f,10/19/2026 09:00:00,FDI - Foreign Direct Investment (YTD) (YoY),LOW,CNY
88a888bb-6440-42ad-ac6f-72aeb6b8500e,10/19/2026 10:00:00,German Buba Monthly Report,MEDIUM,EUR
0bcef3c0-08bc-45fd-9e3b-dea851b2593f,10/19/2026 12:30:00,BoC Consumer Price Index Core (MoM),MEDIUM,CAD
5c23a309-494b-46fe-bdd8-ddbde0e05ca3,10/19/2026 12:30:00,BoC Consumer Price Index Core (YoY),HIGH,CAD
d33e41dd-91cb-4555-9934-6446bea25438,10/19/2026 12:30:00,Consumer Price Index - Core (MoM),LOW,CAD
1c13d46d-f8ef-4c5e-9c39-ab6bf9a15c73,10/19/2026 12:30:00,Consumer Price Index (MoM),MEDIUM,CAD
47a521e9-988a-4932-9cf4-0658ef86a122,10/19/2026 12:30:00,Consumer Price Index (YoY),HIGH,CAD
9ad5695f-a60e-4745-88bf-939023b332b0,10/19/2026 14:00:00,NAHB Housing Market Index,LOW,USD
4a9d7ee1-6761-485a-8372-d20a7d73cace,10/19/2026 14:30:00,Bank of Canada Business Outlook Survey,MEDIUM,CAD
2f4ec87c-02bc-43f3-b59b-09914f04af7b,10/19/2026 15:30:00,3-Month Bill Auction,LOW,USD
42d17e91-5bd2-47a9-af83-47cf0f372ca0,10/19/2026 15:30:00,6-Month Bill Auction,LOW,USD
b9ed8146-9766-4b6c-a8fd-9f2ad7cf0ce2,10/20/2026 06:00:00,Exports (MoM),LOW,CHF
a29ee280-91b6-4771-8012-07d006d2ad9d,10/20/2026 06:00:00,Imports (MoM),LOW,CHF
84f9b0aa-b7b6-49f8-9e4f-59526840d972,10/20/2026 06:00:00,Trade Balance,LOW,CHF
060f43de-ad06-4210-9c63-dd80744de87a,10/20/2026 06:00:00,Producer Price Index (MoM),MEDIUM,EUR
51111593-79ef-4962-872b-bf308ff59d2b,10/20/2026 06:00:00,Producer Price Index (YoY),MEDIUM,EUR
cbf57517-1655-4bda-b85f-db6b0833e2cb,10/20/2026 06:00:00,Average Earnings Excluding Bonus (3Mo/Yr),MEDIUM,GBP
983217b1-2999-4794-8460-993f5903d30c,10/20/2026 06:00:00,Average Earnings Including Bonus (3Mo/Yr),MEDIUM,GBP
5ccf44c5-efff-4308-afcb-a4c5fabc10a2,10/20/2026 06:00:00,Claimant Count Change,HIGH,GBP
1eeb3b04-6a3f-40be-9102-7b70cccd390c,10/20/2026 06:00:00,Claimant Count Rate,MEDIUM,GBP
5eec6003-85fa-431f-91e9-e5aca96fa611,10/20/2026 06:00:00,Employment Change (3M),HIGH,GBP
054d9476-966a-4cd1-8578-0871cd59baec,10/20/2026 06:00:00,ILO Unemployment Rate (3M),HIGH,GBP
4476865d-a0af-4578-a103-b1d5be6cd949,10/20/2026 08:00:00,Current Account n.s.a,LOW,EUR
a916fb73-87d2-4e75-a816-607a90a4ed33,10/20/2026 08:00:00,Current Account s.a,LOW,EUR
eace7dfe-5c70-44ef-8e0b-85cf7a516185,10/20/2026 09:00:00,ZEW Survey – Current Situation,MEDIUM,EUR
bb41a99b-c00a-4385-91c7-fc273097caa8,10/20/2026 09:00:00,ZEW Survey – Economic Sentiment,MEDIUM,EUR
35dad185-c71a-4a6f-b004-850587ed2a06,10/20/2026 09:00:00,Construction Output  s.a (MoM),LOW,EUR
1e2b014b-92bb-4887-8759-139107782d07,10/20/2026 09:00:00,Construction Output w.d.a (YoY),LOW,EUR
59c1ccd7-753a-452e-8002-3312e429e693,10/20/2026 09:00:00,ZEW Survey – Economic Sentiment,MEDIUM,EUR
770e9c28-0a7f-485e-b31b-ddacbe262639,10/20/2026 12:15:00,ADP Employment Change 4-week average,MEDIUM,USD
4a1649f8-52cb-4136-9d62-fe6dd7d2b539,10/20/2026 12:30:00,Building Permits (MoM),MEDIUM,USD
75fe45d3-0c1d-4e6d-b284-ac2506246f5b,10/20/2026 12:30:00,Building Permits Change,LOW,USD
f9a0c5b3-62e6-48c3-a788-c1a579aa6c62,10/20/2026 12:30:00,Housing Starts (MoM),MEDIUM,USD
e0d72288-19aa-42cc-9d8a-4bfaa051745b,10/20/2026 12:30:00,Housing Starts Change,LOW,USD
e6aec4f5-d117-40e6-80cd-52fb069b34c9,10/20/2026 12:55:00,Redbook Index (YoY),LOW,USD
803d57c4-4125-4d9f-8297-6ed6d04b1af8,10/20/2026 15:00:00,GDT Price Index,LOW,NZD
f271341c-9693-428a-81cd-cb8e1bf3c373,10/20/2026 20:30:00,API Weekly Crude Oil Stock,LOW,USD
78c2fde4-2215-44b8-ada3-36b90485881c,10/20/2026 23:50:00,Adjusted Merchandise Trade Balance,MEDIUM,JPY
e5fa4dda-456b-4d35-8051-b9d960bc118c,10/20/2026 23:50:00,Exports (YoY),MEDIUM,JPY
5e2a3937-5ea0-47e5-972a-239a2ff33daf,10/20/2026 23:50:00,Imports (YoY),MEDIUM,JPY
3bb1cb75-6dd2-4bea-9ec8-c5d3ddd97676,10/20/2026 23:50:00,Merchandise Trade Balance Total,MEDIUM,JPY
93cd533c-0291-4d19-be9f-337cd9425c84,10/21/2026 00:00:00,Westpac Leading Index (MoM),LOW,AUD
12db7941-a021-4503-a46d-5491e5968220,10/21/2026 01:15:00,PBoC Interest Rate Decision,MEDIUM,CNY
548d098a-b5a5-42dd-b916-446e1f636e92,10/21/2026 06:00:00,Consumer Price Index (MoM),HIGH,GBP
1d330f51-3349-4feb-8dd9-0567b74c7e46,10/21/2026 06:00:00,Consumer Price Index (YoY),HIGH,GBP
e4fb558f-0675-4631-adc4-066bf13fba21,10/21/2026 06:00:00,Core Consumer Price Index (YoY),HIGH,GBP
f2945e08-ce20-49bb-aeca-7bb6d28bca25,10/21/2026 06:00:00,PPI Core Output (MoM) n.s.a,MEDIUM,GBP
e3a43908-cde7-421a-9216-6c8388d71725,10/21/2026 06:00:00,"PPI Core Output (YoY) n.s.a ",MEDIUM,GBP
3a041cfa-931b-409d-97d9-d75961337e6a,10/21/2026 06:00:00,Producer Price Index - Input (MoM) n.s.a,LOW,GBP
f7e2cca7-c8b6-490a-aead-34e5100fa02d,10/21/2026 06:00:00,Producer Price Index - Input (YoY) n.s.a,LOW,GBP
b07d980c-bb3f-4910-9633-60e7ec30c0de,10/21/2026 06:00:00,Producer Price Index - Output (MoM) n.s.a,MEDIUM,GBP
6adde0f3-133a-4789-bfb9-479fbe93ff8d,10/21/2026 06:00:00,Producer Price Index - Output (YoY) n.s.a,LOW,GBP
fd67442c-cf5b-4fd5-a990-a731732b2e18,10/21/2026 06:00:00,Public Sector Net Borrowing,LOW,GBP
29a18024-8473-4ff8-a3e4-59c51a67224d,10/21/2026 06:00:00,Retail Price Index (MoM),MEDIUM,GBP
bf0d51a4-4c0b-4a24-af74-d55d44b20ced,10/21/2026 06:00:00,Retail Price Index (YoY),MEDIUM,GBP
db041505-fc75-45e5-a6a4-ef5a8be25c02,10/21/2026 08:30:00,DCLG House Price Index (YoY),LOW,GBP
782485cf-22b8-466a-9eda-868d52a6fee5,10/21/2026 11:00:00,MBA Mortgage Applications,LOW,USD
4fed02f5-bac3-4552-9a1e-40438e609d02,10/21/2026 14:30:00,EIA Crude Oil Stocks Change,LOW,USD
f48c3675-4daa-4107-bc7e-9ef5c29f6131,10/21/2026 14:30:00,EIA Distillate Stocks Change,LOW,USD
76a91eee-03ad-4c94-a66a-6b3ffed6d5fc,10/21/2026 14:30:00,EIA Gasoline Stocks Change,LOW,USD
f2146d01-1a52-4e0e-afea-9bd453d8981a,10/21/2026 14:30:00,EIA Heating Oil Stocks Change,LOW,USD
2d8d6fd0-ae06-4fe0-98bb-8ae50e478daf,10/21/2026 17:00:00,20-Year Bond Auction,LOW,USD
51f28c3f-b1ae-45d0-9ff6-c59cd6d72f2a,10/21/2026 21:45:00,Consumer Price Index (QoQ),HIGH,NZD
ee859bd9-516c-4db6-afa0-5088e83afda5,10/21/2026 21:45:00,Consumer Price Index (YoY),HIGH,NZD
e17fbb9d-1e1a-469c-874e-0acc910587a8,10/21/2026 22:00:00,S&P Global Composite PMI,MEDIUM,AUD
e8be5812-a8bc-4f9e-9649-b82daff077c8,10/21/2026 22:00:00,S&P Global Manufacturing PMI,MEDIUM,AUD
2696dcc9-ec0c-4800-baf9-7aed05a3e1dc,10/21/2026 22:00:00,S&P Global Services PMI,MEDIUM,AUD
71e3c71c-cb52-456f-a31a-04a556d3ba5a,10/21/2026 23:50:00,Foreign Bond Investment,LOW,JPY
41fb1b06-0840-4c34-95d4-5b2732576652,10/21/2026 23:50:00,Foreign Investment in Japan Stocks,LOW,JPY
333e0bd4-2d66-43ab-8c72-696125fbe401,10/22/2026 02:00:00,Credit Card Spending (YoY),LOW,NZD
02f8a701-2f65-4850-8657-4f2314556d3a,10/22/2026 12:30:00,Employment Insurance Beneficiaries Change (MoM),LOW,CAD
69f0509c-039f-4652-928c-288698aaba17,10/22/2026 12:30:00,Industrial Product Price (MoM),LOW,CAD
16a180e8-945e-4dca-a414-c288af4a10d4,10/22/2026 12:30:00,New Housing Price Index (MoM),LOW,CAD
e5549957-0b1c-4971-ab78-a18be321b2f7,10/22/2026 12:30:00,New Housing Price Index (YoY),LOW,CAD
f8112d61-f21a-4fe2-b090-f45fd5eef52b,10/22/2026 12:30:00,Raw Material Price Index,LOW,CAD
f9a81603-976b-45f5-af2f-770872d5888f,10/22/2026 12:30:00,Retail Sales (MoM),MEDIUM,CAD
1705a4f3-a14b-4c72-ab11-e69900af4e7b,10/22/2026 12:30:00,Retail Sales ex Autos (MoM),MEDIUM,CAD
17d99074-3c9e-45ef-aafd-a5deabb8e7ec,10/22/2026 12:30:00,Continuing Jobless Claims,LOW,USD
12fc3d95-f321-4007-84d2-68a90b452a37,10/22/2026 12:30:00,Initial Jobless Claims,MEDIUM,USD
f729e02c-567d-4318-b227-9b9a8c9cf8a8,10/22/2026 12:30:00,Initial Jobless Claims 4-week average,LOW,USD
db573556-8101-432b-a766-42703be2b254,10/22/2026 14:00:00,Consumer Confidence,MEDIUM,EUR
429976d3-2a02-4580-b407-2c669cc85153,10/22/2026 14:00:00,Pending Home Sales (MoM),MEDIUM,USD
c2667ece-277e-4f43-bc5a-b6291297e6aa,10/22/2026 14:00:00,Pending Home Sales (YoY),LOW,USD
a3725413-bdad-4cac-9f25-2714032f2fd8,10/22/2026 14:30:00,EIA Natural Gas Storage Change,LOW,USD
ebf9d19e-6522-4aaf-81ec-f394f9f0f77e,10/22/2026 15:30:00,4-Week Bill Auction,LOW,USD
9a9f6ef8-98aa-40e5-9531-34be56818826,10/22/2026 17:00:00,5-year TIPS Auction,LOW,USD
b8907aa7-59b3-4e76-8072-c7a1efc9121b,10/22/2026 23:01:00,GfK Consumer Confidence,MEDIUM,GBP
e28e825d-8db8-4729-a523-e7d1531ec3c0,10/22/2026 23:30:00,National Consumer Price Index (YoY),MEDIUM,JPY
26292b13-51ab-49ed-9458-e515157f59ef,10/22/2026 23:30:00,"National CPI ex Food, Energy (YoY)",MEDIUM,JPY
996ef37f-769f-4c58-b6f9-5bc356267d2a,10/22/2026 23:30:00,National CPI ex Fresh Food (YoY),MEDIUM,JPY
0024a2a1-2949-4288-85f3-6e6fb79bb153,10/23/2026 00:30:00,Jibun Bank Manufacturing PMI,LOW,JPY
fd44d635-b4fe-46a7-a476-7cea816a9986,10/23/2026 00:30:00,Jibun Bank Services PMI,LOW,JPY
20649167-422a-4f73-be26-e8fa16e19360,10/23/2026 06:00:00,Retail Sales (MoM),HIGH,GBP
c628aac7-fd61-45a8-b6fa-979075b65bae,10/23/2026 06:00:00,Retail Sales (YoY),MEDIUM,GBP
7b27b5fd-8981-45c5-bfe7-6ae2543fea70,10/23/2026 06:00:00,Retail Sales ex-Fuel (MoM),MEDIUM,GBP
929ed0fc-fba5-428b-9b2a-6fa145a16bcd,10/23/2026 06:00:00,Retail Sales ex-Fuel (YoY),MEDIUM,GBP
c6a9db6e-eaad-4749-8978-1c86e91fd477,10/23/2026 06:45:00,Business Climate in Manufacturing,LOW,EUR
838de3b4-4b3d-4a97-b238-300ba81e5ccf,10/23/2026 06:45:00,Consumer Confidence,LOW,EUR
36d8245c-cca7-40cb-8555-9c445246a321,10/23/2026 07:15:00,HCOB Composite PMI,MEDIUM,EUR
afb8618b-0d2e-4a39-840a-8c2089eaecda,10/23/2026 07:15:00,HCOB Manufacturing PMI,MEDIUM,EUR
172e0129-3a8c-4c55-b221-53b3268d4e36,10/23/2026 07:15:00,HCOB Services PMI,MEDIUM,EUR
2b9c2313-2397-4d68-b9ab-69e3e91f0144,10/23/2026 07:30:00,HCOB Composite PMI,HIGH,EUR
017ccfcc-d563-44b3-8b76-bb0c2e7215b4,10/23/2026 07:30:00,HCOB Manufacturing PMI,HIGH,EUR
0eb454ec-477a-4831-913a-4adaa882984e,10/23/2026 07:30:00,HCOB Services PMI,HIGH,EUR
41a25dcf-6ce6-4b67-96a8-fcf18603bb5d,10/23/2026 08:00:00,HCOB Composite PMI,HIGH,EUR
c2cf0469-81ba-4d11-a560-fe4362a38927,10/23/2026 08:00:00,HCOB Manufacturing PMI,HIGH,EUR
8a3732b5-6da7-4046-8869-312d544d475d,10/23/2026 08:00:00,HCOB Services PMI,HIGH,EUR
453f2afb-18a4-4ae8-9113-630427fec44b,10/23/2026 08:30:00,S&P Global Composite PMI,HIGH,GBP
cdd54880-a534-4d7e-8a83-1bd621ffec85,10/23/2026 08:30:00,S&P Global Manufacturing PMI,HIGH,GBP
c0edb875-9ab3-4d8b-bf26-d037e839d684,10/23/2026 08:30:00,S&P Global Services PMI,HIGH,GBP
bb34d577-be8c-47e4-8dd1-1e562c7f8c91,10/23/2026 13:45:00,S&P Global Composite PMI,MEDIUM,USD
7ac62fc5-13ab-4771-ace3-3d50ed33effe,10/23/2026 13:45:00,S&P Global Manufacturing PMI,HIGH,USD
54e677df-4e09-443c-84c6-6aaee1aff3bb,10/23/2026 13:45:00,S&P Global Services PMI,HIGH,USD
c167d35a-0828-485a-8d31-baa5654bfdc7,10/23/2026 14:00:00,Michigan Consumer Expectations Index,MEDIUM,USD
a959ed2f-3292-4a16-8dfb-d1f0ca612065,10/23/2026 14:00:00,Michigan Consumer Sentiment Index,MEDIUM,USD
9fdf7484-15da-43d0-805c-284afdece3c3,10/23/2026 14:00:00,UoM 1-year Consumer Inflation Expectations,MEDIUM,USD
959acf8d-e6c5-438a-b0ef-f1c2fc8b97ae,10/23/2026 14:00:00,UoM 5-year Consumer Inflation Expectation,MEDIUM,USD
d19b4895-70e0-4059-ab27-3aec49f25c15,10/23/2026 17:00:00,Baker Hughes US Oil Rig Count,LOW,USD
27004ad2-e1b6-47e1-bb08-954f5208c191,10/23/2026 19:30:00,CFTC AUD NC Net Positions,LOW,AUD
1a9cc54d-72f8-4e44-8043-6da88a4348c4,10/23/2026 19:30:00,CFTC EUR NC Net Positions,LOW,EUR
25da294f-0f90-432f-9e2d-23836f7376e7,10/23/2026 19:30:00,CFTC JPY NC Net Positions,LOW,JPY
ae1d9dda-b78d-4721-b265-a4fc328a62bb,10/23/2026 19:30:00,CFTC GBP NC Net Positions,LOW,GBP
38a50172-90a3-4ced-8da4-d526bed7ead3,10/23/2026 19:30:00,CFTC Gold NC Net Positions,LOW,USD
9c14077b-ca41-4561-ade0-fc8708336875,10/23/2026 19:30:00,CFTC Oil NC Net Positions,LOW,USD
7ac13f7a-822f-4933-94f5-14efa569e5ed,10/23/2026 19:30:00,CFTC S&P 500 NC Net Positions,LOW,USD
422a1518-80f5-40b6-9942-57ad1fe5ed04,10/25/2026 01:00:00,Daylight Saving Time ends,NONE,EUR
585a104e-2bb2-4da2-b3f3-351c4b47a285,10/25/2026 02:00:00,Daylight Saving Time ends,NONE,GBP
14a7f43a-0fc0-4e03-932b-1454c0e33761,10/25/2026 03:00:00,Daylight Saving Time ends,NONE,CHF
e53961eb-3598-480a-8aac-b4e1ff9ee6aa,10/25/2026 12:00:00,Labour Day,NONE,NZD
e31a1f0f-b1c0-45cc-a1d9-dc32c0bc1d4f,10/25/2026 23:50:00,Corporate Service Price Index (YoY),LOW,JPY
1a23fd4b-58fc-4169-a00c-3ebcf7289671,10/26/2026 05:00:00,Coincident Index,LOW,JPY
e0cd8ec0-96e3-4dee-9752-3f9b75bec854,10/26/2026 05:00:00,Leading Economic Index,LOW,JPY
f590786b-58de-446e-85c8-09181c5ac119,10/26/2026 15:30:00,3-Month Bill Auction,LOW,USD
3c85921f-b25c-474d-9f18-022df9d623b8,10/26/2026 15:30:00,6-Month Bill Auction,LOW,USD
5f2ec4de-b8f4-4f28-bacc-650bcc37afe7,10/26/2026 17:00:00,2-Year Note Auction,LOW,USD
d8d285a6-e72b-4802-a922-ddebeafff891,10/27/2026 08:00:00,Unemployment Survey,LOW,EUR
b26e009c-b8f8-462c-aeaa-9d689fa3811f,10/27/2026 09:00:00,IFO – Business Climate,MEDIUM,EUR
cc132ba9-0a34-4178-9b86-c036f2bc4e0a,10/27/2026 09:00:00,IFO – Current Assessment,MEDIUM,EUR
1e76ab5c-6dd6-40e4-8f0d-c74ae8bedac9,10/27/2026 09:00:00,IFO – Expectations,MEDIUM,EUR
1e7a00e6-7194-46ad-9c39-f67e1a034bcc,10/27/2026 09:00:00,ECB Bank Lending Survey,HIGH,EUR
e62179d9-4182-4bea-b996-bc8da25b5a1e,10/27/2026 09:00:00,M3 Money Supply (3m),LOW,EUR
9770bce3-9591-45d6-ada5-b6b19a127b85,10/27/2026 09:00:00,M3 Money Supply (YoY),LOW,EUR
321d558d-e122-4135-9fcf-14f4a0f03147,10/27/2026 09:00:00,Private Loans (YoY),LOW,EUR
de4c41db-e564-4d31-9495-626a9d7927b1,10/27/2026 12:15:00,ADP Employment Change 4-week average,MEDIUM,USD
472d7832-b080-4f8d-912b-b3597e61987a,10/27/2026 12:30:00,"Chicago Fed National Activity Index ",LOW,USD
4c96bce1-23bf-46c7-bb25-213d3f58f913,10/27/2026 12:30:00,Durable Goods Orders,MEDIUM,USD
caf9872b-51c0-49f1-ac77-81d84447bd12,10/27/2026 12:30:00,Durable Goods Orders ex Defense,MEDIUM,USD
ce0766ef-6fe9-486c-9cfc-3cc88e8e77b9,10/27/2026 12:30:00,Durable Goods Orders ex Transportation,MEDIUM,USD
e2b01df2-4fbb-47fe-a2f7-047d2252fa5d,10/27/2026 12:30:00,Goods Trade Balance,LOW,USD
c9e7bdd4-318f-499d-a2e4-08e26c9fb075,10/27/2026 12:30:00,Nondefense Capital Goods Orders ex Aircraft,MEDIUM,USD
407dac7e-2e11-4ce7-9415-c54ec1bdd3f2,10/27/2026 12:55:00,Redbook Index (YoY),LOW,USD
0a46270c-bb17-48d2-b040-e665fb098048,10/27/2026 13:00:00,Housing Price Index (MoM),MEDIUM,USD
81a8dd9a-9122-4e29-9082-aade97efe042,10/27/2026 13:00:00,S&P/Case-Shiller Home Price Indices (YoY),LOW,USD
e6bba8e5-8ddf-40ac-8f3b-7cbaef1f8073,10/27/2026 14:00:00,Consumer Confidence,MEDIUM,USD
75f8867f-b40a-49b6-9d0a-800ca12aa63e,10/27/2026 14:00:00,New Home Sales (MoM),LOW,USD
624fe625-be6d-4dc3-97b6-0e9cfad94699,10/27/2026 14:00:00,New Home Sales Change (MoM),MEDIUM,USD
d51c534a-6c97-4ff9-b580-066e2c9d825a,10/27/2026 14:00:00,Richmond Fed Manufacturing Index,LOW,USD
44a64555-f1c2-42e4-816f-9d365780d49a,10/27/2026 14:30:00,Dallas Fed Manufacturing Business Index,LOW,USD
c7bb7c3b-eb47-4850-a769-f1eda13978e3,10/27/2026 15:30:00,52-Week Bill Auction,LOW,USD
b8f467d2-4d0d-4a02-942f-11552703e48d,10/27/2026 17:00:00,5-Year Note Auction,LOW,USD
4c501855-9c02-4359-b9b3-6d9619bbc879,10/27/2026 20:30:00,API Weekly Crude Oil Stock,LOW,USD
69a53443-283e-45e5-9ba1-5c127a75815e,10/28/2026 00:30:00,Consumer Price Index (MoM),MEDIUM,AUD
f53f6a44-c97b-4303-a2d3-b6aaddd2b4a7,10/28/2026 00:30:00,Consumer Price Index (YoY),HIGH,AUD
995c64be-fbba-4fc2-8dfd-23ce6a885d60,10/28/2026 00:30:00,Quarterly Consumer Price Index (QoQ),LOW,AUD
c71d1c15-db4b-4be9-8f4f-4d6a6a927448,10/28/2026 00:30:00,Quarterly Consumer Price Index (YoY),LOW,AUD
3e17061b-7f0c-4a1e-94c0-11fe04b05a90,10/28/2026 00:30:00,Quarterly RBA Trimmed Mean CPI (QoQ),LOW,AUD
f11f67b6-e763-4c33-b10d-a037d369e21b,10/28/2026 00:30:00,Quarterly RBA Trimmed Mean CPI (YoY),LOW,AUD
c1370dd7-7b78-41b3-8eba-bb60de30f38f,10/28/2026 00:30:00,Trimmed Mean CPI (MoM),MEDIUM,AUD
62b1e867-716b-4818-bde6-3d2299c52812,10/28/2026 00:30:00,Trimmed Mean CPI (YoY),HIGH,AUD
d558410d-6bb6-4439-88f4-8f8019f127fa,10/28/2026 01:00:00,RBNZ Interest Rate Decision,HIGH,NZD
9c6aeaa6-21a7-4ef5-ba0b-97ca4fd96ffb,10/28/2026 01:00:00,RBNZ Monetary Policy Review,HIGH,NZD
871a4f21-a61f-4b34-91be-5a8b377d64ca,10/28/2026 01:00:00,RBNZ Monetary Policy Statement,HIGH,NZD
56b8ffe0-9c43-49fd-b882-1f6059a649fe,10/28/2026 07:00:00,GfK Consumer Confidence Survey,MEDIUM,EUR
f9f3ef59-42e5-41e2-b947-aa040fd80cd8,10/28/2026 09:00:00,ZEW Survey – Expectations,MEDIUM,CHF
923fb5c9-b7e4-4bd3-9b7e-aa30151919e1,10/28/2026 09:00:00,Business Confidence,LOW,EUR
7f5a6990-ef5b-4ab3-9f01-ebcdb68465ed,10/28/2026 09:00:00,Consumer Confidence,LOW,EUR
ad267756-9070-49d1-8f28-d119a3e28de4,10/28/2026 11:00:00,MBA Mortgage Applications,LOW,USD
d4f9a6a5-29cc-4bd4-a1c4-f089c45dff71,10/28/2026 12:30:00,Wholesale Inventories,LOW,USD
bfcdec51-c026-48af-9b69-f5b5ba482bab,10/28/2026 13:45:00,BoC Interest Rate Decision,HIGH,CAD
3ef48b57-136b-4f6d-a0cb-3c920ab2a73d,10/28/2026 13:45:00,BoC Monetary Policy Report,HIGH,CAD
ca541175-42f2-4ff7-afa4-34063bf55c41,10/28/2026 13:45:00,BoC Monetary Policy Statement,HIGH,CAD
73ace6bf-2fd3-4e6f-9fcf-b178e888cd8c,10/28/2026 14:30:00,BoC Press Conference,HIGH,CAD
3a732b6a-a297-4629-9285-80c7be034b5f,10/28/2026 14:30:00,EIA Crude Oil Stocks Change,LOW,USD
2ab8378f-8f31-4768-a6aa-c2492db71877,10/28/2026 14:30:00,EIA Distillate Stocks Change,LOW,USD
1bd7d609-5ce7-4ec1-b495-06de9f246616,10/28/2026 14:30:00,EIA Gasoline Stocks Change,LOW,USD
5b00ec5c-5e91-49f3-9944-d2dee9c1db08,10/28/2026 14:30:00,EIA Heating Oil Stocks Change,LOW,USD
d0d870ee-01f1-40f8-b9c4-530e60645368,10/28/2026 17:00:00,7-Year Note Auction,LOW,USD
0fa5c63c-f61c-4436-8763-66222addfe7a,10/28/2026 18:00:00,Fed Interest Rate Decision,HIGH,USD
3c0c7b61-7aaa-4ca6-bff2-15593a479a36,10/28/2026 18:00:00,Fed Monetary Policy Statement,HIGH,USD
2b6b68dc-4cea-41c4-ba47-4766f56bf18d,10/28/2026 18:30:00,FOMC Press Conference,HIGH,USD
1fcee38e-74fb-4afa-808d-6628aa1a6672,10/28/2026 23:50:00,Foreign Bond Investment,LOW,JPY
51505262-2b42-4b3e-8628-20433273d31b,10/28/2026 23:50:00,Foreign Investment in Japan Stocks,LOW,JPY
5f4f7ce8-82a2-49fa-8954-8eedd8370fdd,10/29/2026 00:01:00,BRC Shop Price Index (YoY),LOW,GBP
8ebd2d23-8adc-4619-93d7-05ccae2ae4d1,10/29/2026 00:30:00,Export Price Index (QoQ),LOW,AUD
0529baf1-c13e-421b-95e8-de1b22183200,10/29/2026 00:30:00,Import Price Index (QoQ),LOW,AUD
470c8ad6-466d-4ed6-9b6d-e5e2b5fd8146,10/29/2026 08:00:00,Retail Sales (YoY),LOW,EUR
497810b9-c908-4a6d-934f-66e5ba37a93b,10/29/2026 09:30:00,Consumer Credit,LOW,GBP
09f036c0-c9fb-4e4f-84d0-62fcfe4146e1,10/29/2026 09:30:00,M4 Money Supply (MoM),LOW,GBP
25b43bff-9c50-4c50-bff9-ff43399babf1,10/29/2026 09:30:00,M4 Money Supply (YoY),LOW,GBP
d6221c82-77e5-4954-b0d0-c6132183f62f,10/29/2026 09:30:00,Mortgage Approvals,LOW,GBP
cd6b228d-3d21-4bb5-9b40-c551146c4fb7,10/29/2026 09:30:00,Net Lending to Individuals (MoM),LOW,GBP
9c44ff72-d8a3-4d66-82f1-6bda732853be,10/29/2026 10:00:00,Business Climate,MEDIUM,EUR
6fdd82f5-1dfb-477a-9fad-63e974b41a3f,10/29/2026 10:00:00,Consumer Confidence,MEDIUM,EUR
f6a8e576-d25a-44ca-829c-a9b855cbe04d,10/29/2026 10:00:00,Economic Sentiment Indicator,MEDIUM,EUR
204369e2-8db9-4947-8f63-e7199c62dafd,10/29/2026 10:00:00,Industrial Confidence,LOW,EUR
272ff423-b5a3-46d3-874b-2a0963a3ac06,10/29/2026 10:00:00,Services Sentiment,LOW,EUR
bd288305-962a-49c4-ae74-dcecaa22b6b7,10/29/2026 12:30:00,Continuing Jobless Claims,LOW,USD
ae9d410c-360e-4fed-8fc8-d9569f4558b8,10/29/2026 12:30:00,Core Personal Consumption Expenditures (QoQ),MEDIUM,USD
eee5daa2-7168-46ec-bf09-83c8fbe8ce20,10/29/2026 12:30:00,Gross Domestic Product Annualized,HIGH,USD
f1a492c1-7a0d-446b-a2ae-a0afee0703f1,10/29/2026 12:30:00,Gross Domestic Product Price Index,HIGH,USD
8f998cac-4b65-4c95-a0fa-73723b4526c5,10/29/2026 12:30:00,Initial Jobless Claims,MEDIUM,USD
99818fd2-4fa7-49a7-beab-a7014f3550d9,10/29/2026 12:30:00,Initial Jobless Claims 4-week average,LOW,USD
2e90a491-2097-47bd-92fe-5d4fde8c5c2c,10/29/2026 12:30:00,Personal Consumption Expenditures Prices (QoQ),MEDIUM,USD
e3f013db-8a84-4e60-b1f6-7ab964ef971a,10/29/2026 13:15:00,ECB Main Refinancing Operations Rate,HIGH,EUR
0b2fdec5-11dd-4d63-956c-1982aa2d8226,10/29/2026 13:15:00,ECB Monetary Policy Statement,HIGH,EUR
18979b50-101a-4988-beb9-e16f4bbe6f82,10/29/2026 13:15:00,ECB Rate On Deposit Facility,HIGH,EUR
4c045f45-01aa-4ac0-91e7-876cd9d41af4,10/29/2026 13:45:00,ECB Press Conference,HIGH,EUR
e5492ec4-5913-4b63-8a60-662053753be9,10/29/2026 14:30:00,EIA Natural Gas Storage Change,LOW,USD
4f928730-9d65-4a9f-8a72-ee7dae1af88b,10/29/2026 15:00:00,Kansas Fed Manufacturing Activity,LOW,USD
b17ba9df-2eae-47eb-bb6a-bd0b8a89461c,10/29/2026 15:30:00,4-Week Bill Auction,LOW,USD
3c1d4c1b-8033-4037-b8af-a5dfe6b42bc5,10/29/2026 21:00:00,ANZ – Roy Morgan Consumer Confidence,MEDIUM,NZD
179f4334-2c29-49a6-93e0-563473c822c8,10/29/2026 23:30:00,Jobs / Applicants Ratio,LOW,JPY
056a440f-010d-4dce-a2e1-5c229b56f350,10/29/2026 23:30:00,Tokyo Consumer Price Index (YoY),HIGH,JPY
fdf64815-c973-4e1d-bf62-35dc8f7deca6,10/29/2026 23:30:00,"Tokyo CPI ex Food, Energy (YoY)",HIGH,JPY
d59b8a0f-2e49-4033-86b8-9a174950fb03,10/29/2026 23:30:00,Tokyo CPI ex Fresh Food (YoY),MEDIUM,JPY
eb47973b-f576-4531-9cc1-ce7670d2f083,10/29/2026 23:30:00,Unemployment Rate,MEDIUM,JPY
4cb4d706-47dc-4937-b0e4-b247bb3018a8,10/29/2026 23:50:00,Industrial Production (MoM),LOW,JPY
c0b7f9b6-6214-4820-bd8b-bd9c2b590dec,10/29/2026 23:50:00,Industrial Production (YoY),LOW,JPY
4a46d35b-0700-40e6-8971-97c10e8e8cc4,10/29/2026 23:50:00,Large Retailer Sales,MEDIUM,JPY
6495778c-c8af-4e00-83bd-f0ddaf35916d,10/29/2026 23:50:00,Retail Trade (YoY),MEDIUM,JPY
701a7aa8-b366-4fe8-8cb1-c6432bf3c0bd,10/29/2026 23:50:00,Retail Trade s.a (MoM),MEDIUM,JPY
80d48403-d0f3-4c1a-8fb7-601d3b818e62,10/30/2026 00:00:00,ANZ Activity Outlook,LOW,NZD
2bc7dbee-a300-4d93-a12e-32ad7b95fea5,10/30/2026 00:00:00,ANZ Business Confidence,LOW,NZD
42f3b716-de2d-412c-b532-515b9309fe48,10/30/2026 00:30:00,Private Sector Credit (MoM),LOW,AUD
40df3157-25ed-4e0c-bb5f-d6f64abe9bd7,10/30/2026 00:30:00,Private Sector Credit (YoY),LOW,AUD
8d1a3c3b-5973-4b2f-b545-6e5380c4bdcc,10/30/2026 00:30:00,Producer Price Index (QoQ),LOW,AUD
5dac40ad-8b4b-4e1d-b8a9-7fc5bed4814e,10/30/2026 00:30:00,Producer Price Index (YoY),MEDIUM,AUD
c802a3fb-fac4-49e4-8082-f9e8445120f3,10/30/2026 03:00:00,BoJ Interest Rate Decision,HIGH,JPY
240a5d56-e79c-4889-a204-2ceb275ee9bd,10/30/2026 03:00:00,BoJ Monetary Policy Statement,HIGH,JPY
6b38543f-378b-4aed-a6c4-9f21ae0c2561,10/30/2026 03:00:00,BoJ Outlook Report,MEDIUM,JPY
b4950aed-7a73-45b7-96a2-472d50542b39,10/30/2026 05:00:00,Annualized Housing Starts,LOW,JPY
1e1abb42-6e26-4b8a-821d-735d11c0967d,10/30/2026 05:00:00,Construction Orders (YoY),LOW,JPY
ffec7824-59ac-4f8b-8eae-b85282945b7c,10/30/2026 05:00:00,Housing Starts (YoY),LOW,JPY
1f6e45de-03bd-457d-89d8-72142aa32639,10/30/2026 06:30:00,BoJ Press Conference,HIGH,JPY
84d0b0b0-1302-4a98-93c3-bd17895edfff,10/30/2026 07:00:00,Gross Domestic Product (QoQ),HIGH,EUR
6211a08d-0a37-416e-a4b5-0a4bd9f49ebb,10/30/2026 07:00:00,Gross Domestic Product (YoY),HIGH,EUR
b3a3d110-97fd-4e37-8cdd-c1c140f7962e,10/30/2026 07:00:00,Gross Domestic Product w.d.a (YoY),MEDIUM,EUR
3235bf43-6c67-489c-b7d5-06eb151fa6f0,10/30/2026 07:00:00,Import Price Index (MoM),LOW,EUR
73dc7501-aba4-4303-9f62-fe806b13577c,10/30/2026 07:00:00,Import Price Index (YoY),LOW,EUR
8f9153ca-434a-48f4-bec5-0b784c169fc3,10/30/2026 07:00:00,Nationwide Housing Prices n.s.a (YoY),LOW,GBP
ecdffecc-e012-410d-8f0b-bc82666db6a8,10/30/2026 07:00:00,Nationwide Housing Prices s.a (MoM),LOW,GBP
b0657e14-b8dd-4ee3-bfd4-20c4c21047a1,10/30/2026 07:45:00,Consumer Price Index (EU norm) (MoM),LOW,EUR
eb742565-0494-4a44-afa0-7a5bcd6d4214,10/30/2026 07:45:00,Consumer Price Index (EU norm) (YoY),MEDIUM,EUR
3066d636-6420-4eae-9510-d6a8650602bb,10/30/2026 07:45:00,Consumer Spending (MoM),LOW,EUR
7d36e389-5c11-4833-94b6-62f93911b368,10/30/2026 07:45:00,Gross Domestic Product (QoQ),MEDIUM,EUR
11da2312-0c4e-4f4c-aa71-9529bce79b11,10/30/2026 07:45:00,Producer Prices (MoM),LOW,EUR
30e9b2c8-437a-4cab-ab2a-455211898fcf,10/30/2026 08:00:00,KOF Leading Indicator,LOW,CHF
70299b8c-3aa7-449b-bc78-af3f04aa431e,10/30/2026 08:00:00,Consumer Price Index (MoM),LOW,EUR
0396d964-1bc6-47e2-87e1-2c946a9abe5d,10/30/2026 08:00:00,Consumer Price Index (YoY),LOW,EUR
69e106bc-5099-4bd4-ad24-ed5a64c1c3ce,10/30/2026 08:00:00,Gross Domestic Product - Estimated (QoQ),MEDIUM,EUR
5d2892ee-8947-4e6b-bb69-9548da7d603f,10/30/2026 08:00:00,Gross Domestic Product - Estimated (YoY),LOW,EUR
3bef3a2a-27b0-4d45-add7-8209905b328c,10/30/2026 08:00:00,Harmonized Index of Consumer Prices (MoM),LOW,EUR
3c3eb25a-8630-4d67-b1a7-55c3321f5e99,10/30/2026 08:00:00,Harmonized Index of Consumer Prices (YoY),MEDIUM,EUR
cc83bcc1-07bf-4e6b-b1d3-49c7d31e8f77,10/30/2026 08:55:00,Unemployment Change,MEDIUM,EUR
49a5166f-6eb1-4829-a6d8-862895e21361,10/30/2026 08:55:00,Unemployment Rate s.a.,MEDIUM,EUR
4675e236-aa99-40a1-b176-a1e31cfbd231,10/30/2026 09:00:00,Baden-Wuerttemberg CPI (MoM),LOW,EUR
66690624-8633-4e60-8592-14d553362419,10/30/2026 09:00:00,Baden-Wuerttemberg CPI (YoY),LOW,EUR
23fef8e1-8bb7-4c64-ae3c-c4e0488d9cad,10/30/2026 09:00:00,Bavaria CPI (MoM),LOW,EUR
ea81a3fa-c17a-45ed-adb8-f477fea5dcb6,10/30/2026 09:00:00,Bavaria CPI (YoY),LOW,EUR
fc1dc21a-419e-48df-9b96-d3706b615451,10/30/2026 09:00:00,Brandenburg CPI (MoM),LOW,EUR
756697a0-e66e-40ff-9dae-df65bf617a9d,10/30/2026 09:00:00,Brandenburg CPI (YoY),LOW,EUR
29161ace-dd8b-462e-b249-ee064f02f6db,10/30/2026 09:00:00,Hesse CPI (MoM),LOW,EUR
b663355d-3790-4bd3-a6ce-7c5b32edb9e2,10/30/2026 09:00:00,Hesse CPI (YoY),LOW,EUR
ab51cc57-90eb-416b-bc99-bee8f4b49abd,10/30/2026 09:00:00,North Rhine-Westphalia CPI (MoM),LOW,EUR
b353b532-1cd5-49d2-869f-7f4140aa4f65,10/30/2026 09:00:00,North Rhine-Westphalia CPI (YoY),LOW,EUR
549f8b74-83f4-4530-8d1c-eda7e2dda92a,10/30/2026 09:00:00,Saxony CPI (MoM),LOW,EUR
182330f9-8ff2-4416-af08-d24dfd72510a,10/30/2026 09:00:00,Saxony CPI (YoY),LOW,EUR
51e167ce-7c4c-44b2-a25a-797fa5e5bacd,10/30/2026 09:00:00,Current Account Balance,LOW,EUR
b6f49397-d8f5-4326-a82a-dd6d4da5a49b,10/30/2026 09:00:00,Gross Domestic Product (QoQ),MEDIUM,EUR
d92bb6a4-80b6-4b4f-b646-3abe66405008,10/30/2026 09:00:00,Gross Domestic Product (YoY),MEDIUM,EUR
e5425a10-beb6-43da-8c5a-2ed0feb847ac,10/30/2026 09:00:00,Industrial Sales n.s.a. (YoY),LOW,EUR
100fdc3c-37f7-43f2-8cbf-6217dece8191,10/30/2026 09:00:00,Industrial Sales s.a. (MoM),LOW,EUR
28f70978-c691-4e18-9b44-b330ba91a2b8,10/30/2026 09:00:00,Trade Balance non-EU,LOW,EUR
0fd2316b-8be7-4696-8221-672cc4982530,10/30/2026 09:00:00,Unemployment,LOW,EUR
24e9a299-59e3-491a-a058-4cb4f597a3d7,10/30/2026 10:00:00,Gross Domestic Product s.a. (QoQ),HIGH,EUR
2cd4ac8d-8864-48f0-beb4-319c5e3a66a3,10/30/2026 10:00:00,Gross Domestic Product s.a. (YoY),HIGH,EUR
a6f925a0-2f2a-42cb-8e15-aded1a22d170,10/30/2026 10:00:00,Consumer Price Index (EU Norm) (MoM),LOW,EUR
146ac6a1-c954-499a-920f-7a9e4a07d7b0,10/30/2026 10:00:00,Consumer Price Index (EU Norm) (YoY),MEDIUM,EUR
6beb66fc-b5fc-4430-b668-52ce596c8b48,10/30/2026 10:00:00,Consumer Price Index (MoM),LOW,EUR
2b404295-bd8a-49d9-8238-4f2335d31c45,10/30/2026 10:00:00,Consumer Price Index (YoY),MEDIUM,EUR
e072b798-13f0-474a-9e88-888e79bf7e70,10/30/2026 10:00:00,Producer Price Index (MoM),LOW,EUR
2f28cf27-362b-4690-bdb3-08e076771da0,10/30/2026 10:00:00,Producer Price Index (YoY),LOW,EUR
1b5432e7-7e89-496e-a359-c94e72e5bdba,10/30/2026 12:30:00,Gross Domestic Product (MoM),MEDIUM,CAD
2241a1cd-eb29-4740-a28d-fc2b8cc813ef,10/30/2026 12:30:00,Core Personal Consumption Expenditures - Price Index (MoM),HIGH,USD
401e58cb-1252-4e02-9c2a-144d3ea169e1,10/30/2026 12:30:00,Core Personal Consumption Expenditures - Price Index (YoY),HIGH,USD
43f7500e-0290-42c0-b26a-4cb0c3a417cf,10/30/2026 12:30:00,Employment Cost Index,MEDIUM,USD
e8b79a49-8f95-4e08-b60f-c5367e1138b9,10/30/2026 12:30:00,Personal Consumption Expenditures - Price Index (MoM),MEDIUM,USD
1c247eab-2e2a-4393-ae9a-508ebd4d9b71,10/30/2026 12:30:00,Personal Consumption Expenditures - Price Index (YoY),MEDIUM,USD
413c2200-8525-4383-82bf-4ef5dd268f1f,10/30/2026 12:30:00,Personal Income (MoM),MEDIUM,USD
07858c98-100e-4b62-9aa5-0336b40cd1a7,10/30/2026 12:30:00,Personal Spending,MEDIUM,USD
35532f93-5725-4b4f-acb6-1c532e95e05a,10/30/2026 13:00:00,Consumer Price Index (MoM),HIGH,EUR
150cb4fa-65ec-4f45-8019-e9c21a4b71bb,10/30/2026 13:00:00,Consumer Price Index (YoY),HIGH,EUR
13e6ba29-19a1-4077-abc0-1b19200dc7bd,10/30/2026 13:00:00,Harmonized Index of Consumer Prices (MoM),MEDIUM,EUR
ae8c625c-d971-4dda-a2c1-81c4a9c42c33,10/30/2026 13:00:00,Harmonized Index of Consumer Prices (YoY),HIGH,EUR
bf21966a-d0a3-4fb8-99f5-17d9782bc949,10/30/2026 13:45:00,Chicago PMI,MEDIUM,USD
a39f4b13-c8d4-449d-b27c-8f09d541f0a2,10/30/2026 17:00:00,Baker Hughes US Oil Rig Count,LOW,USD
939f4d5e-e09e-4641-a4c4-79b380accfdd,10/30/2026 19:30:00,CFTC AUD NC Net Positions,LOW,AUD
d2603140-4ba3-4c31-8913-826ebe97f605,10/30/2026 19:30:00,CFTC EUR NC Net Positions,LOW,EUR
2afd1e5d-43dc-4424-b73f-e3f04e134350,10/30/2026 19:30:00,CFTC JPY NC Net Positions,LOW,JPY
c55dcc2d-1149-4128-bb62-fa515d9e1b20,10/30/2026 19:30:00,CFTC GBP NC Net Positions,LOW,GBP
ebaafba8-5714-4869-992e-a71eea6ae64e,10/30/2026 19:30:00,CFTC Gold NC Net Positions,LOW,USD
08b0c315-b67b-4a6a-b195-cdb80e74e79f,10/30/2026 19:30:00,CFTC Oil NC Net Positions,LOW,USD
69cbc8d3-d971-442b-a64e-d257a4fa5208,10/30/2026 19:30:00,CFTC S&P 500 NC Net Positions,LOW,USD
64c91f2d-e6db-44b5-bfb4-6884385177fd,10/30/2026 22:00:00,Day of Reformation,NONE,EUR
f96d6dc5-df54-4573-a736-dc1e1f84f930,10/31/2026 01:30:00,NBS Manufacturing PMI,HIGH,CNY
08226880-3484-4b96-b134-723cc03e8231,10/31/2026 01:30:00,NBS Non-Manufacturing PMI,HIGH,CNY
3a1baac3-38d4-4771-bd0d-0df34f98b782,10/31/2026 22:00:00,All Saints' Day,NONE,EUR
b56ed67e-658e-4187-a864-2da399e7bb1c,10/31/2026 22:00:00,All Saints' Day,NONE,EUR
beedf6cd-daae-4d16-9210-de348e0afbe4,10/31/2026 23:00:00,All Saints' Day,NONE,EUR
4252c666-55b8-4d2d-bf5d-0760a91a1812,11/01/2026 07:00:00,Daylight Saving Time ends,NONE,CAD
6c69e419-d92d-4c60-9532-5f99af243b7b,11/01/2026 07:00:00,Daylight Saving Time ends,NONE,USD
324abe12-e42d-4681-9c7e-16bcf48e3fa2,11/01/2026 22:00:00,S&P Global Manufacturing PMI,LOW,AUD
531d30c5-6be2-40ba-9260-a6f91ebb8a8c,11/02/2026 00:00:00,TD-MI Inflation Gauge (MoM),LOW,AUD
c2ff4744-f41f-4830-a92e-204e341e36d1,11/02/2026 00:00:00,TD-MI Inflation Gauge (YoY),MEDIUM,AUD
febdf7f9-daf6-4916-bef8-7b80efe4f419,11/02/2026 00:30:00,ANZ Job Advertisements,LOW,AUD
5f1219ef-a80f-477a-91e3-041ea78a88dd,11/02/2026 00:30:00,Jibun Bank Manufacturing PMI,LOW,JPY
14dda264-32f2-48b8-9643-523289f35378,11/02/2026 01:45:00,RatingDog Manufacturing PMI,HIGH,CNY
7baef766-de60-44aa-8242-24c7b05bd630,11/02/2026 05:00:00,Consumer Confidence Index,LOW,JPY
c471ff72-de3d-498a-a2c3-138a262f8223,11/02/2026 05:30:00,RBA Commodity Index SDR (YoY),LOW,AUD
ef3c559c-01ea-4acb-8490-527eda2740d3,11/02/2026 07:00:00,Retail Sales (MoM),MEDIUM,EUR
9178ea53-e8af-4ecc-b24c-56a76b9c1399,11/02/2026 07:00:00,Retail Sales (YoY),HIGH,EUR
40abc36c-44ff-415a-9b7a-29f67ede3d66,11/02/2026 07:30:00,Real Retail Sales (YoY),MEDIUM,CHF
08010fe7-dcd8-40d0-ab6a-1abff2e080d1,11/02/2026 08:15:00,HCOB Manufacturing PMI,MEDIUM,EUR
be7fab6e-9690-415e-b89a-e6c176cc91e8,11/02/2026 08:30:00,SVME - Purchasing Managers' Index,LOW,CHF
71b2862b-ed2f-4f14-85bf-c50ba10c1e4a,11/02/2026 08:45:00,HCOB Manufacturing PMI,MEDIUM,EUR
9187a90a-8617-497c-b223-54ad76421307,11/02/2026 08:50:00,HCOB Manufacturing PMI,LOW,EUR
fd330297-0078-4bf5-bad3-5af68f680d60,11/02/2026 08:55:00,HCOB Manufacturing PMI,MEDIUM,EUR
b7540246-6cbd-497f-9c19-3472d0da2209,11/02/2026 09:00:00,HCOB Manufacturing PMI,LOW,EUR
130115fe-d081-4855-8a5a-2b49c8c67856,11/02/2026 09:30:00,S&P Global Manufacturing PMI,LOW,GBP
d42f8a0e-8570-488a-b923-44bc237dc067,11/02/2026 13:45:00,S&P Global Manufacturing PMI,LOW,USD
fda7f5ff-53f7-4d9c-a97d-723a0f724b46,11/02/2026 14:00:00,Construction Spending (MoM),LOW,USD
f128147a-ea83-455c-b04d-e5719c1bfc42,11/02/2026 14:00:00,ISM Manufacturing Employment Index,MEDIUM,USD
597320fe-e056-46b2-a6d0-4927beefb4e0,11/02/2026 14:00:00,ISM Manufacturing New Orders Index,MEDIUM,USD
f2f9d593-a194-49f6-8eea-fec094f159bc,11/02/2026 14:00:00,ISM Manufacturing PMI,HIGH,USD
08e3a6b2-7c7d-4912-806c-76a0194da265,11/02/2026 14:00:00,ISM Manufacturing Prices Paid,MEDIUM,USD
f1f907e1-0253-4525-b536-e577d3aee3df,11/02/2026 14:30:00,S&P Global Manufacturing PMI,MEDIUM,CAD
bf69e485-70fd-4fe2-aa22-a5e0a14ad967,11/02/2026 15:00:00,Culture Day,NONE,JPY
f1e11c80-3e5c-474b-84d9-b933b4519876,11/02/2026 15:30:00,3-Month Bill Auction,LOW,USD
a5db4153-33a0-438b-bac6-b0c613d44a6e,11/02/2026 15:30:00,6-Month Bill Auction,LOW,USD
c3029ba8-be78-48e6-8537-f60b99e98cfa,11/02/2026 21:45:00,Building Permits s.a. (MoM),MEDIUM,NZD
e3e40438-28fc-4030-a46b-f045ff79cc77,11/02/2026 23:50:00,Monetary Base (YoY),LOW,JPY
c545706f-fb1b-4373-a487-069a4f257e25,11/03/2026 00:30:00,Building Permits (MoM),MEDIUM,AUD
9125402a-5a19-45f5-80a3-47f6d46d493d,11/03/2026 00:30:00,Building Permits (YoY),LOW,AUD
43d1d37d-afcd-4217-9b6c-95057f9c21c6,11/03/2026 03:30:00,RBA Interest Rate Decision,HIGH,AUD
29638427-4a2d-4e98-a4dc-5fe0917e8aae,11/03/2026 03:30:00,RBA Monetary Policy Statement,HIGH,AUD
3a621342-8b35-4558-91af-83f6a7f7c69c,11/03/2026 03:30:00,RBA Rate Statement,HIGH,AUD
ca7f2d3a-bb9c-469e-906c-a3a62889692a,11/03/2026 03:35:00,10-y Bond Auction,LOW,JPY
624b6f9f-9db6-424e-a5c2-700edd8e2bb0,11/03/2026 04:30:00,RBA Press Conference,HIGH,AUD
b3dc9f7b-c6f5-419d-aa17-f827b79f264c,11/03/2026 05:00:00,US Midterm Elections,HIGH,USD
489f8556-4df5-4a0b-93a2-f49728b6da63,11/03/2026 07:30:00,Consumer Price Index (MoM),MEDIUM,CHF
a7c0b391-df40-438b-a8fe-6a96285a2331,11/03/2026 07:30:00,Consumer Price Index (YoY),HIGH,CHF
351cc976-bcba-42a2-955c-663c4f773f8a,11/03/2026 07:45:00,Budget Balance,LOW,EUR
1b1f3c8c-d863-4134-884a-33519d5030da,11/03/2026 10:00:00,Harmonized Index of Consumer Prices (MoM),HIGH,EUR
fdd53d89-52f2-414a-aac9-acf57dae7dd2,11/03/2026 12:55:00,Redbook Index (YoY),LOW,USD
47195adf-128c-4273-adfa-cf58046a0337,11/03/2026 14:00:00,Factory Orders (MoM),MEDIUM,USD
fe568be2-0b21-4bb8-ad63-8f09f72cfd7f,11/03/2026 14:00:00,JOLTS Job Openings,MEDIUM,USD
9d5dbc5b-4191-4c8b-bbf0-d22c7971c008,11/03/2026 14:00:00,RealClearMarkets/TIPP Economic Optimism (MoM),LOW,USD
85ef398c-50eb-4b61-ab4e-84af60844025,11/03/2026 15:00:00,GDT Price Index,LOW,NZD
934a50f0-0624-46b5-8902-bc6d4befec7d,11/03/2026 19:30:00,Total Vehicle Sales,LOW,USD
1a858411-8f18-401a-b38c-4799820f9cf4,11/03/2026 20:30:00,API Weekly Crude Oil Stock,LOW,USD
476f8494-00cd-428d-80e3-6059f5d48c78,11/03/2026 21:45:00,Employment Change,HIGH,NZD
0d347215-5cee-41d4-8f8d-dff37bd09b40,11/03/2026 21:45:00,Labour Cost Index (QoQ),MEDIUM,NZD
4f3c5747-43b8-4f89-a516-6fa249fe0b6e,11/03/2026 21:45:00,Labour Cost Index (YoY),LOW,NZD
c4ae34bc-2e59-4a2e-939b-cdbbe96089ba,11/03/2026 21:45:00,Participation Rate,MEDIUM,NZD
9988ed4f-cd0c-476a-9fad-f63be5f8cae4,11/03/2026 21:45:00,Unemployment Rate,HIGH,NZD
7f326582-23ad-41b7-a321-fc4466f1040e,11/03/2026 22:00:00,Ai Group Construction PMI,LOW,AUD
c7b3c019-608a-4d83-9a8f-a77780531a5e,11/03/2026 22:00:00,Ai Group Manufacturing PMI,LOW,AUD
03903efb-bba9-4d3f-b820-42ca876b1a62,11/03/2026 22:00:00,AiG Industry Index,MEDIUM,AUD
8e220f76-db70-4709-85bd-308446b2eeb8,11/03/2026 22:00:00,S&P Global Composite PMI,MEDIUM,AUD
f64add4e-76d5-400c-b251-2169bc8c719c,11/03/2026 22:00:00,S&P Global Services PMI,MEDIUM,AUD
1c93887d-23d0-4c99-a3c0-3214cc8319b1,11/04/2026 00:30:00,Jibun Bank Services PMI,LOW,JPY
20d41fe7-bc9a-4947-90d4-1f0f81777c81,11/04/2026 01:45:00,RatingDog Services PMI,HIGH,CNY
4cdff699-851f-4388-8eb6-dac0555d5a7e,11/04/2026 08:00:00,Unemployment Change,LOW,EUR
c01d152c-b9a0-47a1-9562-83aaa49b8d69,11/04/2026 08:15:00,HCOB Services PMI,MEDIUM,EUR
8426a3a9-6527-4924-aea5-cfa5ce36fcff,11/04/2026 08:45:00,HCOB Services PMI,LOW,EUR
52b7ead0-3179-4070-931c-0d29f5fe4507,11/04/2026 08:50:00,HCOB Composite PMI,LOW,EUR
525db494-cbf8-44bf-9b2c-bfa3f3df3a7f,11/04/2026 08:50:00,HCOB Services PMI,LOW,EUR
1db109f0-7462-4bbd-a76a-fc65e5c975f7,11/04/2026 08:55:00,HCOB Composite PMI,MEDIUM,EUR
2c89ea15-0a50-47de-9a92-3ad8f611a588,11/04/2026 08:55:00,HCOB Services PMI,MEDIUM,EUR
eb9e7ab7-e867-418d-b149-601143425d1d,11/04/2026 09:00:00,HCOB Composite PMI,MEDIUM,EUR
c3337e3c-8e96-4d1d-ab3f-a41b9b0743cc,11/04/2026 09:00:00,HCOB Services PMI,LOW,EUR
0af44afa-1207-40aa-8a7f-2d0000fa62fe,11/04/2026 09:30:00,S&P Global Composite PMI,LOW,GBP
c54273bf-4f0b-4419-8036-ed9b48ef4842,11/04/2026 09:30:00,S&P Global Services PMI,LOW,GBP
99da067e-f392-4557-a1b8-327afe8aea17,11/04/2026 10:00:00,Core Harmonized Index of Consumer Prices (MoM),HIGH,EUR
5d84c2d3-3cc0-4839-809d-9d1bd7a12c8b,11/04/2026 10:00:00,Core Harmonized Index of Consumer Prices (YoY),HIGH,EUR
4e24beb0-2465-4357-87c3-0896f6d9ddc4,11/04/2026 10:00:00,Harmonized Index of Consumer Prices (YoY),HIGH,EUR
f8b4a07e-ddc6-48f4-a612-548d3b31c2df,11/04/2026 10:00:00,Unemployment Rate,MEDIUM,EUR
4ff80ea2-bb39-4ac5-803c-ee6c1f08e709,11/04/2026 11:00:00,MBA Mortgage Applications,LOW,USD
e2138b09-c406-415c-999d-36e58d770ae5,11/04/2026 12:15:00,ADP Employment Change,HIGH,USD
ef8bd21d-788c-4ffa-92d3-23033cb1af0c,11/04/2026 12:30:00,Exports,LOW,CAD
990358e7-a27a-4f45-8106-06c3bf165173,11/04/2026 12:30:00,Imports,LOW,CAD
36acbaa9-6f06-497f-ad50-1853e6e2fdd7,11/04/2026 12:30:00,International Merchandise Trade,LOW,CAD
837baaee-dd6c-4e13-b8b4-8bc3a4f99bc9,11/04/2026 12:30:00,Goods and Services Trade Balance,LOW,USD
5552fb1c-8bdd-4223-834f-cc632695fd5b,11/04/2026 12:30:00,Goods Trade Balance,LOW,USD
6edbae1d-5754-4ee3-85a8-a773904fa382,11/04/2026 13:45:00,S&P Global Composite PMI,MEDIUM,USD
bc785f6e-2082-43df-9294-6d25b774128e,11/04/2026 13:45:00,S&P Global Services PMI,LOW,USD
d1dd9b9a-56aa-4bb8-b95e-ad2d7e6185b0,11/04/2026 14:00:00,ISM Services Employment Index,MEDIUM,USD
9f87ff40-da89-4765-a1a3-861baa344b06,11/04/2026 14:00:00,ISM Services New Orders Index,MEDIUM,USD
3c1033c6-6706-445b-bcaf-55e38dfbbe6f,11/04/2026 14:00:00,ISM Services PMI,HIGH,USD
a4528029-f562-4924-95cc-78c68bbfb95d,11/04/2026 14:00:00,ISM Services Prices Paid,MEDIUM,USD
ca05347e-9bf9-4b0f-a609-3e75d5585e37,11/04/2026 14:30:00,EIA Crude Oil Stocks Change,LOW,USD
08ff417c-a5d1-44e3-b97a-48c7ad23bfe3,11/04/2026 14:30:00,EIA Distillate Stocks Change,LOW,USD
3abdd8e2-e85a-460e-a7ab-c08a76e15a87,11/04/2026 14:30:00,EIA Gasoline Stocks Change,LOW,USD
6cb4a779-334a-4f7c-82c4-8e78f2a1d31e,11/04/2026 14:30:00,EIA Heating Oil Stocks Change,LOW,USD
1f434339-fb05-4101-aaf9-6571166b2458,11/04/2026 23:50:00,BoJ Monetary Policy Meeting Minutes,MEDIUM,JPY
efb61daf-cee6-494e-9a7b-0f3d84a2b933,11/04/2026 23:50:00,Foreign Bond Investment,LOW,JPY
9426ba03-6bb7-4a21-af39-2a3bca6de00f,11/04/2026 23:50:00,Foreign Investment in Japan Stocks,LOW,JPY
6ca69bb0-3881-4874-bf2b-e3f82869abfe,11/05/2026 00:00:00,ANZ Commodity Price,LOW,NZD
2841cc4a-b91a-406b-a374-d2654512c289,11/05/2026 00:30:00,Exports (MoM),MEDIUM,AUD
e645713f-c51e-4af0-ad87-fb92d9452a39,11/05/2026 00:30:00,Imports (MoM),MEDIUM,AUD
b1d1ccad-6576-4326-b804-6d77c93c5636,11/05/2026 00:30:00,Trade Balance (MoM),HIGH,AUD
d908e1f2-f331-4e7b-8bca-aec7b3cca1f8,11/05/2026 07:00:00,Factory Orders n.s.a. (YoY),MEDIUM,EUR
af418b3d-7247-41c7-be9f-52b7930a3c44,11/05/2026 07:00:00,Factory Orders s.a. (MoM),MEDIUM,EUR
05ca8d29-8cf1-4cb3-bdfa-93526572e171,11/05/2026 09:00:00,Retail Sales n.s.a (YoY),LOW,EUR
c0b23080-7131-4ec7-8eff-a46902b8aa94,11/05/2026 09:00:00,Retail Sales s.a. (MoM),LOW,EUR
9c14682f-bae8-413c-8714-8a4cbd8afc23,11/05/2026 09:30:00,S&P Global Construction PMI,LOW,GBP
19e683ff-acc3-4cc3-bd7f-66b296b2044b,11/05/2026 09:30:00,Challenger Job Cuts,MEDIUM,USD
9b5497a1-073d-4362-bfd0-a386a9c1e43d,11/05/2026 10:00:00,Producer Price Index (MoM),MEDIUM,EUR
b8d273f5-96e3-4301-855d-240e39b891b5,11/05/2026 10:00:00,Producer Price Index (YoY),MEDIUM,EUR
afdafa46-06e1-4c9e-a74d-d2635ca62555,11/05/2026 12:00:00,BoE Interest Rate Decision,HIGH,GBP
395b75d2-b858-4d1b-b80e-c1008da2cb38,11/05/2026 12:00:00,BoE Minutes,HIGH,GBP
d877acfe-fc11-448a-a375-eb814853a930,11/05/2026 12:00:00,BoE Monetary Policy Report,HIGH,GBP
7ae75486-2d64-46f5-821f-4ebe7f11e76b,11/05/2026 12:00:00,BoE Monetary Policy Summary,HIGH,GBP
55d84e94-01d3-4d3e-8e4b-a19500e7525c,11/05/2026 12:00:00,BoE MPC Vote Rate Cut,HIGH,GBP
38938af9-5052-40d9-b878-da46c82c4af0,11/05/2026 12:00:00,BoE MPC Vote Rate Hike,HIGH,GBP
b6f8ab3e-5fe3-4088-9678-81822be75992,11/05/2026 12:00:00,BoE MPC Vote Rate Unchanged,HIGH,GBP
b7686588-d8da-4567-a380-e9eff4b6d41c,11/05/2026 12:30:00,BoE's Governor Bailey speech,HIGH,GBP
5b0bc9d4-792e-41d2-b062-d5b63c3c4b58,11/05/2026 12:30:00,Continuing Jobless Claims,LOW,USD
deafa8d4-f1fb-46d1-af7a-61186993120d,11/05/2026 12:30:00,Initial Jobless Claims,MEDIUM,USD
9a05bd4d-1933-492d-936e-b7beddecb4fa,11/05/2026 12:30:00,Initial Jobless Claims 4-week average,LOW,USD
fb980afa-7081-4f97-9487-2288156c19bd,11/05/2026 12:30:00,Nonfarm Productivity,MEDIUM,USD
53955edd-b397-4fed-894b-6f335d21a57b,11/05/2026 12:30:00,Unit Labor Costs,MEDIUM,USD
ec94e324-5fe0-48b8-aa33-7c4754124a8f,11/05/2026 14:00:00,Ivey Purchasing Managers Index,MEDIUM,CAD
3429732b-052e-4a61-a8be-cc5ff900b594,11/05/2026 14:00:00,Ivey Purchasing Managers Index s.a,MEDIUM,CAD
10fd4311-ba61-4094-888c-6e9ba2ad59d3,11/05/2026 14:30:00,EIA Natural Gas Storage Change,LOW,USD
52975b53-112b-439f-98b3-9c7b714e9211,11/05/2026 15:30:00,4-Week Bill Auction,LOW,USD
9f09c05a-3575-40ca-bf45-de7bcb3bd5c4,11/05/2026 23:30:00,Labor Cash Earnings (YoY),MEDIUM,JPY
2f4bc050-6ece-4a56-90bc-d27ffe5c7d96,11/05/2026 23:30:00,Overall Household Spending (YoY),LOW,JPY
8028d76b-8798-416d-9f90-4cb96b924d5d,11/05/2026 23:50:00,JP Foreign Reserves,LOW,JPY
c239c8ca-42a8-45b8-81cb-f1db281685c1,11/06/2026 05:00:00,Coincident Index,LOW,JPY
aa3a5b43-efb0-4591-b0dd-b3e1f0738f0f,11/06/2026 05:00:00,Leading Economic Index,LOW,JPY
724946eb-fadb-4f3b-bc54-5c8f5b0fa105,11/06/2026 07:00:00,Exports (MoM),LOW,EUR
0c47eef9-c2b3-4bba-800f-1f12c8c804ab,11/06/2026 07:00:00,Imports (MoM),LOW,EUR
3dc06aa1-5171-4a99-bc7c-6dee73442ca6,11/06/2026 07:00:00,Industrial Production n.s.a. w.d.a. (YoY),MEDIUM,EUR
8f102196-003f-46d6-a8f7-6ac3633d6bbd,11/06/2026 07:00:00,Industrial Production s.a. (MoM),MEDIUM,EUR
b58b2784-86fc-43d2-8f24-c7ee4b6b72ab,11/06/2026 07:00:00,Trade Balance s.a.,MEDIUM,EUR
6dd83d20-0c68-491e-bd98-d23bafe2921c,11/06/2026 07:00:00,Lloyds House Price Index (MoM),LOW,GBP
22843f0b-d29f-4db0-a2db-ff7cfea5527a,11/06/2026 07:00:00,Lloyds House Price Index (YoY),LOW,GBP
b139731c-122c-40ba-96f9-cc298316524b,11/06/2026 07:45:00,Current Account,LOW,EUR
a59180b5-e7a1-4d61-a993-89171c463018,11/06/2026 07:45:00,"Exports, EUR",LOW,EUR
29133c82-16be-42ea-b54c-fa404922f3a2,11/06/2026 07:45:00,"Imports, EUR",LOW,EUR
620fd40e-a825-4607-9fba-569ab1993d43,11/06/2026 07:45:00,Industrial Output (MoM),LOW,EUR
205003fa-087c-4e9d-9bc5-b80eaf596e12,11/06/2026 07:45:00,Nonfarm Payrolls (QoQ),LOW,EUR
8f51cdff-c1a3-4557-9596-873063f57a70,11/06/2026 07:45:00,Trade Balance EUR,LOW,EUR
43cb211d-fa82-4899-9a78-5b3b3e5a70cd,11/06/2026 08:00:00,Foreign Currency Reserves,LOW,CHF
0ef99853-7b1c-4599-98c4-af634f2e099c,11/06/2026 08:00:00,SECO Consumer Climate (3m),LOW,CHF
0e12ad27-6339-4835-92e2-7d060774c5dd,11/06/2026 08:00:00,Unemployment Rate s.a (MoM),LOW,CHF
24056532-1b91-4c6f-ac42-7e0721957038,11/06/2026 08:00:00,Industrial Output Cal Adjusted (YoY),LOW,EUR
9bb94ec4-6b20-4870-8b95-b2acf9492206,11/06/2026 10:00:00,Retail Sales (MoM),MEDIUM,EUR
325e19b3-01b2-4e67-9138-5533b5ecaf20,11/06/2026 10:00:00,Retail Sales (YoY),HIGH,EUR
7300f597-d4d2-4360-832a-33657038e139,11/06/2026 12:30:00,Average Hourly Earnings (MoM),HIGH,USD
85a16cc6-8da3-4cf5-87d4-3e18b491a0ef,11/06/2026 12:30:00,Average Hourly Earnings (YoY),HIGH,USD
027ccf43-1710-46fc-8789-9ae28b548e10,11/06/2026 12:30:00,Average Weekly Hours,LOW,USD
346ba69d-a4c2-4561-96bb-09b785ec3d7d,11/06/2026 12:30:00,Labor Force Participation Rate,MEDIUM,USD
63edec8e-cde5-4efa-8469-1a9c17ff2eee,11/06/2026 12:30:00,Nonfarm Payrolls,HIGH,USD
ecac21bb-21ba-46a8-92d0-4ce6dc461adc,11/06/2026 12:30:00,U6 Underemployment Rate,MEDIUM,USD
e0aac989-11e2-4d22-a1cb-c3c2edc3b408,11/06/2026 12:30:00,Unemployment Rate,MEDIUM,USD
7bcb9ebf-fdaf-4c53-9d2a-67d084e0935e,11/06/2026 13:30:00,Average Hourly Wages (YoY),MEDIUM,CAD
885a5f56-bfde-4b2f-86eb-39b6e85ff6b8,11/06/2026 13:30:00,Net Change in Employment,HIGH,CAD
ae83b3e8-6c4f-4389-bca3-8d6a9e6575fa,11/06/2026 13:30:00,Participation Rate,LOW,CAD
4a49e38d-3b55-44a6-bf3a-cc65d2076d6c,11/06/2026 14:00:00,Michigan Consumer Expectations Index,MEDIUM,USD
1357b476-3290-4e06-a80f-44d32779cd4d,11/06/2026 14:00:00,Michigan Consumer Sentiment Index,HIGH,USD
ce1f5a7d-6ecb-40c9-b04d-fe6c722c9cc1,11/06/2026 14:00:00,UoM 1-year Consumer Inflation Expectations,MEDIUM,USD
eff25b30-1c65-4444-b134-a0f987f8ae2e,11/06/2026 14:00:00,UoM 5-year Consumer Inflation Expectation,MEDIUM,USD
b8f48aa0-3046-487f-a38e-684c754462af,11/06/2026 17:00:00,Baker Hughes US Oil Rig Count,LOW,USD
68eee39c-2119-4dc4-8654-7073c22ce7de,11/06/2026 19:00:00,Consumer Credit Change,LOW,USD
f3162c3b-063b-4c5a-9a55-777ea8cebc43,11/06/2026 19:30:00,CFTC AUD NC Net Positions,LOW,AUD
8ddc05e9-3348-4491-8f32-9db42062df93,11/06/2026 19:30:00,CFTC EUR NC Net Positions,LOW,EUR
fb72f9a8-10aa-4d76-abd3-dc55b9a09c23,11/06/2026 19:30:00,CFTC JPY NC Net Positions,LOW,JPY
3e15ccf1-d78c-47e6-be2e-25358365bd77,11/06/2026 19:30:00,CFTC GBP NC Net Positions,LOW,GBP
7c41c071-0553-470a-b1e1-7f8f457edbbf,11/06/2026 19:30:00,CFTC Gold NC Net Positions,LOW,USD
cff804f2-a232-4faa-b71a-b6d5a125f1f9,11/06/2026 19:30:00,CFTC Oil NC Net Positions,LOW,USD
34c5e5c6-de06-4b9a-8a14-97a803634b31,11/06/2026 19:30:00,CFTC S&P 500 NC Net Positions,LOW,USD
f7a2214c-0bb4-42df-bec2-eb773d78424c,11/07/2026 03:00:00,Exports (YoY),MEDIUM,CNY
0744250b-9c3a-4400-b2df-09c8e7c68422,11/07/2026 03:00:00,Exports (YoY) CNY,MEDIUM,CNY
e1dc7338-3caf-4f1d-9bc7-d65c7e414964,11/07/2026 03:00:00,Imports (YoY),MEDIUM,CNY
4784ee6b-5dd9-441d-bcf6-292967e4ac12,11/07/2026 03:00:00,Imports (YoY) CNY,MEDIUM,CNY
9817bb8b-2206-468a-a1f9-447dc404df69,11/07/2026 03:00:00,Trade Balance CNY,MEDIUM,CNY
22d56170-ed3f-47e7-a67e-9129a61cd0b7,11/07/2026 03:00:00,Trade Balance USD,MEDIUM,CNY
c7c8a416-f5c1-4f23-9803-5a7fc3d724bf,11/07/2026 08:00:00,Foreign Exchange Reserves (MoM),LOW,CNY
45a6d91d-88cf-4b0c-8417-0eda80f1ef49,11/09/2026 01:30:00,Consumer Price Index (MoM),MEDIUM,CNY
7caac4ab-556e-439b-b0da-a8a5b76b2f5e,11/09/2026 01:30:00,Consumer Price Index (YoY),HIGH,CNY
f16ca597-d1c4-4a00-b16b-532f161ddb14,11/09/2026 01:30:00,Producer Price Index (YoY),MEDIUM,CNY
47eb085a-8529-414c-a4b9-aa7de91b72ea,11/09/2026 05:00:00,Eco Watchers Survey: Current,LOW,JPY
6ed95229-4dc9-49b2-bb1b-0a78fc2858ed,11/09/2026 05:00:00,Eco Watchers Survey: Outlook,LOW,JPY
eb2d0c28-b742-41b1-bf57-10e9364fdb89,11/09/2026 09:30:00,Sentix Investor Confidence,MEDIUM,EUR
7220f518-6a40-4e29-8133-cdfdef018f67,11/09/2026 15:00:00,Wholesale Inventories,LOW,USD
c8d3d517-bbf3-4675-95a8-589802d69e1b,11/09/2026 16:30:00,3-Month Bill Auction,LOW,USD
ff72f8aa-2f4f-4ed0-947d-39e73448dffc,11/09/2026 16:30:00,6-Month Bill Auction,LOW,USD
ac050576-690c-43fc-89d8-8ff5cb9b389c,11/09/2026 19:00:00,Loan Officer Survey,MEDIUM,USD
a19b5285-d30e-417a-8465-32db5086c4c3,11/09/2026 23:30:00,Westpac Consumer Confidence,MEDIUM,AUD
1b91d645-611d-49fd-873f-8e580a1ec51e,11/09/2026 23:50:00,Bank Lending (YoY),LOW,JPY
fd885502-a1da-41ee-b834-8609ddb96b66,11/09/2026 23:50:00,BoJ Summary of Opinions,LOW,JPY
5c2c097c-2c46-421d-af11-f41d6b6091c2,11/09/2026 23:50:00,Current Account n.s.a.,MEDIUM,JPY
39439230-1b94-44da-859b-6abe19a68fdf,11/09/2026 23:50:00,Money Supply M2+CD (YoY),LOW,JPY
c82f5d88-71af-4b42-a312-8b8d61176c67,11/09/2026 23:50:00,Trade Balance - BOP Basis,LOW,JPY
a33c59ef-35ac-433c-8a0f-6fb0371e8ed0,11/10/2026 00:01:00,BRC Like-For-Like Retail Sales (YoY),MEDIUM,GBP
df82902b-89fc-4fa2-af19-1b369f055fde,11/10/2026 00:30:00,National Australia Bank's Business Conditions,LOW,AUD
008b9ed8-d98c-4537-8cd5-3ff57d50b214,11/10/2026 00:30:00,National Australia Bank's Business Confidence,LOW,AUD
e60e44d0-2ca0-4fba-9d88-f610085b2bf3,11/10/2026 11:00:00,NFIB Business Optimism Index,LOW,USD
a265b395-a329-4eb0-834a-cd35a1e11415,11/10/2026 13:15:00,ADP Employment Change 4-week average,MEDIUM,USD
75a2fedb-a0e4-446b-94fb-726f952c0f8e,11/10/2026 13:30:00,Consumer Price Index (MoM),HIGH,USD
a1dff83e-b073-4270-8424-4a7acfaed89c,11/10/2026 13:30:00,Consumer Price Index (YoY),HIGH,USD
a0a6c8b5-d445-4d52-88f8-aba8bef72908,11/10/2026 13:30:00,Consumer Price Index Core s.a,LOW,USD
c116284f-54cf-4db0-a413-9f9a6be6908d,11/10/2026 13:30:00,Consumer Price Index ex Food & Energy (MoM),HIGH,USD
80ef0474-f22d-4da0-ac0b-e5de230a6538,11/10/2026 13:30:00,Consumer Price Index ex Food & Energy (YoY),HIGH,USD
d8aa6891-638c-4fa1-baf1-c8a23125d049,11/10/2026 13:30:00,Consumer Price Index n.s.a (MoM),LOW,USD
f7713f2e-57c4-4d1f-8e60-1bb232d939e5,11/10/2026 13:55:00,Redbook Index (YoY),LOW,USD
f336b3ca-fa8a-4c10-8cef-422dbe62a92b,11/10/2026 17:00:00,USDA WASDE Report,LOW,USD
5414077c-8751-4995-9ec9-d70d7bd4b188,11/10/2026 18:00:00,3-Year Note Auction,LOW,USD
70bcbea2-9db1-4813-bfb3-1dcc5d020623,11/10/2026 18:30:00,BoC Summary of Deliberations,MEDIUM,CAD
9ac33757-176f-4a21-a74e-a08fee08bb9e,11/10/2026 21:30:00,API Weekly Crude Oil Stock,LOW,USD
46ea634a-9b36-4419-b709-57d2e6a78243,11/10/2026 22:00:00,Armistice Day,NONE,EUR
fdcf7d3f-9f0a-4fed-802d-c471029e607e,11/10/2026 23:50:00,Producer Price Index (MoM),LOW,JPY
95ea66ff-1015-47ea-8665-e20afe40a2cd,11/10/2026 23:50:00,Producer Price Index (YoY),LOW,JPY
737028a3-fcf8-40ea-8922-3dc6d3b7c3b3,11/11/2026 00:30:00,Home Loans,LOW,AUD
de8f484e-99fa-45ee-a040-e2057707a297,11/11/2026 00:30:00,Investment Lending for Homes,LOW,AUD
1003543c-796d-4989-9836-9c7badd6d42d,11/11/2026 05:00:00,Remembrance Day,NONE,CAD
fd66ef2b-9602-441c-9654-b89e748e884f,11/11/2026 05:00:00,Veterans Day,NONE,USD
1e2b86c8-22b6-4088-b43d-1f9d170fb895,11/11/2026 06:00:00,Machine Tool Orders (YoY),LOW,JPY
2f84207a-324d-4c50-81bc-c0cedce57096,11/11/2026 07:00:00,Consumer Price Index (MoM),LOW,EUR
29a414de-2eec-4e0c-9d27-e982256a7287,11/11/2026 07:00:00,Consumer Price Index (YoY),LOW,EUR
d158d01f-14bf-40b1-8e6e-b107d35a0930,11/11/2026 07:00:00,Harmonized Index of Consumer Prices (MoM),MEDIUM,EUR
82f81c83-7d8e-4df8-a0e4-fa3c754ec326,11/11/2026 07:00:00,Harmonized Index of Consumer Prices (YoY),HIGH,EUR
104adfae-fcf3-4cdd-9cca-40296706a254,11/11/2026 12:00:00,MBA Mortgage Applications,LOW,USD
a8ef97b5-96b3-4849-bd57-08605c1cab7b,11/11/2026 18:00:00,10-Year Note Auction,LOW,USD
849a9a10-92f4-46e8-820d-65af826f7b10,11/11/2026 19:00:00,Monthly Budget Statement,MEDIUM,USD
d9880ff3-a3f6-499a-9760-c641cca6679d,11/11/2026 21:45:00,Electronic Card Retail Sales  (MoM),LOW,NZD
c38196d9-762c-4f7f-8163-293785787def,11/11/2026 21:45:00,Electronic Card Retail Sales (YoY),LOW,NZD
0eb005ba-3022-401c-a564-abfb4bba8db3,11/11/2026 23:50:00,Foreign Bond Investment,LOW,JPY
67b23d50-9e57-43e3-bfe6-5b4540b327b2,11/11/2026 23:50:00,Foreign Investment in Japan Stocks,LOW,JPY
7a7bbf93-7920-46bb-b787-0bb60a3bad8e,11/12/2026 00:00:00,Consumer Inflation Expectations,MEDIUM,AUD
f68ce273-41d1-4ef8-b709-8169275fd13c,11/12/2026 00:01:00,RICS Housing Price Balance,LOW,GBP
937c0af9-66ed-4b95-aab7-dca04d27e3e4,11/12/2026 02:00:00,RBNZ Inflation Expectations (QoQ),HIGH,NZD
40455840-fa15-4e0a-8c75-368a81b0d725,11/12/2026 07:00:00,Gross Domestic Product (MoM),MEDIUM,GBP
88ce89e4-8301-4db3-8ea2-6f3953871398,11/12/2026 09:00:00,Industrial Output s.a. (MoM),LOW,EUR
b8854fd2-904f-438b-b95b-8c0222726925,11/12/2026 09:00:00,Industrial Output w.d.a (YoY),LOW,EUR
dd2b30ed-6d68-4c1e-87f4-5591f0e5df62,11/12/2026 13:30:00,Building Permits (MoM),LOW,CAD
736ba35c-a7e1-4f3f-89fd-d5e6cdb6e32d,11/12/2026 13:30:00,Current Account n.s.a.,LOW,EUR
1e7adfad-5c5d-4a80-9590-78f4421bae72,11/12/2026 13:30:00,Continuing Jobless Claims,LOW,USD
ede3cb20-255d-46a8-ab72-b4551790d64d,11/12/2026 13:30:00,Initial Jobless Claims,MEDIUM,USD
9107e1a9-135c-43f3-9913-2b58f0a2049b,11/12/2026 13:30:00,Initial Jobless Claims 4-week average,LOW,USD
1f1b4ba6-5abc-4338-8f62-414d47de15d9,11/12/2026 15:00:00,Existing Home Sales (MoM),LOW,USD
39a5cbcc-bc44-41c3-916d-58b3a7c51611,11/12/2026 15:00:00,Existing Home Sales Change (MoM),MEDIUM,USD
944a7ecc-0ee6-4d45-8cc2-2c9edf300a88,11/12/2026 15:30:00,EIA Natural Gas Storage Change,LOW,USD
36b8fb69-adf0-45bf-8993-c3c499f33337,11/12/2026 16:30:00,4-Week Bill Auction,LOW,USD
3c4dcd95-aa1c-4aa1-be53-d8d70e6fb67e,11/12/2026 17:00:00,EIA Crude Oil Stocks Change,LOW,USD
3f41783f-5fcd-471f-b8f3-efffce820663,11/12/2026 17:00:00,EIA Distillate Stocks Change,LOW,USD
66bf2a98-a745-4857-a0ef-b71bea9a23c6,11/12/2026 17:00:00,EIA Gasoline Stocks Change,LOW,USD
e64c26db-341e-4cb6-a671-152d438e4452,11/12/2026 17:00:00,EIA Heating Oil Stocks Change,LOW,USD
d5421a5e-4da4-4d0c-a616-7e287bc3db79,11/12/2026 18:00:00,30-Year Bond Auction,LOW,USD
045c0aff-58d9-4cef-b69b-e7388c1ad255,11/12/2026 21:30:00,Business NZ PMI,MEDIUM,NZD
3435e409-05fb-4e69-9ae8-28f52d92e5bf,11/12/2026 21:45:00,Food Price Index (MoM),LOW,NZD
48ba6101-4398-46c4-aba3-3b1883e88713,11/12/2026 21:45:00,Visitor Arrivals (YoY),LOW,NZD
3684c6b3-0b08-4bcf-aeb7-616c40049433,11/13/2026 04:30:00,Capacity Utilization,LOW,JPY
c56d97ec-3983-49fc-9653-9addc9067c04,11/13/2026 04:30:00,Industrial Production (MoM),LOW,JPY
014d1c99-75e3-4f99-8e12-c631eead9530,11/13/2026 04:30:00,Industrial Production (YoY),LOW,JPY
69306045-5544-49ec-b50a-8802e02dd775,11/13/2026 06:30:00,ILO Unemployment,LOW,EUR
9122f10f-2be6-46d4-b1cd-9d9257bf41dd,11/13/2026 07:00:00,Wholesale Price Index (MoM),LOW,EUR
ddb842e7-a09a-49a7-8f6b-11087bfcd21f,11/13/2026 07:00:00,Wholesale Price Index (YoY),LOW,EUR
6706e066-6002-42b8-aa85-243b84723be6,11/13/2026 07:00:00,Goods Trade Balance,LOW,GBP
fc01aba5-e83f-4495-8921-fc0be8980a1f,11/13/2026 07:00:00,Gross Domestic Product (QoQ),HIGH,GBP
6f25fb9f-106c-4e71-984e-2ff911567cb3,11/13/2026 07:00:00,Gross Domestic Product (YoY),HIGH,GBP
4510ff7f-b077-4bfd-bd95-e397d7ec6c32,11/13/2026 07:00:00,Index of Services (3M/3M),LOW,GBP
6b51811c-aebe-4034-95fd-fe97dc69dbb5,11/13/2026 07:00:00,Industrial Production (MoM),MEDIUM,GBP
bb3eaf97-c262-4ad7-b63f-f4ff5cd9aa35,11/13/2026 07:00:00,Industrial Production (YoY),LOW,GBP
29213a26-7f8a-4cc2-bc78-ceea2a1f1643,11/13/2026 07:00:00,Manufacturing Production (MoM),MEDIUM,GBP
0f273f97-6313-4639-899b-6af2d5a536e8,11/13/2026 07:00:00,Manufacturing Production (YoY),LOW,GBP
a89bbfb3-30ad-4344-9d10-97b7bee12a26,11/13/2026 07:00:00,Total Business Investment (QoQ),LOW,GBP
61127bf8-4d33-4634-a8bd-3d145a08d73e,11/13/2026 07:00:00,Total Business Investment (YoY),LOW,GBP
741dd290-d98d-4bba-aa47-976e2e3a24eb,11/13/2026 07:00:00,Total Trade Balance,LOW,GBP
a9da0cc1-f6e1-46ec-b232-dce9fc9dd985,11/13/2026 07:00:00,Trade Balance; non-EU,LOW,GBP
2cdf11a9-84c8-4eb7-a9a2-e5662bf8078a,11/13/2026 07:30:00,Producer and Import Prices (MoM),LOW,CHF
3fc2f2fa-3756-4416-8c59-1276455310d3,11/13/2026 07:30:00,Producer and Import Prices (YoY),LOW,CHF
a5333fad-f66b-4e86-9fce-c4a274817209,11/13/2026 07:45:00,Consumer Price Index (EU norm) (MoM),LOW,EUR
32f43ade-d8e3-4dcc-93b3-2eef9f40c437,11/13/2026 07:45:00,Consumer Price Index (EU norm) (YoY),MEDIUM,EUR
f44419f0-a267-40c0-9c64-43250753900c,11/13/2026 07:45:00,Inflation ex-tobacco (MoM),LOW,EUR
db81e079-1f3c-4759-a7a6-0a73b7a4ff5f,11/13/2026 08:00:00,Consumer Price Index (MoM),LOW,EUR
3cccaf1c-169a-4e26-967b-c0ca64e25a85,11/13/2026 08:00:00,Consumer Price Index (YoY),LOW,EUR
dc779956-773c-4838-9341-0d8b79b48e90,11/13/2026 08:00:00,Harmonized Index of Consumer Prices (MoM),LOW,EUR
7583f40b-c63f-4994-a061-0021617a933d,11/13/2026 08:00:00,Harmonized Index of Consumer Prices (YoY),MEDIUM,EUR
97083f01-c2cc-4921-b926-0ffd24d2e042,11/13/2026 10:00:00,M2 Money Supply (YoY),LOW,CNY
07503a38-53e6-47f2-9a19-7eda86311781,11/13/2026 10:00:00,New Loans,LOW,CNY
24e93735-2e92-4ede-917f-9844e2abec21,11/13/2026 10:00:00,Employment Change (QoQ),MEDIUM,EUR
f12f314b-136d-4b0a-aedf-7c6c34cf66a8,11/13/2026 10:00:00,Employment Change (YoY),LOW,EUR
42732327-a6be-4523-b5f2-daf10564e1dc,11/13/2026 10:00:00,Gross Domestic Product s.a. (QoQ),MEDIUM,EUR
66647372-8e1f-4ef5-80c7-39dc2f5a15ab,11/13/2026 10:00:00,Gross Domestic Product s.a. (YoY),MEDIUM,EUR
8f7c0048-deb3-41d0-85e3-ef3303e1df4a,11/13/2026 10:00:00,Industrial Production s.a. (MoM),MEDIUM,EUR
927be783-8aae-4e60-bfc9-7366c3608c10,11/13/2026 10:00:00,Industrial Production w.d.a. (YoY),LOW,EUR
fbecd244-828f-4426-a55f-743896ab0c7b,11/13/2026 10:00:00,Trade Balance n.s.a.,LOW,EUR
2e4397e8-33be-4a2c-b1cd-f5de23322d4e,11/13/2026 10:00:00,Trade Balance s.a.,LOW,EUR
a2c78849-5a73-4f19-bafb-fb8e9408732c,11/13/2026 12:00:00,NIESR GDP Estimate (3M),LOW,GBP
17b6f48f-9218-4b53-99c3-7c939b521a65,11/13/2026 13:30:00,Manufacturing Sales (MoM),LOW,CAD
6e63b29a-c967-44a7-aedc-af675fec97e3,11/13/2026 13:30:00,Unemployment Rate,HIGH,CAD
ce7f0564-b42e-4323-bc4a-a8711ae8ff67,11/13/2026 13:30:00,Wholesale Sales (MoM),LOW,CAD
6f17fd45-9b35-417e-a00d-4a386d9d9689,11/13/2026 13:30:00,Producer Price Index (MoM),MEDIUM,USD
d1406aec-376e-4fe4-b6bd-dc009573b31e,11/13/2026 13:30:00,Producer Price Index (YoY),MEDIUM,USD
b09590d2-def1-4e53-a19f-a8cfd91acccf,11/13/2026 13:30:00,Producer Price Index ex Food & Energy (MoM),MEDIUM,USD
4b4a258c-07b2-4107-b8e4-335180759526,11/13/2026 13:30:00,Producer Price Index ex Food & Energy (YoY),HIGH,USD
2f12a50d-4063-4525-bc0e-999ff134f446,11/13/2026 18:00:00,Baker Hughes US Oil Rig Count,LOW,USD
81a241b1-00e1-4dab-bd48-a566dcdc3ff6,11/13/2026 20:30:00,CFTC AUD NC Net Positions,LOW,AUD
73d74942-3c1c-443a-9bad-4f6ac79c9815,11/13/2026 20:30:00,CFTC EUR NC Net Positions,LOW,EUR
191320d9-108e-4a3c-9ac9-c0fd2b1aac53,11/13/2026 20:30:00,CFTC JPY NC Net Positions,LOW,JPY
22cc2967-7350-4c46-aa88-0aeb6b3da263,11/13/2026 20:30:00,CFTC GBP NC Net Positions,LOW,GBP
ce1fce68-abbd-4c55-a0f4-71996e1f16b2,11/13/2026 20:30:00,CFTC Gold NC Net Positions,LOW,USD
0c505796-7303-4439-9d25-659784fed0da,11/13/2026 20:30:00,CFTC Oil NC Net Positions,LOW,USD
702da271-ed8e-4879-a0b5-41e5a88a10f7,11/13/2026 20:30:00,CFTC S&P 500 NC Net Positions,LOW,USD
245b9490-733f-4404-9db0-c28427eca659,11/15/2026 21:30:00,Business NZ PSI,MEDIUM,NZD
14be18ad-4b90-4333-ab99-e5a653d86ef7,11/15/2026 23:50:00,Gross Domestic Product (QoQ),HIGH,JPY
c3e9601f-befa-4e20-a252-c329d3b1e372,11/15/2026 23:50:00,Gross Domestic Product Annualized,MEDIUM,JPY
7dca6a59-68c6-4e4e-b575-e91c9d464f6d,11/15/2026 23:50:00,Gross Domestic Product Deflator (YoY),MEDIUM,JPY
ae555443-9a6b-4666-a4c7-7a30089a838f,11/15/2026 23:50:00,Machinery Orders (MoM),LOW,JPY
867bef46-9ac5-436a-8f67-4d6cb38a0703,11/15/2026 23:50:00,Machinery Orders (YoY),LOW,JPY
cb1bccaa-4d6f-4823-bb1c-cb785c49127d,11/16/2026 00:01:00,Rightmove House Price Index (MoM),LOW,GBP
9f77843f-1632-4fe6-a2e5-689c7739598d,11/16/2026 00:01:00,Rightmove House Price Index (YoY),LOW,GBP
690875ae-9802-41f0-88c6-0875b61e7448,11/16/2026 01:30:00,"House Price Index ",LOW,CNY
857dd58b-9b97-4b13-85b2-b1cb1bf547ca,11/16/2026 02:00:00,Fixed Asset Investment (YTD) (YoY),LOW,CNY
d24fb42d-d1d2-4fb9-ae7e-c0e97920cb63,11/16/2026 02:00:00,Industrial Production (YoY),HIGH,CNY
1480ce4b-46ae-4517-822f-224e92e3b292,11/16/2026 02:00:00,Retail Sales (YoY),HIGH,CNY
f367f781-0c64-4043-88ff-cf2e274dfc69,11/16/2026 11:00:00,German Buba Monthly Report,MEDIUM,EUR
2e41c8f9-8beb-4aa7-94e5-fa802bab7dd9,11/16/2026 13:30:00,BoC Consumer Price Index Core (MoM),MEDIUM,CAD
85441e2b-dc68-4afd-b584-071ae80850f3,11/16/2026 13:30:00,BoC Consumer Price Index Core (YoY),HIGH,CAD
47f86027-6f95-4df4-a37b-e0021a0e0bc0,11/16/2026 13:30:00,Consumer Price Index - Core (MoM),LOW,CAD
c09515ce-0696-438b-af8f-268403527d8e,11/16/2026 13:30:00,Consumer Price Index (MoM),MEDIUM,CAD
c85052b0-d875-47c5-8612-1a1689342c55,11/16/2026 13:30:00,Consumer Price Index (YoY),HIGH,CAD
01643b1f-4e19-4d7c-a600-4abf43426409,11/16/2026 13:30:00,NY Empire State Manufacturing Index,MEDIUM,USD
95f282e1-241d-40f4-bc8f-23eb079f7f1a,11/16/2026 16:30:00,3-Month Bill Auction,LOW,USD
a65a4c99-405d-4179-b79b-35d48661aa70,11/16/2026 16:30:00,6-Month Bill Auction,LOW,USD
995b3aa2-796e-4bc3-9da3-8936d9f1a079,11/17/2026 00:30:00,RBA Meeting Minutes,HIGH,AUD
0e95ba3b-1441-4e14-bede-1fd7ade10267,11/17/2026 04:30:00,Tertiary Industry Index (MoM),LOW,JPY
da671753-b9f9-4554-9210-0ab8d4c60605,11/17/2026 07:00:00,Average Earnings Excluding Bonus (3Mo/Yr),MEDIUM,GBP
13bf23d9-19ee-44b4-9d13-aa9f441e3b4d,11/17/2026 07:00:00,Average Earnings Including Bonus (3Mo/Yr),MEDIUM,GBP
a743d15c-ff9f-4bde-b08f-dfc6f19ec14e,11/17/2026 07:00:00,Claimant Count Change,HIGH,GBP
2a521735-9072-42f1-90b4-f3e16a1330af,11/17/2026 07:00:00,Claimant Count Rate,MEDIUM,GBP
e3bae370-e9f9-48d0-b10b-816a10b55fc7,11/17/2026 07:00:00,Employment Change (3M),HIGH,GBP
74addc72-d8ab-405c-8a64-ad69da958195,11/17/2026 07:00:00,ILO Unemployment Rate (3M),HIGH,GBP
cd9421cf-ba95-4bee-8c41-207c0816fc56,11/17/2026 09:00:00,Global Trade Balance,LOW,EUR
0e4d969a-3cad-44e1-8992-45918cc707c6,11/17/2026 09:00:00,Trade Balance EU,LOW,EUR
e06130a7-3357-4220-9f33-d6864e4fd4c9,11/17/2026 10:00:00,ZEW Survey – Current Situation,MEDIUM,EUR
a403f424-740d-4aab-abd2-5fc35d8f21b6,11/17/2026 10:00:00,ZEW Survey – Economic Sentiment,MEDIUM,EUR
8e05e89b-1e16-4a55-8132-e04c6695f90f,11/17/2026 10:00:00,Harmonized Index of Consumer Prices (MoM),MEDIUM,EUR
1e92729f-6968-4b8f-bf07-797ff1718ace,11/17/2026 10:00:00,ZEW Survey – Economic Sentiment,MEDIUM,EUR
80272b23-9f7b-4e08-9680-a962edad9606,11/17/2026 13:15:00,ADP Employment Change 4-week average,MEDIUM,USD
a8215254-5e1b-45fe-9bb0-c1a04693f6a5,11/17/2026 13:30:00,Canadian Portfolio Investment in Foreign Securities,LOW,CAD
0b97f565-329f-435e-9b02-0a62ab5eec0f,11/17/2026 13:30:00,Foreign Portfolio Investment in Canadian Securities,LOW,CAD
ea9a4f85-ab0b-4b80-9953-e6e65d7e17b0,11/17/2026 13:30:00,Export Price Index (MoM),LOW,USD
ac1c75fb-1878-4ce4-8903-c93f4c411dc4,11/17/2026 13:30:00,Export Price Index (YoY),LOW,USD
72b7b672-321f-4344-9cc5-467af667a3d3,11/17/2026 13:30:00,Import Price Index (MoM),LOW,USD
13989e37-c2b2-4924-b2a6-4d4aca4d6201,11/17/2026 13:30:00,Import Price Index (YoY),LOW,USD
94a81821-a5f9-49b8-aa91-78fa3992fb3c,11/17/2026 13:30:00,Retail Sales (MoM),HIGH,USD
17d941f7-46b4-4bfa-bdf7-fef3d1767d4c,11/17/2026 13:30:00,Retail Sales (YoY),LOW,USD
9e7b2e58-e6d0-417d-b9d7-56ea5eedecec,11/17/2026 13:30:00,Retail Sales Control Group,HIGH,USD
837638b4-f9c6-4f3b-bcff-e134eb83c20e,11/17/2026 13:30:00,Retail Sales ex Autos (MoM),MEDIUM,USD
c1e77c92-8222-4722-8ab0-738dddc3fd19,11/17/2026 13:55:00,Redbook Index (YoY),LOW,USD
3b3b4edf-9d0a-44c7-b75e-e9240d1898f2,11/17/2026 14:15:00,Capacity Utilization,LOW,USD
8f7d19b2-f146-48b2-a2b0-142df3a4cbdb,11/17/2026 14:15:00,Industrial Production (MoM),MEDIUM,USD
388b82b4-a0cb-4e70-a678-3771e8c4a6e8,11/17/2026 15:00:00,GDT Price Index,LOW,NZD
1616cfb8-ef53-4aa9-9a24-572a2f49844c,11/17/2026 15:00:00,Business Inventories,LOW,USD
906fcee5-f66b-4d54-893f-4f6d80220f83,11/17/2026 15:00:00,NAHB Housing Market Index,LOW,USD
aa30e5d0-6138-43d1-b4b5-7b8c198c3b3f,11/17/2026 21:30:00,API Weekly Crude Oil Stock,LOW,USD
e04e187f-9be1-448e-b720-c625f8928fd6,11/18/2026 00:00:00,Westpac Leading Index (MoM),LOW,AUD
225be7ab-abc8-4a0c-aa96-7c6e259bd130,11/18/2026 00:30:00,Wage Price Index (QoQ),MEDIUM,AUD
629d7e72-44c4-49b3-ba3b-f81d50ec2116,11/18/2026 00:30:00,Wage Price Index (YoY),LOW,AUD
493f07f9-cedc-46fd-9045-a3e311035ed2,11/18/2026 07:00:00,Consumer Price Index (MoM),HIGH,GBP
8a6c1138-c1a6-425a-8867-81470e479d4f,11/18/2026 07:00:00,Consumer Price Index (YoY),HIGH,GBP
7c53447e-694a-4ffc-b0a8-acf33f38a1e4,11/18/2026 07:00:00,Core Consumer Price Index (YoY),HIGH,GBP
cb1199a6-a407-4dd6-a102-7dd39ece0607,11/18/2026 07:00:00,PPI Core Output (MoM) n.s.a,MEDIUM,GBP
1745dfd0-5ca3-41e7-a104-2ccb33356169,11/18/2026 07:00:00,"PPI Core Output (YoY) n.s.a ",MEDIUM,GBP
3bbf23cf-fbf2-4b45-90cd-d387a0f6f0c0,11/18/2026 07:00:00,Producer Price Index - Input (MoM) n.s.a,LOW,GBP
8e482c4a-4afe-4e4e-b15a-85efb8955267,11/18/2026 07:00:00,Producer Price Index - Input (YoY) n.s.a,LOW,GBP
3e64759a-10b2-4604-aaeb-e4f63f312d5c,11/18/2026 07:00:00,Producer Price Index - Output (MoM) n.s.a,MEDIUM,GBP
4155c088-f4af-438a-ab19-3e2d24465225,11/18/2026 07:00:00,Producer Price Index - Output (YoY) n.s.a,LOW,GBP
466c391d-2db6-4699-b96f-0096eb9183f9,11/18/2026 07:00:00,Retail Price Index (MoM),MEDIUM,GBP
2eadfd6e-4b50-424d-bde3-74c97ca93e63,11/18/2026 07:00:00,Retail Price Index (YoY),MEDIUM,GBP
cf34e9d7-3b7c-4b5e-ad3b-1d084d7e0c31,11/18/2026 09:00:00,FDI - Foreign Direct Investment (YTD) (YoY),LOW,CNY
306ee451-848a-44c6-b1e7-ef461c9706e9,11/18/2026 09:00:00,Current Account n.s.a,LOW,EUR
6ef752db-d007-417d-b274-5ceca06e7773,11/18/2026 09:00:00,Current Account s.a,LOW,EUR
c9940811-429b-48e0-9799-be27961305b1,11/18/2026 09:00:00,Consumer Price Index (EU Norm) (MoM),LOW,EUR
5c9b41a3-da4c-44a5-9612-fd1309449ef6,11/18/2026 09:00:00,Consumer Price Index (EU Norm) (YoY),MEDIUM,EUR
f8180d55-e56c-498a-b24a-47a7043097cd,11/18/2026 09:00:00,Consumer Price Index (MoM),LOW,EUR
e3b597f1-6870-4796-b9db-6d3a031cfbc2,11/18/2026 09:00:00,Consumer Price Index (YoY),MEDIUM,EUR
3d904a98-be27-4658-842a-f66693be0b3e,11/18/2026 09:30:00,DCLG House Price Index (YoY),LOW,GBP
07e372a3-7dfc-420e-83ef-862b459c7a77,11/18/2026 10:00:00,Core Harmonized Index of Consumer Prices (MoM),MEDIUM,EUR
127fa8eb-8e4d-4de4-8575-b66c3042d130,11/18/2026 10:00:00,Core Harmonized Index of Consumer Prices (YoY),MEDIUM,EUR
33455dad-32ab-483a-90b2-1467ab9752ac,11/18/2026 10:00:00,Harmonized Index of Consumer Prices (YoY),LOW,EUR
9f3ec2d3-23e0-478c-8f1a-f88efda23d5a,11/18/2026 12:00:00,MBA Mortgage Applications,LOW,USD
d488ab50-a011-48e9-9512-6a1cc44d9a45,11/18/2026 13:15:00,Housing Starts s.a (YoY),LOW,CAD
4a6eb810-1a77-41d3-913e-34753160e15c,11/18/2026 13:30:00,Building Permits (MoM),MEDIUM,USD
d164006c-55c3-4c5f-8014-ec55ddd4698a,11/18/2026 13:30:00,Building Permits Change,LOW,USD
d44d06ba-95b8-4ff4-add7-bcd65964fb5a,11/18/2026 13:30:00,Housing Starts (MoM),MEDIUM,USD
a08bc30a-a62d-40b4-914e-a48edbcc09ef,11/18/2026 13:30:00,Housing Starts Change,LOW,USD
7595b1bc-753e-4d65-927a-2ed94deae7bd,11/18/2026 15:30:00,EIA Crude Oil Stocks Change,LOW,USD
00c99173-cd4c-4855-ae6f-3efed0642769,11/18/2026 15:30:00,EIA Distillate Stocks Change,LOW,USD
f1011f08-aeaa-44b9-bb07-d47a8146952e,11/18/2026 15:30:00,EIA Gasoline Stocks Change,LOW,USD
86b406a1-cdf5-4426-8b13-ab84a92fd886,11/18/2026 15:30:00,EIA Heating Oil Stocks Change,LOW,USD
125becc3-8f58-48df-b7a2-87763af4bf53,11/18/2026 18:00:00,20-Year Bond Auction,LOW,USD
d97b15ef-1df0-4a15-b58a-326c46646d1a,11/18/2026 19:00:00,FOMC Minutes,HIGH,USD
0144b396-e220-4a2f-bbfa-8872cb43a4fd,11/18/2026 21:00:00,Net Long-Term TIC Flows,LOW,USD
a192b245-9e73-4944-ae35-d32c18c15b5e,11/18/2026 21:00:00,Total Net TIC Flows,LOW,USD
4cd122cb-00a7-496d-9a27-d77c167568c2,11/18/2026 21:45:00,Exports,MEDIUM,NZD
a7757169-08d7-4c1b-8332-9aa51a6ae24b,11/18/2026 21:45:00,Imports,MEDIUM,NZD
25829276-c094-431c-8f28-d6f87b639d6e,11/18/2026 21:45:00,Producer Price Index - Input (QoQ),LOW,NZD
4fbbcd0e-e2a5-48eb-a0ad-b624ada01657,11/18/2026 21:45:00,Producer Price Index - Output (QoQ),MEDIUM,NZD
0298b4c8-3be8-4315-8820-b450bc1657ba,11/18/2026 21:45:00,Trade Balance NZD (MoM),LOW,NZD
6cc67f79-b6df-4fcd-a756-3f183a3d7f57,11/18/2026 21:45:00,Trade Balance NZD (YoY),MEDIUM,NZD
37602ca6-9d42-4a43-b2e9-8412fcd8add6,11/18/2026 23:50:00,Adjusted Merchandise Trade Balance,MEDIUM,JPY
e422a8fb-7cba-448d-8e9b-e6ef9d7ef6b1,11/18/2026 23:50:00,Exports (YoY),MEDIUM,JPY
42a1ea17-f349-45a0-a6e0-87c47507cdec,11/18/2026 23:50:00,Foreign Bond Investment,LOW,JPY
cc6cfdd5-7a86-47a4-97c6-29247b127f95,11/18/2026 23:50:00,Foreign Investment in Japan Stocks,LOW,JPY
924fd09c-5d2a-45dd-ab0a-ce76d22c8c5f,11/18/2026 23:50:00,Imports (YoY),MEDIUM,JPY
75cf18c1-58c2-441d-97d5-597d2bb65d3b,11/18/2026 23:50:00,Merchandise Trade Balance Total,MEDIUM,JPY
0325b359-5799-4c4a-9f9a-63f25d1f36ae,11/19/2026 00:30:00,Employment Change s.a.,HIGH,AUD
ce3aba16-e2be-4ff9-9b64-19412d546187,11/19/2026 00:30:00,Full-Time Employment,MEDIUM,AUD
8d9d62b3-9a2f-425f-924e-80953d4472d9,11/19/2026 00:30:00,Part-Time Employment,MEDIUM,AUD
09a52da5-54eb-40d5-ace0-a4cd2f644a9f,11/19/2026 00:30:00,Participation Rate,MEDIUM,AUD
9b8b5a7b-4bf5-4da4-90e3-ecc6df86a4c7,11/19/2026 00:30:00,Unemployment Rate s.a.,HIGH,AUD
ad1edb81-9a91-4ec1-99a5-4956162bb400,11/19/2026 07:00:00,Exports (MoM),LOW,CHF
a0f3c572-eed8-49f2-89e0-8d721b99b6a3,11/19/2026 07:00:00,Imports (MoM),LOW,CHF
0ae11022-47ea-4d2a-91f7-d6211ee635f4,11/19/2026 07:00:00,Trade Balance,LOW,CHF
6ecdc0e9-5399-4c5a-8706-04c1ed815f08,11/19/2026 10:00:00,Construction Output  s.a (MoM),LOW,EUR
1fbcfce0-3d8d-4256-b853-fde427923fb2,11/19/2026 10:00:00,Construction Output w.d.a (YoY),LOW,EUR
2e12cfde-9b45-43e9-bd7d-d9dc874ad4f9,11/19/2026 13:30:00,Employment Insurance Beneficiaries Change (MoM),LOW,CAD
8fda56a0-ac65-4b2f-85b2-92f20a9d5f85,11/19/2026 13:30:00,Industrial Product Price (MoM),LOW,CAD
cfe40d19-0ec6-4f01-a5d3-4c2a72b25e2a,11/19/2026 13:30:00,Raw Material Price Index,LOW,CAD
cf9710da-4da3-4c08-869f-f8d452ba009a,11/19/2026 13:30:00,Continuing Jobless Claims,LOW,USD
f63465a7-efe9-47d1-baef-8c1a6558e837,11/19/2026 13:30:00,Initial Jobless Claims,MEDIUM,USD
963163ee-c4cd-44e1-9554-45297f47c825,11/19/2026 13:30:00,Initial Jobless Claims 4-week average,LOW,USD
685a12fd-f1f6-404a-afc4-28418c00a896,11/19/2026 13:30:00,Philadelphia Fed Manufacturing Survey,MEDIUM,USD
afd78c23-8b8d-4565-96be-6a602aa6856f,11/19/2026 15:00:00,Pending Home Sales (MoM),MEDIUM,USD
85ed3fb2-8647-4b2e-949a-97cc284cf176,11/19/2026 15:00:00,Pending Home Sales (YoY),LOW,USD
f7035b6c-5297-4d62-8189-aea3c49b112a,11/19/2026 15:30:00,EIA Natural Gas Storage Change,LOW,USD
e0606729-853d-41d8-84e5-30af4b281e45,11/19/2026 16:30:00,4-Week Bill Auction,LOW,USD
a3ba1622-0568-4da2-8dd3-ed64e899bd2a,11/19/2026 18:00:00,10-year TIPS Auction,LOW,USD
2c361dfb-838f-4797-bb41-fb7ff6d6922d,11/19/2026 23:30:00,National Consumer Price Index (YoY),MEDIUM,JPY
28a062e3-2a8c-4bb8-be4c-63f6c44732d9,11/19/2026 23:30:00,"National CPI ex Food, Energy (YoY)",MEDIUM,JPY
9560be50-5920-4977-9e63-4e9f0683f3eb,11/19/2026 23:30:00,National CPI ex Fresh Food (YoY),MEDIUM,JPY
08a5281c-800b-4f16-b290-b1187b9ee781,11/20/2026 00:01:00,GfK Consumer Confidence,MEDIUM,GBP
9a90d25b-1d76-495b-bfa7-4707f1a1ca20,11/20/2026 01:15:00,PBoC Interest Rate Decision,MEDIUM,CNY
82431d39-a250-428d-83a4-c238190127a4,11/20/2026 07:00:00,Producer Price Index (MoM),MEDIUM,EUR
cf1a51e5-5c6a-4c69-a56f-ed75f13f279d,11/20/2026 07:00:00,Producer Price Index (YoY),MEDIUM,EUR
f9a7ae50-7922-4d43-b11e-9e97880cc3eb,11/20/2026 07:00:00,Public Sector Net Borrowing,LOW,GBP
ea2929cb-b55a-4ab6-9f2e-78bb35c1d03f,11/20/2026 07:00:00,Retail Sales (MoM),HIGH,GBP
820d87d7-c7e7-412a-8c51-98b748d79557,11/20/2026 07:00:00,Retail Sales (YoY),MEDIUM,GBP
468df006-b152-4c5b-af50-2ee03942d171,11/20/2026 07:00:00,Retail Sales ex-Fuel (MoM),MEDIUM,GBP
b5fa24bb-ea69-4acd-a624-037d64b84be9,11/20/2026 07:00:00,Retail Sales ex-Fuel (YoY),MEDIUM,GBP
f0132407-1840-44da-9356-8e4fceb6eea2,11/20/2026 07:30:00,Industrial Production (YoY),MEDIUM,CHF
69b2fc75-c800-4f5b-8d40-be0da46eaeaa,11/20/2026 10:00:00,Negotiated Wage Rates (QoQ),LOW,EUR
fe23e633-8600-4bd1-815f-9dac5d26653f,11/20/2026 13:30:00,New Housing Price Index (MoM),LOW,CAD
c1e43bb1-6254-4a83-9c68-541ab52f6a22,11/20/2026 13:30:00,New Housing Price Index (YoY),LOW,CAD
7778882c-f48b-4ec0-8a6f-d701a8afd900,11/20/2026 13:30:00,Retail Sales (MoM),MEDIUM,CAD
c315eeed-17a2-47f5-8414-f61eba791243,11/20/2026 13:30:00,Retail Sales ex Autos (MoM),MEDIUM,CAD
00483e59-4e05-4420-b7fe-0aa378f3d364,11/20/2026 15:00:00,Consumer Confidence,MEDIUM,EUR
327a2365-a1ac-4567-b2ba-2dad26b47ef1,11/20/2026 15:00:00,Michigan Consumer Expectations Index,MEDIUM,USD
00ca8cbc-5856-4362-96a4-5afeb41711b6,11/20/2026 15:00:00,Michigan Consumer Sentiment Index,MEDIUM,USD
4a6697ae-befa-4bc0-802a-90772eadff1b,11/20/2026 15:00:00,UoM 1-year Consumer Inflation Expectations,MEDIUM,USD
96e1a763-8236-4aa0-ab99-153eb80fd0ff,11/20/2026 15:00:00,UoM 5-year Consumer Inflation Expectation,MEDIUM,USD
2552ffa0-f778-47c8-9371-26f1f4fb2f5f,11/20/2026 18:00:00,Baker Hughes US Oil Rig Count,LOW,USD
7cbffe9a-1577-4360-b338-15da18c11566,11/20/2026 20:30:00,CFTC AUD NC Net Positions,LOW,AUD
8389529f-b528-4e84-874e-92e1f0ac2b55,11/20/2026 20:30:00,CFTC EUR NC Net Positions,LOW,EUR
6d2aca1a-3610-4268-8304-618f4e4a9e16,11/20/2026 20:30:00,CFTC JPY NC Net Positions,LOW,JPY
56ad9243-c09c-4c33-b938-15e67542cfd6,11/20/2026 20:30:00,CFTC GBP NC Net Positions,LOW,GBP
4b8228cb-669b-402e-9550-f038f8058c2f,11/20/2026 20:30:00,CFTC Gold NC Net Positions,LOW,USD
ccf3a457-3594-4cd1-82de-f68b40f6c904,11/20/2026 20:30:00,CFTC Oil NC Net Positions,LOW,USD
f8c140e2-577f-4541-bb5e-c7c41a90715d,11/20/2026 20:30:00,CFTC S&P 500 NC Net Positions,LOW,USD
f4c123a8-53a4-4898-bed1-6168e3d3090a,11/22/2026 15:00:00,Labor Thanksgiving Day,NONE,JPY
98010b47-18ea-48a7-80e6-8867fc32d5c7,11/22/2026 21:45:00,Retail Sales (QoQ),HIGH,NZD
e5d9066a-a5ff-47fb-96c5-a9a35fac7f28,11/22/2026 21:45:00,Retail Sales ex Autos (QoQ),MEDIUM,NZD
a926f3d0-db88-435a-a8e3-fab155a42c5d,11/22/2026 22:00:00,S&P Global Composite PMI,MEDIUM,AUD
a641756d-6823-41bd-a718-f0ec43117d2e,11/22/2026 22:00:00,S&P Global Manufacturing PMI,MEDIUM,AUD
a4de42eb-925a-409b-9ea1-6e16f3b975e8,11/22/2026 22:00:00,S&P Global Services PMI,MEDIUM,AUD
b131025e-acae-4464-bcaa-21039ae4387a,11/23/2026 00:30:00,Jibun Bank Manufacturing PMI,LOW,JPY
051de4eb-18dc-4c48-93ef-373a2eca01f5,11/23/2026 00:30:00,Jibun Bank Services PMI,LOW,JPY
24b95e22-7dc4-4d35-8737-e6d3b11f5df4,11/23/2026 07:30:00,Employment Level (QoQ),LOW,CHF
51a607ae-8549-402c-9bc5-97af8bb9182d,11/23/2026 08:30:00,HCOB Composite PMI,HIGH,EUR
e9326071-1ffc-4c94-9af6-8850136e4f61,11/23/2026 08:30:00,HCOB Manufacturing PMI,HIGH,EUR
e6ea5545-7b54-4d8d-ad02-829080a985f8,11/23/2026 08:30:00,HCOB Services PMI,HIGH,EUR
0f97f635-db4e-4427-8679-f4edb8e667ed,11/23/2026 09:00:00,HCOB Composite PMI,HIGH,EUR
51783004-8bad-4e6a-aa3e-4b5d3d40177e,11/23/2026 09:00:00,HCOB Manufacturing PMI,HIGH,EUR
a5eeb932-1402-4286-9e63-c971f439b036,11/23/2026 09:00:00,HCOB Services PMI,HIGH,EUR
a9888f8e-95f9-4c9a-9b90-b97fb7297e50,11/23/2026 09:30:00,S&P Global Composite PMI,HIGH,GBP
1ed4cc35-28ae-4071-b6e0-1db1e148a577,11/23/2026 09:30:00,S&P Global Manufacturing PMI,HIGH,GBP
26c102b0-281c-4bae-bacd-c1b18129a2cb,11/23/2026 09:30:00,S&P Global Services PMI,HIGH,GBP
33fcbcec-bb02-40f2-90f1-438687744ff6,11/23/2026 14:45:00,S&P Global Composite PMI,MEDIUM,USD
59eea359-055e-432e-abb9-1631399881f4,11/23/2026 14:45:00,S&P Global Manufacturing PMI,HIGH,USD
5a045d8e-2e1e-4b3c-85fb-78586fa73d89,11/23/2026 14:45:00,S&P Global Services PMI,HIGH,USD
8948cd5e-a5f8-43e6-9a82-dd9a0fbb8455,11/23/2026 16:30:00,3-Month Bill Auction,LOW,USD
6e5b3e7e-638d-468a-85eb-9d2dbf29ed32,11/23/2026 16:30:00,6-Month Bill Auction,LOW,USD
b18f94c5-eb8c-4fef-bcb2-be3cf93bafe3,11/23/2026 18:00:00,2-Year Note Auction,LOW,USD
1a3fdd65-7c7a-4d11-bca3-7ee18470ec08,11/24/2026 02:00:00,Credit Card Spending (YoY),LOW,NZD
1b48d39d-5741-4af7-ac9b-178300bc908a,11/24/2026 07:45:00,Business Climate in Manufacturing,LOW,EUR
1f3e636a-57b5-4c2c-89e3-ff1b37f0fa49,11/24/2026 07:45:00,Consumer Confidence,LOW,EUR
e4694d37-7305-46aa-9ac7-ee0166cdd189,11/24/2026 08:15:00,HCOB Composite PMI,MEDIUM,EUR
05ecec47-07fa-48e2-b9d4-5c944f7c886d,11/24/2026 08:15:00,HCOB Manufacturing PMI,MEDIUM,EUR
2c51d13f-b961-4829-a265-b126d6f1d07c,11/24/2026 08:15:00,HCOB Services PMI,MEDIUM,EUR
3e2e32f4-4bd8-4efc-b96e-1c35186181c3,11/24/2026 13:15:00,ADP Employment Change 4-week average,MEDIUM,USD
77a1d0a3-3649-43ce-a99c-733e0fcc0ccd,11/24/2026 13:55:00,Redbook Index (YoY),LOW,USD
45df6d9f-d144-4565-b449-e0af73c41ad7,11/24/2026 14:00:00,Housing Price Index (MoM),MEDIUM,USD
f6043a02-e058-4735-a8c3-727a3c444ced,11/24/2026 14:00:00,S&P/Case-Shiller Home Price Indices (YoY),LOW,USD
691231f9-7b47-4f94-9576-61f33b9a1aa2,11/24/2026 15:00:00,Consumer Confidence,MEDIUM,USD
56cfa3ab-182b-4f66-b907-e02a786dc22a,11/24/2026 15:00:00,Richmond Fed Manufacturing Index,LOW,USD
90dac270-bf08-468e-bdf0-47e6f53149dc,11/24/2026 15:30:00,52-Week Bill Auction,LOW,USD
995c5516-e50f-4512-97c2-a0c0aa2ce207,11/24/2026 21:30:00,API Weekly Crude Oil Stock,LOW,USD
d8b3532a-7bf7-4a81-b1e4-0ab080bf74b3,11/24/2026 23:50:00,Corporate Service Price Index (YoY),LOW,JPY
ae1b9bdb-6be9-4afe-b9c4-77dc84fc31c1,11/25/2026 00:30:00,Construction Work Done,LOW,AUD
2a49076f-9167-4fb5-9362-267931312e02,11/25/2026 00:30:00,Consumer Price Index (MoM),MEDIUM,AUD
ec0afe2e-a6f6-44d6-b72a-fb7ec7709405,11/25/2026 00:30:00,Consumer Price Index (YoY),HIGH,AUD
04030d5b-b74c-4e28-b6d3-64387c9052b2,11/25/2026 00:30:00,Trimmed Mean CPI (MoM),MEDIUM,AUD
b6aff569-a84d-49f9-85da-cf30307198f1,11/25/2026 00:30:00,Trimmed Mean CPI (YoY),HIGH,AUD
bb6958b8-75f9-4d5f-b6e4-85a66c2b3419,11/25/2026 07:00:00,Gross Domestic Product (QoQ),MEDIUM,EUR
0623ca07-d118-4939-8017-ab5524032010,11/25/2026 07:00:00,Gross Domestic Product (YoY),MEDIUM,EUR
b4f9f540-81e2-4956-8c53-6e606f5fe08c,11/25/2026 07:00:00,Gross Domestic Product w.d.a (YoY),MEDIUM,EUR
41b9d8f2-f068-472a-add0-c8d192dd45a4,11/25/2026 08:00:00,Non-Monetary Policy ECB Meeting,MEDIUM,EUR
2cf896ad-d83d-402a-a070-63f1b11d4da0,11/25/2026 09:00:00,ZEW Survey – Expectations,MEDIUM,CHF
266e779c-b4c3-471c-90a0-6a37709d39e9,11/25/2026 09:00:00,IFO – Business Climate,MEDIUM,EUR
aa48cb3e-c34e-4d29-bd76-8d9ac8b7edf6,11/25/2026 09:00:00,IFO – Current Assessment,MEDIUM,EUR
521c5214-ac5c-4271-a5e8-b28c76bb14cf,11/25/2026 09:00:00,IFO – Expectations,MEDIUM,EUR
6f34cc0e-7451-4f7e-8acc-36ca7fc95e63,11/25/2026 12:00:00,MBA Mortgage Applications,LOW,USD
a43d0096-4880-4f3b-8c0e-b0081c7d3ee9,11/25/2026 13:30:00,Core Personal Consumption Expenditures (QoQ),MEDIUM,USD
fc581a47-9da2-42c0-99f2-8d398f7f5a99,11/25/2026 13:30:00,Durable Goods Orders,MEDIUM,USD
9372ad5f-dffe-417b-a927-3e39ad77aa3c,11/25/2026 13:30:00,Durable Goods Orders ex Defense,MEDIUM,USD
8f6721cc-b745-4c83-990a-fa7586c5e8a0,11/25/2026 13:30:00,Durable Goods Orders ex Transportation,MEDIUM,USD
bd90b87c-be04-4a81-9d61-f49c4152a0f3,11/25/2026 13:30:00,Gross Domestic Product Annualized,MEDIUM,USD
173b19e8-652d-467d-86c6-9a96bbc40efb,11/25/2026 13:30:00,Gross Domestic Product Price Index,MEDIUM,USD
d09fa664-2fa5-45d1-a556-4afa3ff8bd3d,11/25/2026 13:30:00,Nondefense Capital Goods Orders ex Aircraft,MEDIUM,USD
16ac5fe0-fb21-4eed-ae36-143031d9d8cf,11/25/2026 13:30:00,Personal Consumption Expenditures Prices (QoQ),MEDIUM,USD
6938e25d-18c2-425a-9bab-27d70845a03e,11/25/2026 15:00:00,New Home Sales (MoM),LOW,USD
7d45507d-7398-47e0-8231-0f1c156a066b,11/25/2026 15:00:00,New Home Sales Change (MoM),MEDIUM,USD
f6161bfd-b117-4df4-bdea-043b22ff9788,11/25/2026 15:30:00,EIA Crude Oil Stocks Change,LOW,USD
343458d9-b023-4b56-ae6f-91b4211983ef,11/25/2026 15:30:00,EIA Distillate Stocks Change,LOW,USD
b0959f76-684e-4b32-a590-eda6993c79c2,11/25/2026 15:30:00,EIA Gasoline Stocks Change,LOW,USD
f91a1070-345b-457a-856d-cd5feee69b96,11/25/2026 15:30:00,EIA Heating Oil Stocks Change,LOW,USD
b9cad217-8b58-4c24-9de6-ac048123e6e4,11/25/2026 17:00:00,EIA Natural Gas Storage Change,LOW,USD
90ca48e8-e391-450e-952b-939881dafec1,11/25/2026 18:00:00,5-Year Note Auction,LOW,USD
9807c577-b2a1-4636-9794-acf711490a27,11/25/2026 19:00:00,Fed's Beige Book,MEDIUM,USD
a255919c-70ac-409d-a6d8-1ce7733f4a6f,11/25/2026 23:50:00,Foreign Bond Investment,LOW,JPY
7ead6b8b-b9d8-4868-8fc0-12b6198f7dde,11/25/2026 23:50:00,Foreign Investment in Japan Stocks,LOW,JPY
a0ef654e-2aaa-497c-bdcd-eeecebb77813,11/26/2026 00:30:00,Private Capital Expenditure,MEDIUM,AUD
223125b7-e750-4ab6-93e6-bbea26128272,11/26/2026 00:30:00,RBA Bulletin,LOW,AUD
7c0acc72-1f9c-4de7-b29b-ec84b2cf4605,11/26/2026 05:00:00,Thanksgiving Day,NONE,USD
f7f44400-4d54-4845-bc38-9cd82c520062,11/26/2026 09:00:00,M3 Money Supply (3m),LOW,EUR
27e66ea2-5dec-4d11-8496-513a4aa1ce99,11/26/2026 09:00:00,M3 Money Supply (YoY),LOW,EUR
59fc5b9d-6013-4a70-a951-fd2b8a537c3d,11/26/2026 09:00:00,Private Loans (YoY),LOW,EUR
b637e479-07f9-4baa-8c24-0da8992fdf20,11/26/2026 09:00:00,Business Confidence,LOW,EUR
3df90316-b9fb-4cfd-8764-44f5e8c22987,11/26/2026 09:00:00,Consumer Confidence,LOW,EUR
1dac1be3-d968-41ed-9aa4-602e31d8e6ea,11/26/2026 10:30:00,Financial Stability Report,MEDIUM,GBP
c51d89ac-b0e3-429e-9e55-9b6a61e08ccf,11/26/2026 10:30:00,FPC Meeting Minutes,LOW,GBP
296ccec6-4627-452d-b262-087b01d91970,11/26/2026 10:30:00,FPC Statement,LOW,GBP
acc78656-3c1c-455a-9869-ffe5eecc6dfa,11/26/2026 13:30:00,"Chicago Fed National Activity Index ",LOW,USD
20dfc7e8-8e4a-4d0a-866d-2c68fdb38d38,11/26/2026 13:30:00,Continuing Jobless Claims,LOW,USD
2799ebac-b2e7-46c6-a1cf-c47a0f559063,11/26/2026 13:30:00,Initial Jobless Claims,MEDIUM,USD
812f996e-4011-40da-aa2e-f8f75a6dbd30,11/26/2026 13:30:00,Initial Jobless Claims 4-week average,LOW,USD
a82b91db-a309-45e5-b2e4-072f8a2632a8,11/26/2026 16:00:00,Kansas Fed Manufacturing Activity,LOW,USD
bd1b0059-dcb4-4658-9766-8eebab5f47bd,11/26/2026 16:30:00,4-Week Bill Auction,LOW,USD
620ffa8e-169a-4fbb-9ff6-71925900c1bb,11/26/2026 18:00:00,7-Year Note Auction,LOW,USD
3cd3a608-e9b0-4f59-971d-e2000bb0ef66,11/26/2026 21:00:00,ANZ – Roy Morgan Consumer Confidence,MEDIUM,NZD
216be42a-e689-4f27-8c25-0216d4da9c1f,11/27/2026 05:00:00,Coincident Index,LOW,JPY
f9247b5f-e13a-4755-98b6-eebee022361a,11/27/2026 05:00:00,Leading Economic Index,LOW,JPY
91147c54-976a-48e9-b537-2c8b613c49ab,11/27/2026 07:00:00,GfK Consumer Confidence Survey,MEDIUM,EUR
e69a123a-31c6-4080-9f2c-037c8f621d49,11/27/2026 07:45:00,Gross Domestic Product (QoQ),LOW,EUR
9b9be037-3b6a-4089-aecc-9f33a5153d46,11/27/2026 07:45:00,Producer Prices (MoM),LOW,EUR
a41baa3d-7dd6-4d93-a33d-06514e4a4c22,11/27/2026 08:00:00,Consumer Price Index (MoM),LOW,EUR
31b0dacc-49df-4e2e-b7fc-b841258708ed,11/27/2026 08:00:00,Consumer Price Index (YoY),LOW,EUR
52fe12eb-b372-49df-a6ce-12dbfa3dd38d,11/27/2026 08:00:00,Harmonized Index of Consumer Prices (MoM),LOW,EUR
c9c4f8cd-304c-4158-b52f-603b42515112,11/27/2026 08:00:00,Harmonized Index of Consumer Prices (YoY),MEDIUM,EUR
f597fd66-cdfe-4f40-9fc1-e96295e5c6d4,11/27/2026 08:00:00,Retail Sales (YoY),LOW,EUR
398272df-ff99-4199-9881-410812af33f7,11/27/2026 08:55:00,Unemployment Change,MEDIUM,EUR
ba51343f-b6de-4ae5-b99c-7e03a7cc0aa2,11/27/2026 08:55:00,Unemployment Rate s.a.,MEDIUM,EUR
ebb83e1d-f64a-4d5a-a800-e117dfb2a87c,11/27/2026 09:00:00,Industrial Sales n.s.a. (YoY),LOW,EUR
49b7f55b-3825-435e-92e1-6efa68d0f0a3,11/27/2026 09:00:00,Industrial Sales s.a. (MoM),LOW,EUR
1e184019-99ff-487c-b38a-90002d8a5828,11/27/2026 10:00:00,Business Climate,MEDIUM,EUR
80de23df-5232-4dc2-b290-f6927f20c3ac,11/27/2026 10:00:00,Consumer Confidence,MEDIUM,EUR
38ee515d-90de-4aab-9ee7-157d018fbe91,11/27/2026 10:00:00,Economic Sentiment Indicator,MEDIUM,EUR
e5cc7cdb-0cfc-4894-9a1f-9de1bfcd4b84,11/27/2026 10:00:00,Industrial Confidence,LOW,EUR
9ca7ac5d-2bc7-451c-a2a3-73e6e8acde09,11/27/2026 10:00:00,Services Sentiment,LOW,EUR
63ba2498-3b32-47e0-aa21-0685ecdfc11d,11/27/2026 13:30:00,Gross Domestic Product (MoM),MEDIUM,CAD
319c9a4d-abe6-44dc-80c3-463a5bc94fee,11/27/2026 13:30:00,Core Personal Consumption Expenditures - Price Index (MoM),HIGH,USD
977e5a28-6554-4d7d-961d-cd730d905e84,11/27/2026 13:30:00,Core Personal Consumption Expenditures - Price Index (YoY),HIGH,USD
74040035-628d-475d-8526-9c5c5cc64534,11/27/2026 13:30:00,Goods Trade Balance,LOW,USD
9f03265e-0c87-46e9-ade0-9245202f612b,11/27/2026 13:30:00,Personal Consumption Expenditures - Price Index (MoM),MEDIUM,USD
fc222e03-3dc7-4d6b-85f8-881142da406b,11/27/2026 13:30:00,Personal Consumption Expenditures - Price Index (YoY),MEDIUM,USD
993d60c4-5fd3-49f5-ac03-2fecf2b26fdb,11/27/2026 13:30:00,Personal Income (MoM),MEDIUM,USD
8f3f6de5-8547-450d-a059-abe6708a16d5,11/27/2026 13:30:00,Personal Spending,MEDIUM,USD
51a0b6d5-151c-4fda-be5c-8cf288b51ebf,11/27/2026 13:30:00,Wholesale Inventories,LOW,USD
2e8f5d63-3d8b-4d4a-89bd-ad984e0f2bf4,11/27/2026 18:00:00,Baker Hughes US Oil Rig Count,LOW,USD
4d536e97-8865-43a1-bbda-a4ad97833c3a,11/27/2026 20:30:00,CFTC AUD NC Net Positions,LOW,AUD
19a3bcc8-f966-4e0f-ab5d-5b265974f179,11/27/2026 20:30:00,CFTC EUR NC Net Positions,LOW,EUR
e6850255-a1db-4348-b55b-c073b4a0d762,11/27/2026 20:30:00,CFTC JPY NC Net Positions,LOW,JPY
99163605-bd59-4ed1-bbea-4ccc43d2eb7e,11/27/2026 20:30:00,CFTC GBP NC Net Positions,LOW,GBP
ebaea77a-9259-4128-aa05-b63d7984dbfd,11/27/2026 20:30:00,CFTC Gold NC Net Positions,LOW,USD
807bfad8-372b-44ae-8ef2-d83b8d3845f6,11/27/2026 20:30:00,CFTC Oil NC Net Positions,LOW,USD
a15cc5fb-4d40-4b47-a6b4-79ff6b0496bd,11/27/2026 20:30:00,CFTC S&P 500 NC Net Positions,LOW,USD
a2a98361-fb41-4858-9985-8e99c8fd0e8b,11/30/2026 00:00:00,TD-MI Inflation Gauge (MoM),LOW,AUD
20595daa-15d0-4d98-a746-d9a483b77c72,11/30/2026 00:00:00,TD-MI Inflation Gauge (YoY),MEDIUM,AUD
e156902e-56db-4e65-9f47-086ac0d05fb1,11/30/2026 00:00:00,ANZ Activity Outlook,LOW,NZD
edb04eab-3322-438b-a979-1c465eb45da5,11/30/2026 00:00:00,ANZ Business Confidence,LOW,NZD
f89434b7-6baf-4c70-a635-2d7562f18144,11/30/2026 00:01:00,BRC Shop Price Index (YoY),LOW,GBP
50e0b6e9-edb0-4733-a12f-b60867756f55,11/30/2026 00:30:00,Company Gross Operating Profits (QoQ),LOW,AUD
d5d69fc5-49de-4418-9573-1e4528ff18a7,11/30/2026 00:30:00,Private Sector Credit (MoM),LOW,AUD
dc6572b4-8c7b-4d43-a16a-94fa1c1ada2b,11/30/2026 00:30:00,Private Sector Credit (YoY),LOW,AUD
a6249871-11ef-4a96-87f2-a7a521a0fe96,11/30/2026 01:30:00,NBS Manufacturing PMI,HIGH,CNY
052bce33-768b-4ee1-b604-086a1d245d20,11/30/2026 01:30:00,NBS Non-Manufacturing PMI,HIGH,CNY
8f895f9f-dd54-4b8b-a5ea-32f801c99ad5,11/30/2026 05:00:00,Annualized Housing Starts,LOW,JPY
aab2bb3f-7151-4bed-b851-14585e3bfd1f,11/30/2026 05:00:00,Construction Orders (YoY),LOW,JPY
f74ee8d1-164c-4501-8f7c-2b92c8c7a884,11/30/2026 05:00:00,Consumer Confidence Index,LOW,JPY
bd1ee578-4406-4643-91e3-d63408d2d67a,11/30/2026 05:00:00,Housing Starts (YoY),LOW,JPY
3033ecec-c2de-46c8-8c72-88871aabc101,11/30/2026 07:00:00,Import Price Index (MoM),LOW,EUR
cc25182e-9821-4ed8-b2e3-e220875b0d79,11/30/2026 07:00:00,Import Price Index (YoY),LOW,EUR
10b668f4-0aed-4abc-81bd-8d73aa7719db,11/30/2026 07:00:00,Retail Sales (MoM),MEDIUM,EUR
8b56deba-be73-4a31-b27b-80578a8e8ad7,11/30/2026 07:00:00,Retail Sales (YoY),HIGH,EUR
29c521a2-663b-4b8d-aeb7-366932331a8f,11/30/2026 07:00:00,Nationwide Housing Prices n.s.a (YoY),LOW,GBP
67a34a47-30c3-46cf-9267-da0f32ef6b0e,11/30/2026 07:00:00,Nationwide Housing Prices s.a (MoM),LOW,GBP
e913ace4-4ff2-4e9b-8735-d8de89faac32,11/30/2026 07:45:00,Consumer Price Index (EU norm) (MoM),LOW,EUR
175022b4-8dba-48ca-94f2-48e25dc57a5f,11/30/2026 07:45:00,Consumer Price Index (EU norm) (YoY),MEDIUM,EUR
3d0bb973-05bc-4475-a6c1-07ba26a1e5ec,11/30/2026 07:45:00,Consumer Spending (MoM),LOW,EUR
fb4bb103-ff6f-4cba-b561-cbe0d65d59d9,11/30/2026 07:45:00,Nonfarm Payrolls (QoQ),LOW,EUR
a648af5b-4aae-4aba-9bf7-0112eedec34b,11/30/2026 08:00:00,KOF Leading Indicator,LOW,CHF
56c8eba1-ca84-473b-8061-b685e0ab3809,11/30/2026 09:00:00,Baden-Wuerttemberg CPI (MoM),LOW,EUR
c0a71dac-e369-4972-b701-f719f1a003b7,11/30/2026 09:00:00,Baden-Wuerttemberg CPI (YoY),LOW,EUR
9f67838d-66fc-49cb-9d77-9ff78d3d1ebd,11/30/2026 09:00:00,Bavaria CPI (MoM),LOW,EUR
a8ffded1-0d68-42db-8726-92bf1924d256,11/30/2026 09:00:00,Bavaria CPI (YoY),LOW,EUR
fa5c85f2-522d-4648-a512-2a409d5035c3,11/30/2026 09:00:00,Brandenburg CPI (MoM),LOW,EUR
1a09059e-a112-44e2-bf8b-64b736fcd833,11/30/2026 09:00:00,Brandenburg CPI (YoY),LOW,EUR
c3fc7761-15ed-4754-9d26-288ef15142cc,11/30/2026 09:00:00,Hesse CPI (MoM),LOW,EUR
72184f9a-7982-4686-8cc4-1433d1f053fa,11/30/2026 09:00:00,Hesse CPI (YoY),LOW,EUR
415d5d29-6248-46f6-9daf-fffc2a26a07a,11/30/2026 09:00:00,North Rhine-Westphalia CPI (MoM),LOW,EUR
6f2991f1-df42-403d-ba39-201495033a2c,11/30/2026 09:00:00,North Rhine-Westphalia CPI (YoY),LOW,EUR
1bc8cc5c-9f29-4cd8-91b7-037044f3c53c,11/30/2026 09:00:00,Saxony CPI (MoM),LOW,EUR
f106ed34-0155-44c7-b4be-f083027c2723,11/30/2026 09:00:00,Saxony CPI (YoY),LOW,EUR
2e50565c-2275-4bb3-a61b-fa2bed65f216,11/30/2026 09:00:00,Current Account Balance,LOW,EUR
76bf1933-ff14-47af-bed3-c59fcfae6eae,11/30/2026 09:00:00,Gross Domestic Product (QoQ),MEDIUM,EUR
f8dd066f-e845-4c21-981d-ff35810a82f6,11/30/2026 09:00:00,Gross Domestic Product (YoY),MEDIUM,EUR
0aeb3470-2572-45ff-a556-2416838426ae,11/30/2026 09:00:00,Trade Balance non-EU,LOW,EUR
2a7f9bb7-8152-4e86-bf89-fa2300b12bc1,11/30/2026 09:00:00,Unemployment,LOW,EUR
2ac076e3-5def-44ef-9b55-716c6e89419d,11/30/2026 09:30:00,Consumer Credit,LOW,GBP
e9e67865-9eba-4d1a-b48d-508f729a739b,11/30/2026 09:30:00,M4 Money Supply (MoM),LOW,GBP
d48f776b-d47e-48fc-bd76-c7c028d750f4,11/30/2026 09:30:00,M4 Money Supply (YoY),LOW,GBP
d352bcdc-7a78-42ca-9510-245dcaa055e5,11/30/2026 09:30:00,Mortgage Approvals,LOW,GBP
f5a0807f-33d8-4153-bc85-8ba8db730411,11/30/2026 09:30:00,Net Lending to Individuals (MoM),LOW,GBP
64586637-e46e-4652-bcd4-c6bef6fc5bfc,11/30/2026 10:00:00,Consumer Price Index (EU Norm) (MoM),LOW,EUR
80417baf-7adc-407f-af87-c89911570002,11/30/2026 10:00:00,Consumer Price Index (EU Norm) (YoY),MEDIUM,EUR
f2954435-9c84-4814-a710-8561be0c990b,11/30/2026 10:00:00,Consumer Price Index (MoM),LOW,EUR
1c0c0143-7f27-4ca5-9cc2-1234ac7ec10a,11/30/2026 10:00:00,Consumer Price Index (YoY),MEDIUM,EUR
d0867e88-70c8-46fc-9259-5c410ffda31b,11/30/2026 10:00:00,Producer Price Index (MoM),LOW,EUR
ca1b69d3-f387-43e4-bd8c-079844eba7b5,11/30/2026 10:00:00,Producer Price Index (YoY),LOW,EUR
9432f73f-46b0-4e30-aaac-95ba108fea8a,11/30/2026 13:00:00,Consumer Price Index (MoM),HIGH,EUR
20297ef8-2ae3-4b02-be51-525d787ef369,11/30/2026 13:00:00,Consumer Price Index (YoY),HIGH,EUR
cf02c40b-3877-408e-a196-5c3476773e11,11/30/2026 13:00:00,Harmonized Index of Consumer Prices (MoM),MEDIUM,EUR
06bdc96f-b26f-4a80-82dc-0ba06567ade1,11/30/2026 13:00:00,Harmonized Index of Consumer Prices (YoY),HIGH,EUR
f7134e1b-6404-4b01-a07a-d5ac8aac5afe,11/30/2026 13:30:00,Current Account,MEDIUM,CAD
b429c023-2b67-40c7-873d-a2a836b88996,11/30/2026 14:45:00,Chicago PMI,MEDIUM,USD
9be61813-69fb-4fba-90ed-18b042154350,11/30/2026 15:30:00,Dallas Fed Manufacturing Business Index,LOW,USD
1ad02c75-4243-4027-98a2-e0a895272f49,11/30/2026 16:30:00,3-Month Bill Auction,LOW,USD
eb27147e-85c6-4b35-8415-60a0eaa52841,11/30/2026 16:30:00,6-Month Bill Auction,LOW,USD
cf47d934-19af-455d-b2e6-95a02debdca3,11/30/2026 21:45:00,Building Permits s.a. (MoM),MEDIUM,NZD
620c9e8f-f6ee-4d8e-9b1f-4246759beca3,11/30/2026 22:00:00,S&P Global Manufacturing PMI,LOW,AUD
6dbb35b7-71bd-4bb6-9158-8dda124b01d5,11/30/2026 23:30:00,Jobs / Applicants Ratio,LOW,JPY
6e9307f7-a0a1-4975-84e9-137c9da08852,11/30/2026 23:30:00,Tokyo Consumer Price Index (YoY),HIGH,JPY
07b2112c-6c7b-4d3d-9969-621688dbd587,11/30/2026 23:30:00,"Tokyo CPI ex Food, Energy (YoY)",HIGH,JPY
d16db09d-8335-4950-941d-edc6d2cf9203,11/30/2026 23:30:00,Tokyo CPI ex Fresh Food (YoY),MEDIUM,JPY
30db7c3b-25bf-4c01-9ec8-bba458ee0f4d,11/30/2026 23:30:00,Unemployment Rate,MEDIUM,JPY
ba2de1ee-94bf-42fc-b87c-7ea50df20865,11/30/2026 23:50:00,Capital Spending,LOW,JPY
0cd6f031-b059-4214-8727-4f68b2fe8834,11/30/2026 23:50:00,Industrial Production (MoM),LOW,JPY
67e0ad5b-f0da-423f-b604-53d34146e9db,11/30/2026 23:50:00,Industrial Production (YoY),LOW,JPY
ef1deda7-3f98-4e12-9f39-d9c58fff0935,11/30/2026 23:50:00,Large Retailer Sales,MEDIUM,JPY
73544f82-358e-4198-ba30-f1d9f42b457a,11/30/2026 23:50:00,Retail Trade (YoY),MEDIUM,JPY
10af5562-4fd3-42ac-9f34-7d543bbaf482,11/30/2026 23:50:00,Retail Trade s.a (MoM),MEDIUM,JPY
f568dfd6-71e9-4908-b7f8-99b9e60cc3cd,12/01/2026 00:30:00,Building Permits (MoM),MEDIUM,AUD
c1064cac-a0cb-41cb-8bb4-c2e6607a5bc8,12/01/2026 00:30:00,Building Permits (YoY),LOW,AUD
35e23a31-6e0d-44f0-bdcb-127f06fc5412,12/01/2026 00:30:00,Current Account Balance,LOW,AUD
1bb9fab1-1117-413f-85b2-a75d1589a16a,12/01/2026 00:30:00,Jibun Bank Manufacturing PMI,LOW,JPY
a61dee45-27f5-4c1b-b737-b7d02f4b1201,12/01/2026 01:45:00,RatingDog Manufacturing PMI,HIGH,CNY
bddb9bd8-3631-41f9-8d74-167dfdcb5b59,12/01/2026 05:30:00,RBA Commodity Index SDR (YoY),LOW,AUD
e177fb2f-d4de-4e96-b621-7b6749ed99b0,12/01/2026 07:00:00,Gross Domestic Product (QoQ),HIGH,CHF
fbafba6c-58c7-44ee-a5cb-36c6d011bf93,12/01/2026 07:00:00,Gross Domestic Product (YoY),MEDIUM,CHF
3c6a6ef2-4865-41c5-b16a-3415958a4f8c,12/01/2026 07:30:00,Real Retail Sales (YoY),MEDIUM,CHF
34904abf-e27c-4554-80cd-be9369f41c8e,12/01/2026 08:15:00,HCOB Manufacturing PMI,MEDIUM,EUR
06e7a8d5-8efd-4817-ba2e-9c6f0329e029,12/01/2026 08:30:00,SVME - Purchasing Managers' Index,LOW,CHF
2e8c9a4a-c743-4e7f-aa13-3854c1b7bc57,12/01/2026 08:45:00,HCOB Manufacturing PMI,MEDIUM,EUR
5e50c73e-9118-4e22-ad9d-0d9a70df3f44,12/01/2026 08:50:00,HCOB Manufacturing PMI,LOW,EUR
cd1801c6-14e1-4b00-b7f5-6fa4c0de39d1,12/01/2026 08:55:00,HCOB Manufacturing PMI,MEDIUM,EUR
1371f6a9-710d-46bc-9fe4-58eac188d11c,12/01/2026 09:00:00,HCOB Manufacturing PMI,LOW,EUR
66375a51-5430-4a0f-8ccc-cf7be6d60833,12/01/2026 09:30:00,S&P Global Manufacturing PMI,LOW,GBP
6ca97029-5fe1-45f4-8ca7-8f32a6abf812,12/01/2026 10:00:00,Core Harmonized Index of Consumer Prices (MoM),HIGH,EUR
5f477094-400c-4edc-aac7-6b3b1b1dfd43,12/01/2026 10:00:00,Core Harmonized Index of Consumer Prices (YoY),HIGH,EUR
13df1ec8-04bc-421d-8bbc-0643492628ef,12/01/2026 10:00:00,Harmonized Index of Consumer Prices (YoY),HIGH,EUR
d076f15d-82b0-467c-9a95-0c37d31ffcbd,12/01/2026 13:30:00,Gross Domestic Product (QoQ),MEDIUM,CAD
8f249def-8a17-4ddc-9d06-b2e508f40531,12/01/2026 13:30:00,Gross Domestic Product Annualized,HIGH,CAD
73abda20-ab92-4bef-8fec-c9adb2a57525,12/01/2026 13:55:00,Redbook Index (YoY),LOW,USD
4804c9cc-7d4a-4f9b-a7c4-58f401cdbdb7,12/01/2026 14:30:00,S&P Global Manufacturing PMI,MEDIUM,CAD
cda83f9b-8dfe-43e7-b169-7533dbaae3b2,12/01/2026 14:45:00,S&P Global Manufacturing PMI,LOW,USD
c3b53a4e-c7cc-4eb9-b123-11592eaab3f0,12/01/2026 15:00:00,GDT Price Index,LOW,NZD
02332b51-c5f0-43ab-836b-3ca6781fd0bc,12/01/2026 15:00:00,Construction Spending (MoM),LOW,USD
2d9fadc3-ab48-4daf-bc88-b2f49394c010,12/01/2026 15:00:00,ISM Manufacturing Employment Index,MEDIUM,USD
86712452-5330-47a3-a71a-31993377cc4a,12/01/2026 15:00:00,ISM Manufacturing New Orders Index,MEDIUM,USD
53681dc8-a28d-4e2e-a81d-c62769e53606,12/01/2026 15:00:00,ISM Manufacturing PMI,HIGH,USD
31a27f32-74cb-414e-9b78-05fb51a3d9d8,12/01/2026 15:00:00,ISM Manufacturing Prices Paid,MEDIUM,USD
34577330-dbcd-4919-bf6f-b2069cec0e24,12/01/2026 15:00:00,JOLTS Job Openings,MEDIUM,USD
88dcdc11-21b1-4f35-8198-04af5052ffa3,12/01/2026 15:00:00,RealClearMarkets/TIPP Economic Optimism (MoM),LOW,USD
c6cf5bbd-be2e-4544-b62d-c16b7c60b137,12/01/2026 21:30:00,API Weekly Crude Oil Stock,LOW,USD
34a0d4eb-2781-4367-8436-581a05afe549,12/01/2026 21:45:00,Terms of Trade Index,LOW,NZD
6579f749-0fe7-4e19-aa01-1cdd79472031,12/01/2026 22:00:00,Ai Group Construction PMI,LOW,AUD
020afe1d-f50b-4adc-b8a0-125719d2bcbc,12/01/2026 22:00:00,Ai Group Manufacturing PMI,LOW,AUD
e6807620-d23d-4391-ae7d-d11c6978d792,12/01/2026 22:00:00,AiG Industry Index,MEDIUM,AUD
5cd772e1-60ab-4bcf-aab6-ee7474a7bf65,12/01/2026 23:50:00,Monetary Base (YoY),LOW,JPY
8421abec-76b1-4b74-bc89-809bb2b62434,12/02/2026 00:30:00,Gross Domestic Product (QoQ),HIGH,AUD
34a3af80-c4ae-4cf7-9993-8383bca27fa2,12/02/2026 00:30:00,Gross Domestic Product (YoY),MEDIUM,AUD
ba3fc005-64f7-4258-bcb6-755d322005f0,12/02/2026 07:30:00,Consumer Price Index (MoM),MEDIUM,CHF
4eaf0f22-02dc-4a3a-8501-4a401fd8f186,12/02/2026 07:30:00,Consumer Price Index (YoY),HIGH,CHF
e74661dc-6d8d-4dca-a3fe-d6356704db85,12/02/2026 10:00:00,Harmonized Index of Consumer Prices (MoM),HIGH,EUR
df78383c-0af0-424a-b1c0-c6b25eead7a7,12/02/2026 10:00:00,Unemployment Rate,MEDIUM,EUR
9cdf1b43-e047-43e2-b206-8f8a5b726c04,12/02/2026 12:00:00,MBA Mortgage Applications,LOW,USD
c06b7892-e635-4827-ac1a-b153aab0eb9b,12/02/2026 13:15:00,ADP Employment Change,HIGH,USD
46967c1b-1ac9-4717-9db0-4aa3e4df8f65,12/02/2026 13:30:00,Labor Productivity (QoQ),LOW,CAD
93a0c7b3-8d29-4c8b-923b-80c04057ebc5,12/02/2026 15:30:00,EIA Crude Oil Stocks Change,LOW,USD
d466b7d8-19d0-4204-a212-7a9183f93067,12/02/2026 15:30:00,EIA Distillate Stocks Change,LOW,USD
c4a5c669-a597-4a05-8547-49e9c28877f9,12/02/2026 15:30:00,EIA Gasoline Stocks Change,LOW,USD
18113e3d-e1e0-4b56-8ad7-31c864cf4e75,12/02/2026 15:30:00,EIA Heating Oil Stocks Change,LOW,USD
45a7b802-4505-47f4-a162-c53824a645c2,12/02/2026 20:30:00,Total Vehicle Sales,LOW,USD
3cbd4e27-0d97-488a-a3d9-9b62514ceb0a,12/02/2026 22:00:00,S&P Global Composite PMI,MEDIUM,AUD
759ceea9-c4d1-404d-aac7-e775dbb5b16c,12/02/2026 22:00:00,S&P Global Services PMI,MEDIUM,AUD
1ffdc879-e568-482e-a6b7-2f63e33b71d3,12/02/2026 23:50:00,Foreign Bond Investment,LOW,JPY
cac08cdf-3cb4-42b7-b3ff-71a25b7c3e6a,12/02/2026 23:50:00,Foreign Investment in Japan Stocks,LOW,JPY
691dbb6f-162d-451e-a983-61865daaa01c,12/03/2026 00:00:00,ANZ Commodity Price,LOW,NZD
49280315-757c-421e-a310-42656efbd050,12/03/2026 00:30:00,Exports (MoM),MEDIUM,AUD
24ae4502-0ce4-420e-ac54-65663e817d4d,12/03/2026 00:30:00,Imports (MoM),MEDIUM,AUD
16758672-76f4-4aae-bf89-05f0bee46937,12/03/2026 00:30:00,Trade Balance (MoM),HIGH,AUD
5c173fc2-5dfa-49c6-82fd-3ce90624a64d,12/03/2026 00:30:00,Jibun Bank Services PMI,LOW,JPY
a5eb386a-4df3-45bc-ad3a-9286d514e58a,12/03/2026 01:45:00,RatingDog Services PMI,HIGH,CNY
936a98f3-35b3-40d7-a7a7-421cb6616f19,12/03/2026 03:35:00,10-y Bond Auction,LOW,JPY
1ef25200-9829-46d6-8116-4a61dd7522fe,12/03/2026 07:45:00,Budget Balance,LOW,EUR
afb52053-75f2-4b7b-9a2f-7d890f16530b,12/03/2026 08:15:00,HCOB Services PMI,MEDIUM,EUR
4e140149-18a4-42dc-9b08-795c2ceeadae,12/03/2026 08:45:00,HCOB Services PMI,LOW,EUR
741937a8-19ec-47db-b660-557b6e24a8a0,12/03/2026 08:50:00,HCOB Composite PMI,LOW,EUR
b6498260-1088-4f9d-9025-49d7c510e58c,12/03/2026 08:50:00,HCOB Services PMI,LOW,EUR
d13d30fe-321e-41cb-b213-58bf6ffd4009,12/03/2026 08:55:00,HCOB Composite PMI,MEDIUM,EUR
2eab94e0-1e1f-44c3-b5f7-651982111089,12/03/2026 08:55:00,HCOB Services PMI,MEDIUM,EUR
129c809d-0606-4574-b429-82556f1af5bf,12/03/2026 09:00:00,HCOB Composite PMI,MEDIUM,EUR
66f63689-e946-4950-a127-8d02318934bf,12/03/2026 09:00:00,HCOB Services PMI,LOW,EUR
8ffc8e1b-1e35-4c34-bf38-bb1ac97e73d5,12/03/2026 09:15:00,BoE Monetary Policy Report Hearings,HIGH,GBP
72a10f0d-1d40-4a72-800a-c22751c7c58e,12/03/2026 09:30:00,S&P Global Composite PMI,LOW,GBP
c9d23882-32e7-495e-a533-9651eadb609a,12/03/2026 09:30:00,S&P Global Services PMI,LOW,GBP
145749ec-22d3-4170-bebc-6bf4fe2b382c,12/03/2026 10:00:00,Producer Price Index (MoM),MEDIUM,EUR
c525456e-d322-45ed-b4d2-7132a362ac06,12/03/2026 10:00:00,Producer Price Index (YoY),MEDIUM,EUR
5c5d6b4c-ab3a-4049-b95b-9f17c2fac85d,12/03/2026 10:30:00,Challenger Job Cuts,MEDIUM,USD
ad49dd0b-da2a-4bf5-81e2-0bcbb120bfde,12/03/2026 13:30:00,Continuing Jobless Claims,LOW,USD
4d889abd-df04-4c86-87df-e71202dc1ff0,12/03/2026 13:30:00,Initial Jobless Claims,MEDIUM,USD
33fa6da1-02a4-400f-be8d-09d88b565577,12/03/2026 13:30:00,Initial Jobless Claims 4-week average,LOW,USD
ad291f77-96db-4b9c-8fc0-75bdd79f0ae8,12/03/2026 14:45:00,S&P Global Composite PMI,MEDIUM,USD
bdc6b4c8-018b-4aa8-86b7-890be2353598,12/03/2026 14:45:00,S&P Global Services PMI,LOW,USD
20985000-ef97-46e2-a6cc-d18bbf03cb83,12/03/2026 15:00:00,Factory Orders (MoM),MEDIUM,USD
e025cb24-f5f5-4be2-8f59-c3c2f7a7b965,12/03/2026 15:00:00,ISM Services Employment Index,MEDIUM,USD
efd97113-509d-4e4e-85b0-658a92086f2c,12/03/2026 15:00:00,ISM Services New Orders Index,MEDIUM,USD
5181b7e1-326c-4e28-9636-3fbaf38279d1,12/03/2026 15:00:00,ISM Services PMI,HIGH,USD
64708035-0916-4cfc-87f1-2965f096b3d3,12/03/2026 15:00:00,ISM Services Prices Paid,MEDIUM,USD
a2ceab7d-dbac-4867-b846-24b6310d80c2,12/03/2026 15:30:00,EIA Natural Gas Storage Change,LOW,USD
40bcbe6f-72c4-4775-8112-d47ac7fca2d6,12/03/2026 16:30:00,4-Week Bill Auction,LOW,USD
fc97967c-a1c8-49ca-817f-c3718942078c,12/04/2026 07:45:00,Industrial Output (MoM),LOW,EUR
c135b357-cbe4-4987-8360-74f231ca2ffe,12/04/2026 08:00:00,Industrial Output Cal Adjusted (YoY),LOW,EUR
17b05151-4c0f-4e6c-812e-6605feea0a44,12/04/2026 08:00:00,Unemployment Change,LOW,EUR
4f77ad4b-94bc-4eb9-a922-6bf6bd74235a,12/04/2026 09:00:00,Retail Sales n.s.a (YoY),LOW,EUR
0a36bf3b-1fad-47f6-a632-d2723f3d370e,12/04/2026 09:00:00,Retail Sales s.a. (MoM),LOW,EUR
7afa706e-4e06-47be-9529-cd53b52f65bb,12/04/2026 09:30:00,S&P Global Construction PMI,LOW,GBP
5d5546d0-dce8-4186-8f72-9d1c246e44d0,12/04/2026 10:00:00,Retail Sales (MoM),MEDIUM,EUR
576107ce-d2b7-43b8-a46c-9ed4f644c790,12/04/2026 10:00:00,Retail Sales (YoY),HIGH,EUR
2c2c57bb-4fab-4bd2-ba3b-1d4508186b0c,12/04/2026 13:30:00,Average Hourly Wages (YoY),MEDIUM,CAD
2aa2d3c0-90b8-4249-b98d-3c78b5dedbf6,12/04/2026 13:30:00,Net Change in Employment,HIGH,CAD
396ee349-c44a-478c-abcf-5829615e2932,12/04/2026 13:30:00,Participation Rate,LOW,CAD
f9e794c8-e68d-4a0b-a1a5-bd8fcd01d908,12/04/2026 13:30:00,Unemployment Rate,HIGH,CAD
b49ee1fa-42a0-4273-995b-2eb1f7d68f3e,12/04/2026 13:30:00,Average Hourly Earnings (MoM),HIGH,USD
09a8ce2f-ea31-434b-9c97-68e820b28eac,12/04/2026 13:30:00,Average Hourly Earnings (YoY),HIGH,USD
04605e4a-82ec-44d6-8a5a-1b35f8538a09,12/04/2026 13:30:00,Average Weekly Hours,LOW,USD
b1b160fc-420a-43da-99e5-792865c389d8,12/04/2026 13:30:00,Labor Force Participation Rate,MEDIUM,USD
eec79d54-dcef-4c18-9314-ea051fefd13f,12/04/2026 13:30:00,Nonfarm Payrolls,HIGH,USD
284a102d-2b42-412e-8357-e8ad8730d73f,12/04/2026 13:30:00,U6 Underemployment Rate,MEDIUM,USD
d6c72528-7521-4397-8961-a382924bf061,12/04/2026 13:30:00,Unemployment Rate,MEDIUM,USD
83c0c7df-8b19-4a32-be99-4346d7580535,12/04/2026 15:00:00,Michigan Consumer Expectations Index,MEDIUM,USD
37382c85-1bad-4245-85f5-5a26a196507e,12/04/2026 15:00:00,Michigan Consumer Sentiment Index,HIGH,USD
b831ed6f-742b-4eaf-9b97-75b661fc3720,12/04/2026 15:00:00,UoM 1-year Consumer Inflation Expectations,MEDIUM,USD
2fbc2911-b619-4e73-b2bc-fc5d3a0cd6a9,12/04/2026 15:00:00,UoM 5-year Consumer Inflation Expectation,MEDIUM,USD
cc4bef68-0c11-40d6-a8c7-7ded1f2e2405,12/04/2026 18:00:00,Baker Hughes US Oil Rig Count,LOW,USD
da8667d9-d3b1-498c-9dff-8a9cdd13f383,12/04/2026 20:30:00,CFTC AUD NC Net Positions,LOW,AUD
22eb0b88-30c4-4169-9858-82f2183d953a,12/04/2026 20:30:00,CFTC EUR NC Net Positions,LOW,EUR
c43524b6-0d76-4eb7-87eb-52c3592d36ca,12/04/2026 20:30:00,CFTC JPY NC Net Positions,LOW,JPY
8d6ca15c-c093-4dc3-a51e-b14675cb0a13,12/04/2026 20:30:00,CFTC GBP NC Net Positions,LOW,GBP
c2c478ae-e74d-420c-8018-bae6478592d8,12/04/2026 20:30:00,CFTC Gold NC Net Positions,LOW,USD
8b65c122-d3fd-4652-958e-a11a64f5f961,12/04/2026 20:30:00,CFTC Oil NC Net Positions,LOW,USD
4996b99e-a1a3-4508-bd56-7c85b7576346,12/04/2026 20:30:00,CFTC S&P 500 NC Net Positions,LOW,USD
636b2b86-ee07-4a17-9004-cff015523e90,12/05/2026 22:00:00,Spanish Constitution Day,NONE,EUR
1541d767-5d09-46fa-a80f-b6f33a7cd1a4,12/06/2026 23:50:00,Gross Domestic Product (QoQ),HIGH,JPY
40e118e1-20b4-4468-ac7c-d14cc6ef7002,12/06/2026 23:50:00,Gross Domestic Product Annualized,MEDIUM,JPY
4981b6df-c407-45e0-9690-6805534697e0,12/06/2026 23:50:00,Gross Domestic Product Deflator (YoY),MEDIUM,JPY
09c97302-a89b-4f3f-8ead-3dcd41d3c75c,12/06/2026 23:50:00,JP Foreign Reserves,LOW,JPY
113667a2-f6b2-4ce8-af3b-e50ac47e7876,12/07/2026 00:30:00,ANZ Job Advertisements,LOW,AUD
6de6dfa6-9e28-4002-af6a-915da4855f91,12/07/2026 05:00:00,Coincident Index,LOW,JPY
2a729e2b-a105-4ef2-b049-60b0e641a1b8,12/07/2026 05:00:00,Leading Economic Index,LOW,JPY
5d3f462a-9cb4-4d51-8d21-8c1743073721,12/07/2026 07:00:00,Factory Orders n.s.a. (YoY),MEDIUM,EUR
ad4a13d3-f533-43ea-acf0-6fa0d87b59b8,12/07/2026 07:00:00,Factory Orders s.a. (MoM),MEDIUM,EUR
cd50d25b-70f6-402c-8a83-7453a73080f5,12/07/2026 07:00:00,Industrial Production n.s.a. w.d.a. (YoY),MEDIUM,EUR
94a42ce5-52c9-410b-abfd-2715b9f67488,12/07/2026 07:00:00,Industrial Production s.a. (MoM),MEDIUM,EUR
5181c807-2c93-49dd-b4cc-bd4560232158,12/07/2026 08:00:00,Foreign Exchange Reserves (MoM),LOW,CNY
27200c1d-9996-4172-826c-91e73f95de4f,12/07/2026 09:30:00,Sentix Investor Confidence,MEDIUM,EUR
db076a7c-7501-446d-858f-796fda3dde6d,12/07/2026 10:00:00,Employment Change (QoQ),MEDIUM,EUR
878e419b-f3ca-4504-9ab0-78db2f62ff78,12/07/2026 10:00:00,Employment Change (YoY),LOW,EUR
6d89c89f-4cbb-49df-869d-bbb6814b2d55,12/07/2026 10:00:00,Gross Domestic Product s.a. (QoQ),MEDIUM,EUR
a24055a4-860f-40fa-923e-e9c1984b34f9,12/07/2026 10:00:00,Gross Domestic Product s.a. (YoY),MEDIUM,EUR
c094b0ac-12ba-4a09-9b40-dd97ad7d5f3f,12/07/2026 16:30:00,3-Month Bill Auction,LOW,USD
0c6360ac-d845-4876-87d8-cf9494eb0673,12/07/2026 16:30:00,6-Month Bill Auction,LOW,USD
95c065c3-b682-42bd-ae41-21bbc6a1b015,12/07/2026 20:00:00,Consumer Credit Change,LOW,USD
6c6c3785-c4aa-4f8c-a970-61f8fd13114c,12/07/2026 22:00:00,Immaculate Conception,NONE,EUR
b9b6c045-4be9-4e19-807a-49e98f959f65,12/07/2026 22:00:00,Immaculate Conception Day,NONE,EUR
c9d5af20-0824-4590-b1f2-8ab23241ed67,12/07/2026 23:30:00,Labor Cash Earnings (YoY),MEDIUM,JPY
726f9de3-8aaa-4485-8500-77a663125db6,12/07/2026 23:30:00,Overall Household Spending (YoY),LOW,JPY
7ef69a70-24bb-4498-aa26-5ce05fe53e3a,12/07/2026 23:50:00,Current Account n.s.a.,MEDIUM,JPY
213f8798-b4f2-4e05-8ad2-4e7ffaac0927,12/07/2026 23:50:00,Trade Balance - BOP Basis,LOW,JPY
f4ebc9bc-a372-436c-802d-3cecd0569c30,12/08/2026 00:01:00,BRC Like-For-Like Retail Sales (YoY),MEDIUM,GBP
44b029bf-ceac-4cd6-a557-158cc6237eb7,12/08/2026 00:30:00,National Australia Bank's Business Conditions,LOW,AUD
1e400f7e-408d-4892-a36f-b23ce5feb684,12/08/2026 00:30:00,National Australia Bank's Business Confidence,LOW,AUD
ea4d4c31-f535-4dce-983b-4f0362089c00,12/08/2026 03:30:00,RBA Interest Rate Decision,HIGH,AUD
23f13ea9-087f-4d7e-9127-452eaee84daa,12/08/2026 03:30:00,RBA Monetary Policy Statement,HIGH,AUD
72dd0db9-b19b-4228-a224-0a9d4ed99a3c,12/08/2026 03:30:00,RBA Rate Statement,HIGH,AUD
c5a2c7fe-a12b-42bc-ac46-a7e71caea7ab,12/08/2026 04:30:00,RBA Press Conference,HIGH,AUD
2af5fb8d-3d9d-4588-a778-23b4c2d1144f,12/08/2026 07:00:00,Lloyds House Price Index (MoM),LOW,GBP
5c3c0df0-193e-4ac4-8ec5-53ef5468f973,12/08/2026 07:00:00,Lloyds House Price Index (YoY),LOW,GBP
56a157f8-7cb4-4b05-8edc-2cd6151e9aba,12/08/2026 07:45:00,Current Account,LOW,EUR
554f18e1-3db2-4f2b-ab31-27276a2bb4a4,12/08/2026 07:45:00,"Exports, EUR",LOW,EUR
e8ab2949-0747-4dcd-ac24-de6a4ddb2982,12/08/2026 07:45:00,"Imports, EUR",LOW,EUR
c81b90c0-9a14-419a-9399-fb6fc95231d8,12/08/2026 07:45:00,Trade Balance EUR,LOW,EUR
b075d5b9-3046-4a73-b8ba-e55afa265308,12/08/2026 11:00:00,NFIB Business Optimism Index,LOW,USD
9e1b8daa-8791-4cbf-a0cb-5943d9b4d58f,12/08/2026 13:15:00,ADP Employment Change 4-week average,MEDIUM,USD
672c1dd8-23e6-4661-8b85-dc5cc5a0249c,12/08/2026 13:30:00,Exports,LOW,CAD
ce00effa-6cff-493f-9d0a-8c315f81719c,12/08/2026 13:30:00,Imports,LOW,CAD
9db5bfe6-2e0d-433b-b8f8-4483dec6feb1,12/08/2026 13:30:00,International Merchandise Trade,LOW,CAD
a7a90641-9d13-4d25-8cd2-90331459b803,12/08/2026 13:30:00,Goods and Services Trade Balance,LOW,USD
b38acafa-32e0-494a-a7cf-488f00fd336e,12/08/2026 13:30:00,Goods Trade Balance,LOW,USD
979e28e7-e9fb-4543-874f-2474b25ed70a,12/08/2026 13:55:00,Redbook Index (YoY),LOW,USD
c23a94fb-97d8-427d-863d-52b97977e80b,12/08/2026 15:00:00,Ivey Purchasing Managers Index,MEDIUM,CAD
86adaa4f-d78e-4a6e-aa9d-22247666943a,12/08/2026 15:00:00,Ivey Purchasing Managers Index s.a,MEDIUM,CAD
68274342-5ddb-4262-ade1-b53dce8c682b,12/08/2026 18:00:00,3-Year Note Auction,LOW,USD
3756a950-1510-4589-ad39-506702bbbecf,12/08/2026 21:30:00,API Weekly Crude Oil Stock,LOW,USD
38af29be-e910-467a-8696-eb2bcf265c2f,12/09/2026 01:00:00,RBNZ Interest Rate Decision,HIGH,NZD
78234ab9-639b-4eaa-abe9-276ffdaa5d13,12/09/2026 01:00:00,RBNZ Monetary Policy Review,HIGH,NZD
7dbf4d77-2a1b-498c-9d33-c65948e09a90,12/09/2026 02:00:00,RBNZ Press Conference,HIGH,NZD
4cf986c1-0f93-40f5-87e4-b3302d2ee48b,12/09/2026 06:00:00,Machine Tool Orders (YoY),LOW,JPY
0b677d93-ecd5-4059-b7ae-1a21ab3b1886,12/09/2026 07:00:00,Exports (MoM),LOW,EUR
3774493f-f3e9-4d22-bc85-59c3ddac97ed,12/09/2026 07:00:00,Imports (MoM),LOW,EUR
1e484a7b-8f0f-4e47-bf0f-417ec7de19e6,12/09/2026 07:00:00,Trade Balance s.a.,MEDIUM,EUR
1d7ed3cb-64f1-467b-b218-69eeaf678a0d,12/09/2026 08:00:00,Foreign Currency Reserves,LOW,CHF
9525ea7a-3f9c-44a0-8fc7-79850c46f03f,12/09/2026 12:00:00,MBA Mortgage Applications,LOW,USD
d7d14404-e3b9-42b7-8924-39a570b78a34,12/09/2026 14:45:00,BoC Interest Rate Decision,HIGH,CAD
17b71778-d51e-470d-9072-ed973720c8aa,12/09/2026 14:45:00,BoC Monetary Policy Statement,HIGH,CAD
0f7b3fd9-c981-4560-823e-51cc16958b88,12/09/2026 15:00:00,Existing Home Sales (MoM),LOW,USD
a70b02a4-9025-42e2-94ae-7e4966d64ad7,12/09/2026 15:00:00,Existing Home Sales Change (MoM),MEDIUM,USD
884150d1-eaf5-4f17-b374-149f796d2237,12/09/2026 15:00:00,Wholesale Inventories,LOW,USD
51b3da2e-9b11-492b-95a2-5d0d90d966b7,12/09/2026 15:30:00,BoC Press Conference,HIGH,CAD
f5d53f83-bce8-4077-b0fe-8fb9d1968e25,12/09/2026 15:30:00,EIA Crude Oil Stocks Change,LOW,USD
07285ef1-dc00-4bc6-8b9f-5098f8e94b58,12/09/2026 15:30:00,EIA Distillate Stocks Change,LOW,USD
554bf10b-19a4-4ed0-b5ca-e2c5e7c9a496,12/09/2026 15:30:00,EIA Gasoline Stocks Change,LOW,USD
d9f79102-a351-48df-962a-62d1fd7dbfa7,12/09/2026 15:30:00,EIA Heating Oil Stocks Change,LOW,USD
07139a1f-47ee-4fd4-83f6-e40e65d9e87a,12/09/2026 18:00:00,10-Year Note Auction,LOW,USD
0f5a2e3a-6db9-4a82-9624-600da78dde70,12/09/2026 19:00:00,Fed Interest Rate Decision,HIGH,USD
aaa8dbe3-191c-4112-bc06-658211f04879,12/09/2026 19:00:00,Fed Monetary Policy Statement,HIGH,USD
ac41acfc-a738-4066-bd15-2dd1cee91dd8,12/09/2026 19:00:00,FOMC Economic Projections,HIGH,USD
e471c5ef-8293-4620-b51b-9fe162df8f24,12/09/2026 19:00:00,Interest Rate Projections - 1st year,HIGH,USD
3f5cb5b3-0104-4f40-9451-d4661b345909,12/09/2026 19:00:00,Interest Rate Projections - 2nd year,HIGH,USD
ad96a1c8-4113-44a8-8d36-8af7892237c7,12/09/2026 19:00:00,Interest Rate Projections - 3rd year,HIGH,USD
891d5b3c-32cd-4cab-a2f8-b9401a40f048,12/09/2026 19:00:00,Interest Rate Projections - Current,HIGH,USD
c8a61f38-7d2a-40f7-b80e-bdfb9989d953,12/09/2026 19:00:00,Interest Rate Projections - Longer,HIGH,USD
e65f5992-b1d8-42a2-8660-e6d84ae40eec,12/09/2026 19:30:00,FOMC Press Conference,HIGH,USD
e0d128d5-fac7-43b9-9875-4d1e04b13d4f,12/09/2026 21:45:00,Building Permits s.a. (MoM),MEDIUM,NZD
d2a0f9c8-185b-4725-ac9b-0b7cff582272,12/09/2026 21:45:00,Manufacturing Sales,LOW,NZD
bc74b3d1-b17c-49df-a458-cb786d6c0d15,12/09/2026 23:50:00,Bank Lending (YoY),LOW,JPY
276a3667-4011-4b8f-b7a8-54c28473a4a9,12/09/2026 23:50:00,BSI Large Manufacturing Conditions Index (QoQ),LOW,JPY
29c65fac-2b03-4294-b67c-f985190fceac,12/09/2026 23:50:00,Foreign Bond Investment,LOW,JPY
e55170c2-1002-4c69-8681-10f8f0d57a43,12/09/2026 23:50:00,Foreign Investment in Japan Stocks,LOW,JPY
7ceb74ed-52da-4c0a-8211-f8bf4201380c,12/09/2026 23:50:00,Producer Price Index (MoM),LOW,JPY
12d79349-315c-43ae-bb65-5bdda3638e9f,12/09/2026 23:50:00,Producer Price Index (YoY),LOW,JPY
36b639e7-0f6a-469e-9ec2-09e93c390ecf,12/10/2026 00:00:00,Consumer Inflation Expectations,MEDIUM,AUD
9c47a728-90ac-4800-afb2-ee2e52988da8,12/10/2026 00:01:00,RICS Housing Price Balance,LOW,GBP
2c9912b5-d057-4034-a07d-8a4fd8f3052e,12/10/2026 01:30:00,Consumer Price Index (MoM),MEDIUM,CNY
bad17b15-08fb-473a-9dfd-2efa6cb93319,12/10/2026 01:30:00,Consumer Price Index (YoY),HIGH,CNY
9fbd4268-4edf-4298-a982-4c790df33fb8,12/10/2026 01:30:00,Producer Price Index (YoY),MEDIUM,CNY
1a820167-dd32-4a61-980a-52662119999a,12/10/2026 05:00:00,Eco Watchers Survey: Current,LOW,JPY
232729a8-f272-4106-9705-5ceb5ca403d8,12/10/2026 05:00:00,Eco Watchers Survey: Outlook,LOW,JPY
ffba2df2-e263-4625-9ed4-089999ab77bf,12/10/2026 07:00:00,Consumer Price Index (MoM),LOW,EUR
6961759c-392d-45e6-9074-9c1d5b07f175,12/10/2026 07:00:00,Consumer Price Index (YoY),LOW,EUR
3b7cd01c-22a5-43f0-87d5-5f168db0f5db,12/10/2026 07:00:00,Harmonized Index of Consumer Prices (MoM),MEDIUM,EUR
daea703a-7c66-4bd1-846c-b3283b9c5f6b,12/10/2026 07:00:00,Harmonized Index of Consumer Prices (YoY),HIGH,EUR
366e14e6-b0fd-4da7-9055-a6723bec0d43,12/10/2026 08:00:00,Unemployment Rate s.a (MoM),LOW,CHF
29b4b04e-4684-402e-8fd6-ebf689bf51c5,12/10/2026 08:30:00,SNB Interest Rate Decision,HIGH,CHF
edc24fc6-02ef-4215-bfff-69fdf24e7c44,12/10/2026 08:30:00,SNB Monetary Policy Assessment,HIGH,CHF
f3d8f8f2-c4e7-4083-b125-5c18a61ea2ca,12/10/2026 09:00:00,SNB Press Conference,HIGH,CHF
0464a370-8e4b-4d7c-a116-210ced5a3a6c,12/10/2026 09:00:00,Industrial Output s.a. (MoM),LOW,EUR
e9ae98b1-c763-4f27-b7d9-25693585e374,12/10/2026 09:00:00,Industrial Output w.d.a (YoY),LOW,EUR
f48d1081-4638-4349-838c-2c331fffef8f,12/10/2026 13:30:00,Consumer Price Index (MoM),HIGH,USD
d66ce668-ef72-48d4-a230-a91c1eb8e758,12/10/2026 13:30:00,Consumer Price Index (YoY),HIGH,USD
40876ba0-ecb0-4912-bb2a-f304c15c0677,12/10/2026 13:30:00,Consumer Price Index Core s.a,LOW,USD
d7957d51-b4f6-40da-b91a-51c273ac6ae2,12/10/2026 13:30:00,Consumer Price Index ex Food & Energy (MoM),HIGH,USD
5e9d6b21-a7fd-47a4-b0eb-5b99d98deba8,12/10/2026 13:30:00,Consumer Price Index ex Food & Energy (YoY),HIGH,USD
0365d2bf-19f4-42b5-917c-327efd1b7c5f,12/10/2026 13:30:00,Consumer Price Index n.s.a (MoM),LOW,USD
fc429950-62db-4450-8f35-448cdfaa4270,12/10/2026 13:30:00,Continuing Jobless Claims,LOW,USD
582021b2-95d8-4ee5-8acc-e1a0b5b69c7b,12/10/2026 13:30:00,Initial Jobless Claims,MEDIUM,USD
52b7c44d-458b-4c66-ae64-d4e25c1adad7,12/10/2026 13:30:00,Initial Jobless Claims 4-week average,LOW,USD
e893c262-adfd-44cc-b11b-5848b55b4f4f,12/10/2026 13:30:00,Nonfarm Productivity,MEDIUM,USD
ce4cf7f1-8a42-4559-bb1e-5af9214da5ff,12/10/2026 13:30:00,Unit Labor Costs,MEDIUM,USD
7c49b037-32f8-4890-b41a-3a0735ffc3ee,12/10/2026 15:30:00,EIA Natural Gas Storage Change,LOW,USD
f5ec4377-2232-47b7-8097-529b7d150ff5,12/10/2026 16:30:00,4-Week Bill Auction,LOW,USD
56efb0fb-c915-4402-9e1d-960629807476,12/10/2026 17:00:00,USDA WASDE Report,LOW,USD
345c35da-3ad3-422d-9120-53d9defc15f0,12/10/2026 18:00:00,30-Year Bond Auction,LOW,USD
1367429f-f532-4d38-a69f-5e3971ef9fe6,12/10/2026 19:00:00,Monthly Budget Statement,MEDIUM,USD
71858387-b4d8-4e58-8498-054965336d0f,12/10/2026 21:30:00,Business NZ PMI,MEDIUM,NZD
e87b660c-b34e-43c2-b3c2-903a9a75151c,12/10/2026 21:45:00,Electronic Card Retail Sales  (MoM),LOW,NZD
998984e3-5a27-4408-992c-d9cf0947f14c,12/10/2026 21:45:00,Electronic Card Retail Sales (YoY),LOW,NZD
d94e9750-d132-413e-95e6-7c752524f981,12/10/2026 21:45:00,Food Price Index (MoM),LOW,NZD
0d027f9b-a436-4d4c-b347-126f05a99fa4,12/10/2026 23:50:00,Money Supply M2+CD (YoY),LOW,JPY
91d8f90d-8fa3-4d4d-bb3e-60d3c5d21699,12/11/2026 07:00:00,Goods Trade Balance,LOW,GBP
d221af64-88c0-484b-b454-f5668ad58e1a,12/11/2026 07:00:00,Gross Domestic Product (MoM),MEDIUM,GBP
fec2ae8a-8bc1-4af8-a361-2baceaee3b21,12/11/2026 07:00:00,Index of Services (3M/3M),LOW,GBP
dbd9fc56-6591-4400-b5e9-053e0a9508da,12/11/2026 07:00:00,Industrial Production (MoM),MEDIUM,GBP
bf856ff7-7ca2-4aa0-9d81-6d62ac134658,12/11/2026 07:00:00,Industrial Production (YoY),LOW,GBP
f422f284-baf6-4021-9631-73b937575109,12/11/2026 07:00:00,Manufacturing Production (MoM),MEDIUM,GBP
f9376b9b-305b-4626-834e-dcefa03b2293,12/11/2026 07:00:00,Manufacturing Production (YoY),LOW,GBP
06f50710-4bbb-4ee9-9c20-6b30014353c6,12/11/2026 07:00:00,Total Trade Balance,LOW,GBP
95de4419-842f-4f0f-ab31-59cce8af3902,12/11/2026 07:00:00,Trade Balance; non-EU,LOW,GBP
20ae2c40-b7f2-40d2-b051-944798e35f5a,12/11/2026 09:30:00,Consumer Inflation Expectations,MEDIUM,GBP
53831226-951f-4e78-aeb4-aa74fb46f0ab,12/11/2026 12:00:00,NIESR GDP Estimate (3M),LOW,GBP
692ac7c2-67bf-424c-a55b-900d8f8a00ac,12/11/2026 13:30:00,Building Permits (MoM),LOW,CAD
654afabf-69a6-4917-890d-9e22ced45017,12/11/2026 13:30:00,Current Account n.s.a.,LOW,EUR
26b4dab6-2265-454e-8657-ad70efa01fc2,12/11/2026 13:30:00,Retail Sales (MoM),HIGH,USD
956ec349-c843-4a57-87bd-2916260c10b1,12/11/2026 13:30:00,Retail Sales (YoY),LOW,USD
651de243-6e02-4385-ac0a-63d754ab48b6,12/11/2026 13:30:00,Retail Sales Control Group,HIGH,USD
28b447b9-60fb-451b-9c83-0373c800fe06,12/11/2026 13:30:00,Retail Sales ex Autos (MoM),MEDIUM,USD
ff5fe5e6-c6ac-4a0b-bb24-3c76d2594177,12/11/2026 18:00:00,Baker Hughes US Oil Rig Count,LOW,USD
d02aafd1-903c-45af-8679-a0952429c37d,12/11/2026 20:30:00,CFTC AUD NC Net Positions,LOW,AUD
d3d3b2c7-c851-4854-8631-a0ffa03099af,12/11/2026 20:30:00,CFTC EUR NC Net Positions,LOW,EUR
c914459c-8705-4a01-a4ed-c6d5d4116cd9,12/11/2026 20:30:00,CFTC JPY NC Net Positions,LOW,JPY
5279ea1d-a3e6-4814-a10d-c504babd73d9,12/11/2026 20:30:00,CFTC GBP NC Net Positions,LOW,GBP
90279cbd-772c-4ba2-bb43-299e9d2a4829,12/11/2026 20:30:00,CFTC Gold NC Net Positions,LOW,USD
91b926da-96ec-4364-b643-4173dc435249,12/11/2026 20:30:00,CFTC Oil NC Net Positions,LOW,USD
031b6efc-7bcb-4a10-8fea-918419245ccb,12/11/2026 20:30:00,CFTC S&P 500 NC Net Positions,LOW,USD
003eda31-80c9-4999-b0ee-a2e0a28f3d8c,12/13/2026 21:30:00,Business NZ PSI,MEDIUM,NZD
59c54249-7dad-4c53-ba67-31e635a57b02,12/13/2026 21:45:00,Visitor Arrivals (YoY),LOW,NZD
f5e2e978-f08f-40a6-8a8b-5c5f49a4d7c1,12/13/2026 21:45:00,Visitor Arrivals (YoY),LOW,NZD
b37be552-c38d-401d-af80-9292ca0c5246,12/13/2026 23:50:00,Tankan Large All Industry Capex,MEDIUM,JPY
5907dc02-8cc2-4974-bddd-a24269092fbb,12/13/2026 23:50:00,Tankan Large Manufacturing Index,HIGH,JPY
9542d861-edec-4067-ba8e-d432b6581469,12/13/2026 23:50:00,Tankan Large Manufacturing Outlook,MEDIUM,JPY
887b2bfe-bc2a-4cf5-b96f-c929f049b623,12/13/2026 23:50:00,Tankan Non - Manufacturing Index,LOW,JPY
90739eeb-6d31-48ff-a56e-960c0aacf508,12/13/2026 23:50:00,Tankan Non - Manufacturing Outlook,LOW,JPY
792683a7-4dae-430b-8efb-79a0295353a8,12/14/2026 00:01:00,Rightmove House Price Index (MoM),LOW,GBP
5afb9184-d242-4c56-944e-210f1f25bf69,12/14/2026 00:01:00,Rightmove House Price Index (YoY),LOW,GBP
4ef0982c-cd7d-4881-8284-23a1599c9392,12/14/2026 03:00:00,Exports (YoY),MEDIUM,CNY
c8f5bc5f-35ef-4c8f-8a1c-abff4d77d1a7,12/14/2026 03:00:00,Exports (YoY) CNY,MEDIUM,CNY
3b97d20c-ab3b-4f2e-9d0f-874614f17b9e,12/14/2026 03:00:00,Imports (YoY),MEDIUM,CNY
2a1b2663-83a4-4b20-be25-df110bb234da,12/14/2026 03:00:00,Imports (YoY) CNY,MEDIUM,CNY
caf96b47-58ad-4447-8fa9-87476c1efceb,12/14/2026 03:00:00,Trade Balance CNY,MEDIUM,CNY
7c36e370-26ba-473d-ad3b-ac7a5852883a,12/14/2026 03:00:00,Trade Balance USD,MEDIUM,CNY
e9db2aeb-5958-4755-97ee-7ff4d84a2bc5,12/14/2026 04:30:00,Capacity Utilization,LOW,JPY
1cde6614-0fe7-479d-9a26-dca8cc59dd6e,12/14/2026 04:30:00,Industrial Production (MoM),LOW,JPY
3f0521ee-d334-4a03-96b8-f3014534f984,12/14/2026 04:30:00,Industrial Production (YoY),LOW,JPY
d928b940-d86b-44bc-bca9-34e20a892496,12/14/2026 07:00:00,SECO Economic Forecasts,LOW,CHF
0090b877-ab6f-4d2f-821c-10a7ca37b342,12/14/2026 07:00:00,Wholesale Price Index (MoM),LOW,EUR
1c6859ac-494b-4a2f-b1ac-cc4e19c2a129,12/14/2026 07:00:00,Wholesale Price Index (YoY),LOW,EUR
f5add503-f58a-49db-b28a-5969d50aeddc,12/14/2026 10:00:00,M2 Money Supply (YoY),LOW,CNY
aa461825-c5e8-49f4-bff4-eff66fcf0231,12/14/2026 10:00:00,New Loans,LOW,CNY
718dd84f-11e1-4f26-bb66-bde23e35f6ec,12/14/2026 13:30:00,BoC Consumer Price Index Core (MoM),MEDIUM,CAD
c235a384-f213-45bc-9587-cb96083c6ac6,12/14/2026 13:30:00,BoC Consumer Price Index Core (YoY),HIGH,CAD
12df34a2-2415-4bee-bc6d-6447be108b99,12/14/2026 13:30:00,Consumer Price Index - Core (MoM),LOW,CAD
d2e287ff-3a79-4cd8-bffb-7de933225962,12/14/2026 13:30:00,Consumer Price Index (MoM),MEDIUM,CAD
06af4619-cac9-43e0-91ca-1c489c9c1313,12/14/2026 13:30:00,Consumer Price Index (YoY),HIGH,CAD
35fa7d50-ddc0-4ad4-a3ed-ee6de98aebef,12/14/2026 13:30:00,Manufacturing Sales (MoM),LOW,CAD
6b952096-1528-4d87-a92c-4ec6ced7a3f5,12/14/2026 16:30:00,3-Month Bill Auction,LOW,USD
b8dca0fa-29cf-4f6d-b3d0-c36e1cc42029,12/14/2026 16:30:00,6-Month Bill Auction,LOW,USD
f1345ba7-0d49-4f46-a107-e489920a2e82,12/14/2026 22:00:00,S&P Global Composite PMI,MEDIUM,AUD
539c02fa-5174-4970-ad40-3a86b636cd90,12/14/2026 22:00:00,S&P Global Manufacturing PMI,MEDIUM,AUD
ee9fe6a7-8a25-432e-8c4b-6d66583626fd,12/14/2026 22:00:00,S&P Global Services PMI,MEDIUM,AUD
9453719f-02e4-44e7-a6e1-2974e287273e,12/14/2026 23:30:00,Westpac Consumer Confidence,MEDIUM,AUD
701e4121-8ef1-4cd9-b1a2-132cfe5931ed,12/15/2026 07:00:00,Average Earnings Excluding Bonus (3Mo/Yr),MEDIUM,GBP
976f2ef0-ff2d-4d9f-911e-a3613ba2f8f3,12/15/2026 07:00:00,Average Earnings Including Bonus (3Mo/Yr),MEDIUM,GBP
cf9b2e00-9384-4158-bd5e-75b87437c888,12/15/2026 07:00:00,Claimant Count Change,HIGH,GBP
ff54203a-6ea2-429f-a8f0-4f3075e986d9,12/15/2026 07:00:00,Claimant Count Rate,MEDIUM,GBP
8256ecff-f3f5-4300-8ce5-c8da2c2f8c2d,12/15/2026 07:00:00,Employment Change (3M),HIGH,GBP
5e08b2ee-e1b5-4d96-ad40-7748fed8a61e,12/15/2026 07:00:00,ILO Unemployment Rate (3M),HIGH,GBP
1ce30fe0-9633-4b6e-90df-b2da3cf02238,12/15/2026 07:30:00,Producer and Import Prices (MoM),LOW,CHF
2c06eaba-1d5e-4a0a-8f28-853f50d2d840,12/15/2026 07:30:00,Producer and Import Prices (YoY),LOW,CHF
eed678d8-8e88-4b1d-af97-4762b4fb78f8,12/15/2026 07:45:00,Consumer Price Index (EU norm) (MoM),LOW,EUR
09ea5fe4-cbb2-4b23-89ee-33ed2e889ee9,12/15/2026 07:45:00,Consumer Price Index (EU norm) (YoY),MEDIUM,EUR
ba94a0f6-28ed-480f-9671-3b29804ac3a8,12/15/2026 07:45:00,Inflation ex-tobacco (MoM),LOW,EUR
4a3b1858-ca2e-42d2-b981-c84d897a510f,12/15/2026 08:00:00,Consumer Price Index (MoM),LOW,EUR
0726fff5-b9dd-418b-8b18-6aae07740844,12/15/2026 08:00:00,Consumer Price Index (YoY),LOW,EUR
e23c5d96-2ff0-4d94-adad-2ddb43c0161b,12/15/2026 08:00:00,Harmonized Index of Consumer Prices (MoM),LOW,EUR
30199977-5e6d-437a-84e8-37a725058445,12/15/2026 08:00:00,Harmonized Index of Consumer Prices (YoY),MEDIUM,EUR
9ebadadb-ad01-404a-b0be-c7814d804a5c,12/15/2026 09:00:00,Global Trade Balance,LOW,EUR
ec86b06c-24d1-4871-8438-1269f2d6bd2c,12/15/2026 09:00:00,Trade Balance EU,LOW,EUR
f4404ea2-b6a5-4f71-b06a-470e1de1738d,12/15/2026 10:00:00,ZEW Survey – Current Situation,MEDIUM,EUR
9afee1ad-50c3-4752-85f3-ea795d6e08de,12/15/2026 10:00:00,ZEW Survey – Economic Sentiment,MEDIUM,EUR
3874bc47-a202-48f1-b2e9-d5aaf5143036,12/15/2026 10:00:00,Industrial Production s.a. (MoM),MEDIUM,EUR
4ba52647-b91d-4b3a-af2c-caf18aa6959f,12/15/2026 10:00:00,Industrial Production w.d.a. (YoY),LOW,EUR
0a9fd689-bb3e-4e85-8b51-96060e060656,12/15/2026 10:00:00,ZEW Survey – Economic Sentiment,MEDIUM,EUR
8cdeffac-cfe9-4d4c-a958-a041004550b3,12/15/2026 13:15:00,ADP Employment Change 4-week average,MEDIUM,USD
65d715f5-b083-44da-a84f-1609380e9a14,12/15/2026 13:30:00,Producer Price Index (MoM),MEDIUM,USD
f0443842-f093-432b-9d0e-1096859e3d4e,12/15/2026 13:30:00,Producer Price Index (YoY),MEDIUM,USD
9b5e3fa3-76a8-4228-8b58-d1ec4ae353b7,12/15/2026 13:30:00,Producer Price Index ex Food & Energy (MoM),MEDIUM,USD
905878e9-2ccd-4c4a-9c76-f2d64513763b,12/15/2026 13:30:00,Producer Price Index ex Food & Energy (YoY),HIGH,USD
aa7be3a8-241c-4d12-a417-5b4c4e3b29d9,12/15/2026 13:55:00,Redbook Index (YoY),LOW,USD
cbe28735-15f2-458a-8a86-b8db0560a859,12/15/2026 15:00:00,GDT Price Index,LOW,NZD
7ecc75cb-fc44-47e8-b801-44da972c590e,12/15/2026 21:00:00,Net Long-Term TIC Flows,LOW,USD
fa1df148-e88b-465b-a061-16a3ae6dbc63,12/15/2026 21:00:00,Total Net TIC Flows,LOW,USD
8611976b-ade8-4249-97e0-adb50190cb15,12/15/2026 21:30:00,API Weekly Crude Oil Stock,LOW,USD
c9833742-a399-4ac7-a014-994329a08b3a,12/15/2026 21:45:00,Current Account - GDP Ratio,LOW,NZD
687a8a96-46f7-41f5-9b29-68ffc6f93732,12/15/2026 21:45:00,Current Account (QoQ),LOW,NZD
763ca9a3-3d95-4442-bea7-98ab7dc72394,12/16/2026 00:00:00,Westpac Leading Index (MoM),LOW,AUD
f9e77920-36e3-44c8-af6c-a90af23b81fd,12/16/2026 01:30:00,Mid-Year Economic and Fiscal Outlook,MEDIUM,AUD
99f122eb-9354-4d4e-b293-13575bdf06cb,12/16/2026 02:00:00,Fixed Asset Investment (YTD) (YoY),LOW,CNY
83707d50-d5b4-41f1-b4af-0332e93c301c,12/16/2026 02:00:00,Industrial Production (YoY),HIGH,CNY
a17698ba-dc8d-4178-81c7-1874298a4f20,12/16/2026 02:00:00,Retail Sales (YoY),HIGH,CNY
ea09176b-6459-4717-a6f7-e3370c679035,12/16/2026 07:00:00,Consumer Price Index (MoM),HIGH,GBP
9b076319-97f9-4107-af92-5d8eeec6efcc,12/16/2026 07:00:00,Consumer Price Index (YoY),HIGH,GBP
0cdc168e-5e6c-4f6a-bdd7-3202d638da38,12/16/2026 07:00:00,Core Consumer Price Index (YoY),HIGH,GBP
d03c23e3-9812-47ed-b5b7-7e3cea4e01bf,12/16/2026 07:00:00,PPI Core Output (MoM) n.s.a,MEDIUM,GBP
f9fa3b0f-7292-4fec-8e00-0615ec078dab,12/16/2026 07:00:00,"PPI Core Output (YoY) n.s.a ",MEDIUM,GBP
8fff9951-2451-4618-8c40-608f83c3b7c3,12/16/2026 07:00:00,Producer Price Index - Input (MoM) n.s.a,LOW,GBP
8d9598ef-7530-4889-bbcb-f5079087bee4,12/16/2026 07:00:00,Producer Price Index - Input (YoY) n.s.a,LOW,GBP
af6e4ab4-b346-4bb4-8e1c-ed14b6d88a62,12/16/2026 07:00:00,Producer Price Index - Output (MoM) n.s.a,MEDIUM,GBP
8c8dd2f4-1c44-4677-9a58-e50e8253c7d7,12/16/2026 07:00:00,Producer Price Index - Output (YoY) n.s.a,LOW,GBP
5506b73a-b3a8-45bf-8b7d-c56a9a85b67f,12/16/2026 07:00:00,Retail Price Index (MoM),MEDIUM,GBP
2d3422db-4437-46ed-87dd-89f563f39dba,12/16/2026 07:00:00,Retail Price Index (YoY),MEDIUM,GBP
10065227-cbc6-4c42-ae2d-64f86e68f557,12/16/2026 08:30:00,HCOB Composite PMI,HIGH,EUR
86a166e2-17f4-4c59-bbbd-e262b11a4f21,12/16/2026 08:30:00,HCOB Manufacturing PMI,HIGH,EUR
96ba05c8-2ead-41c2-b6db-a249aa8dcfea,12/16/2026 08:30:00,HCOB Services PMI,HIGH,EUR
64b3e76c-5f82-4f31-92b3-3226c2330628,12/16/2026 09:00:00,HCOB Composite PMI,HIGH,EUR
0f8187a3-d55d-4866-969e-5cd97d513338,12/16/2026 09:00:00,HCOB Manufacturing PMI,HIGH,EUR
ed203753-abd4-46af-af1c-f2caff504f05,12/16/2026 09:00:00,HCOB Services PMI,HIGH,EUR
2dee91ae-a22b-4b6b-b0ee-5bbe7e3f0aaf,12/16/2026 09:00:00,Consumer Price Index (EU Norm) (MoM),LOW,EUR
c9256bc0-8e91-46d8-9988-68750b0fa2ef,12/16/2026 09:00:00,Consumer Price Index (EU Norm) (YoY),MEDIUM,EUR
bb050a4f-39d1-4b7c-811e-cbf6a122ce3d,12/16/2026 09:00:00,Consumer Price Index (MoM),LOW,EUR
5e2fc6ef-c444-4eb6-a140-32d30183c184,12/16/2026 09:00:00,Consumer Price Index (YoY),MEDIUM,EUR
d8e8d4e2-ee3c-4354-8534-988f7db6602f,12/16/2026 09:30:00,DCLG House Price Index (YoY),LOW,GBP
1e2494d6-9043-4fe9-8953-bbd90e96fad3,12/16/2026 10:00:00,Trade Balance n.s.a.,LOW,EUR
a3ddf941-dd9d-40cf-bb4c-01e9cfdea832,12/16/2026 10:00:00,Trade Balance s.a.,LOW,EUR
d662480b-72d0-496c-888a-0e77f6cb7f07,12/16/2026 12:00:00,MBA Mortgage Applications,LOW,USD
0634cac9-cd6c-43ac-8fce-23d61152fb62,12/16/2026 13:15:00,Housing Starts s.a (YoY),LOW,CAD
c5dedb33-8eaf-4808-a1e2-65bd41a7948a,12/16/2026 13:30:00,Wholesale Sales (MoM),LOW,CAD
1c737205-ac27-4e88-8e49-dced43ae357f,12/16/2026 13:30:00,NY Empire State Manufacturing Index,MEDIUM,USD
098003e9-8b28-4e7b-be1c-455d1f489bb4,12/16/2026 14:00:00,SNB Quarterly Bulletin,MEDIUM,CHF
37d757c8-3a3d-440d-b86f-6a8bf3a4531e,12/16/2026 14:15:00,Capacity Utilization,LOW,USD
abf40988-ad21-4280-a88c-73a560925c91,12/16/2026 14:15:00,Industrial Production (MoM),MEDIUM,USD
29e9a9c2-eee4-41af-9078-c04f31affa60,12/16/2026 15:00:00,Business Inventories,LOW,USD
118531a1-c90e-4062-a283-89d680d7afce,12/16/2026 15:00:00,NAHB Housing Market Index,LOW,USD
ad2bbb3f-f866-4ee8-8dfb-8ab54eebdabd,12/16/2026 15:30:00,EIA Crude Oil Stocks Change,LOW,USD
d60f9c3a-09b1-4c0a-a841-488a7a267aa8,12/16/2026 15:30:00,EIA Distillate Stocks Change,LOW,USD
5c001f8f-c289-48d0-b0f2-199a1c0148b1,12/16/2026 15:30:00,EIA Gasoline Stocks Change,LOW,USD
a82c94a2-d0bd-40f0-ae16-828fb114f344,12/16/2026 15:30:00,EIA Heating Oil Stocks Change,LOW,USD
7fe0aeb8-692e-4e19-9abe-568029b31077,12/16/2026 21:45:00,Gross Domestic Product (QoQ),HIGH,NZD
8853b60a-524a-4cd2-8a6e-09a140e6ea58,12/16/2026 21:45:00,Gross Domestic Product (YoY),HIGH,NZD
5509bfd1-a6bc-4d41-9827-1aa4965ea1e2,12/16/2026 23:50:00,Adjusted Merchandise Trade Balance,MEDIUM,JPY
7801e041-e0ca-458d-9d31-7315f700241f,12/16/2026 23:50:00,Exports (YoY),MEDIUM,JPY
4bca0f8b-fcec-474c-b50f-f591129e702b,12/16/2026 23:50:00,Foreign Bond Investment,LOW,JPY
3b2e9671-92b6-43f4-a0d5-1b835f79447c,12/16/2026 23:50:00,Foreign Investment in Japan Stocks,LOW,JPY
ed5aab82-107a-4a1b-8280-0bc5e075c22b,12/16/2026 23:50:00,Imports (YoY),MEDIUM,JPY
177b7783-51ec-44ff-acbe-aef77e3a1b56,12/16/2026 23:50:00,Machinery Orders (MoM),LOW,JPY
8a448608-3cf6-4d48-9470-073624fbba34,12/16/2026 23:50:00,Machinery Orders (YoY),LOW,JPY
73f2031e-cabf-43f2-ac79-5ede1db0f08b,12/16/2026 23:50:00,Merchandise Trade Balance Total,MEDIUM,JPY
0e0a2a16-b43b-40a6-82e2-389e30491a64,12/17/2026 00:30:00,Employment Change s.a.,HIGH,AUD
a1f81f60-2bfa-47ee-bdba-d36d03c9ee26,12/17/2026 00:30:00,Full-Time Employment,MEDIUM,AUD
8933a4be-8c3d-436a-8aa2-e0d2de7f3bb5,12/17/2026 00:30:00,Part-Time Employment,MEDIUM,AUD
6473702d-d302-43e9-a64e-d4eeeae1b81d,12/17/2026 00:30:00,Participation Rate,MEDIUM,AUD
6bf86238-07b2-478b-91f8-5d932463a20d,12/17/2026 00:30:00,Unemployment Rate s.a.,HIGH,AUD
22ae9465-445a-4c38-8562-350d55a19b3b,12/17/2026 01:30:00,"House Price Index ",LOW,CNY
ff8aabe7-420a-4e97-b622-51b0acf7efb4,12/17/2026 04:30:00,Tertiary Industry Index (MoM),LOW,JPY
755d5f34-0eb6-4e54-8fec-51850925d572,12/17/2026 07:00:00,Exports (MoM),LOW,CHF
8c73f1af-dba2-4df7-8601-136c648751e8,12/17/2026 07:00:00,Imports (MoM),LOW,CHF
0b3737a0-46e8-4c8f-aa21-8db6896bdf68,12/17/2026 07:00:00,Trade Balance,LOW,CHF
7d52b4ea-19e6-4677-979b-9e3eb1f78d8a,12/17/2026 09:00:00,IFO – Business Climate,MEDIUM,EUR
d775fc44-9562-4a45-a7f5-ebdb6b1e0526,12/17/2026 09:00:00,IFO – Current Assessment,MEDIUM,EUR
8057bd30-36d2-497d-b30d-bed11e6954a8,12/17/2026 09:00:00,IFO – Expectations,MEDIUM,EUR
8c6b8924-eb77-4f4c-87e0-4dea59ee6eca,12/17/2026 10:00:00,Core Harmonized Index of Consumer Prices (MoM),MEDIUM,EUR
db7e299a-d1b0-403a-80d6-659e274435b0,12/17/2026 10:00:00,Core Harmonized Index of Consumer Prices (YoY),MEDIUM,EUR
39e1cba6-967a-426b-9e5a-6049260b8ec0,12/17/2026 10:00:00,Harmonized Index of Consumer Prices (MoM),MEDIUM,EUR
37f0e11d-5b64-4ac8-9ed0-157fe3f3566d,12/17/2026 10:00:00,Harmonized Index of Consumer Prices (YoY),LOW,EUR
77972728-38e1-4ff5-acac-983378e3485d,12/17/2026 10:00:00,Labor Cost Index,LOW,EUR
20d0bbdf-40b5-4270-8165-32d9e389fe99,12/17/2026 12:00:00,BoE Interest Rate Decision,HIGH,GBP
45fd5630-ed13-406b-8dba-b8b189d39470,12/17/2026 12:00:00,BoE Minutes,HIGH,GBP
88d683db-2eff-4800-8909-cec520543c0c,12/17/2026 12:00:00,BoE Monetary Policy Summary,HIGH,GBP
3b12a900-1c7f-4da8-8159-39143f08dd28,12/17/2026 12:00:00,BoE MPC Vote Rate Cut,HIGH,GBP
552a3001-f576-49af-982c-b9860c8f467c,12/17/2026 12:00:00,BoE MPC Vote Rate Hike,HIGH,GBP
7101af3d-868b-4489-abec-77db8393ab95,12/17/2026 12:00:00,BoE MPC Vote Rate Unchanged,HIGH,GBP
a3fd5937-a447-4e10-9aca-03ae94fdc344,12/17/2026 13:15:00,ECB Main Refinancing Operations Rate,HIGH,EUR
98e5408c-8198-4bc3-9102-1db253c44f45,12/17/2026 13:15:00,ECB Monetary Policy Statement,HIGH,EUR
e69a23d4-381a-4f5f-aa44-4928bf6ef9a3,12/17/2026 13:15:00,ECB Rate On Deposit Facility,HIGH,EUR
c9bfee16-602d-45eb-802b-39e10010546a,12/17/2026 13:30:00,Canadian Portfolio Investment in Foreign Securities,LOW,CAD
b76ea6a5-5e0d-4390-b42e-b35a913350fb,12/17/2026 13:30:00,Employment Insurance Beneficiaries Change (MoM),LOW,CAD
2cb66f0a-e2c6-4c5e-b327-19d775845975,12/17/2026 13:30:00,Foreign Portfolio Investment in Canadian Securities,LOW,CAD
08062254-a32b-476a-951c-7f37284b7362,12/17/2026 13:30:00,Industrial Product Price (MoM),LOW,CAD
e7a1693b-cd8d-4441-871f-5323cf1dbe54,12/17/2026 13:30:00,Raw Material Price Index,LOW,CAD
077fbe51-1e33-43f1-b49d-efe6a01ac39b,12/17/2026 13:30:00,Building Permits (MoM),MEDIUM,USD
79d50e1c-3cc8-4b4b-a924-9aec40c1b157,12/17/2026 13:30:00,Building Permits Change,LOW,USD
e1e45b42-d0f3-461f-b367-7cf7a8f7a907,12/17/2026 13:30:00,Continuing Jobless Claims,LOW,USD
eae75e8a-4895-406b-8137-024f2425cf7a,12/17/2026 13:30:00,Export Price Index (MoM),LOW,USD
a1e2e30d-3481-408b-888e-6acdc78766c7,12/17/2026 13:30:00,Export Price Index (YoY),LOW,USD
935aa3f2-c02f-4977-80df-3dc185789928,12/17/2026 13:30:00,Housing Starts (MoM),MEDIUM,USD
76bd5999-bc29-405e-9588-79cdf4977541,12/17/2026 13:30:00,Housing Starts Change,LOW,USD
b76e69fe-fb8f-42d5-87d8-63415329b93e,12/17/2026 13:30:00,Import Price Index (MoM),LOW,USD
480d2ba9-3bed-42b7-bfab-18eb899f40da,12/17/2026 13:30:00,Import Price Index (YoY),LOW,USD
84a101d5-6597-4df1-a851-6ece0c4eae8c,12/17/2026 13:30:00,Initial Jobless Claims,MEDIUM,USD
90ba0f0b-8a84-4770-8bf9-9400f15fcebe,12/17/2026 13:30:00,Initial Jobless Claims 4-week average,LOW,USD
036fcf7b-18a1-4d9f-a151-d8886a2fc487,12/17/2026 13:30:00,Philadelphia Fed Manufacturing Survey,MEDIUM,USD
86f08fae-98cc-43fa-a545-3c89d483cff5,12/17/2026 13:45:00,ECB Press Conference,HIGH,EUR
cad6bab8-4287-4bc8-9961-a73192dad595,12/17/2026 15:00:00,Pending Home Sales (MoM),MEDIUM,USD
dbb23a93-4be4-4cfd-af72-d6aba089a082,12/17/2026 15:00:00,Pending Home Sales (YoY),LOW,USD
009c6672-a398-4d8c-a52a-8342588a31ae,12/17/2026 15:30:00,EIA Natural Gas Storage Change,LOW,USD
084ac8d4-5a88-44a1-809d-6b1a31f43240,12/17/2026 16:00:00,Kansas Fed Manufacturing Activity,LOW,USD
21382312-6e38-49be-89db-d859f72c4d70,12/17/2026 16:30:00,4-Week Bill Auction,LOW,USD
e848f502-e72a-4c19-829b-5c8388026f00,12/17/2026 18:00:00,5-year TIPS Auction,LOW,USD
d4ac89a3-fd9b-437e-9774-f13cf79a8d87,12/17/2026 21:45:00,Exports,MEDIUM,NZD
80a16e8d-0749-48e8-a177-e66e17899137,12/17/2026 21:45:00,Imports,MEDIUM,NZD
2a4d2b34-70fc-48e8-ab8a-461ab4372a3c,12/17/2026 21:45:00,Trade Balance NZD (MoM),LOW,NZD
55027b05-0e8a-4e31-a486-2091dd648f4d,12/17/2026 21:45:00,Trade Balance NZD (YoY),MEDIUM,NZD
4eb478e4-a687-4d9f-87a3-7db6fb2a2715,12/17/2026 23:30:00,National Consumer Price Index (YoY),MEDIUM,JPY
779237ad-093a-4b9d-8b47-1f42df13bbdb,12/17/2026 23:30:00,"National CPI ex Food, Energy (YoY)",MEDIUM,JPY
fb577bfd-7b18-4543-bd30-35fda94811e6,12/17/2026 23:30:00,National CPI ex Fresh Food (YoY),MEDIUM,JPY
9dc34985-bf44-406b-9233-10815326bcc9,12/18/2026 00:00:00,ANZ Activity Outlook,LOW,NZD
bc6b4dfa-e0b5-4940-bdfb-b131c7cdab50,12/18/2026 00:00:00,ANZ Business Confidence,LOW,NZD
521b7102-5d6e-4ef5-89fa-0ff95e33e2a6,12/18/2026 00:01:00,GfK Consumer Confidence,MEDIUM,GBP
b828bd46-3522-44fa-8474-293fb36745f4,12/18/2026 00:30:00,Private Sector Credit (MoM),LOW,AUD
fb1fe895-556c-4308-a36a-a179e9348eaf,12/18/2026 00:30:00,Private Sector Credit (YoY),LOW,AUD
9f598e39-5cb7-4e2b-80eb-7161c3e7d67a,12/18/2026 03:00:00,BoJ Interest Rate Decision,HIGH,JPY
8d71c3a6-6d92-4675-a5fc-0661122f9c54,12/18/2026 03:00:00,BoJ Monetary Policy Statement,HIGH,JPY
39c1b2a8-8eca-442c-80f4-c18ec32ac5aa,12/18/2026 06:30:00,BoJ Press Conference,HIGH,JPY
15f2b451-acfe-47d2-8cb9-5dd68a42dc3e,12/18/2026 07:00:00,GfK Consumer Confidence Survey,MEDIUM,EUR
a9c58fdb-1497-4080-b6c1-e397d605faa6,12/18/2026 07:00:00,Producer Price Index (MoM),MEDIUM,EUR
1a01dad9-652d-4eb8-b0b7-739e2a2d110e,12/18/2026 07:00:00,Producer Price Index (YoY),MEDIUM,EUR
f9d06df6-4d55-4946-b1b5-6f61a2a958e8,12/18/2026 07:00:00,Retail Sales (MoM),HIGH,GBP
e9c7246d-b418-4a02-b111-e05707635a4e,12/18/2026 07:00:00,Retail Sales (YoY),MEDIUM,GBP
55732ed4-f034-4f80-a671-9d62241dc058,12/18/2026 07:00:00,Retail Sales ex-Fuel (MoM),MEDIUM,GBP
07de2220-0363-426a-87f8-81aeb4d4c186,12/18/2026 07:00:00,Retail Sales ex-Fuel (YoY),MEDIUM,GBP
f33236d8-37c6-415c-9624-2457da974db4,12/18/2026 07:45:00,Business Climate in Manufacturing,LOW,EUR
04e73ef5-e39f-485f-bf24-22ac0adb1d0b,12/18/2026 09:00:00,FDI - Foreign Direct Investment (YTD) (YoY),LOW,CNY
f30bf53b-f818-4298-91fe-0aaec6228512,12/18/2026 09:00:00,Current Account n.s.a,LOW,EUR
65256e5d-4640-4d68-858d-0ccc81b98f92,12/18/2026 09:00:00,Current Account s.a,LOW,EUR
c1fad5b6-2c60-42c6-81b6-225356d50b58,12/18/2026 09:30:00,S&P Global Composite PMI,HIGH,GBP
a0116d5c-b86f-4110-ae86-af5216e42d06,12/18/2026 09:30:00,S&P Global Manufacturing PMI,HIGH,GBP
d4e6adc8-b86e-4eb8-9596-b4ee5740b156,12/18/2026 09:30:00,S&P Global Services PMI,HIGH,GBP
d6a57e5c-b617-4f7e-a5d9-b58d8ab3107b,12/18/2026 10:00:00,Construction Output  s.a (MoM),LOW,EUR
47cd6c7d-7114-4f74-8866-454d4bca9741,12/18/2026 10:00:00,Construction Output w.d.a (YoY),LOW,EUR
336de490-50a1-4399-ad3c-03e2907d66fa,12/18/2026 13:30:00,Retail Sales (MoM),MEDIUM,CAD
059efbcb-9f96-4cf1-a759-792bf3974766,12/18/2026 13:30:00,Retail Sales ex Autos (MoM),MEDIUM,CAD
bd94bae2-28e0-4140-8fc9-19bee4ac9692,12/18/2026 13:30:00,Core Personal Consumption Expenditures - Price Index (MoM),HIGH,USD
8333849d-bc3a-4ad4-ba4f-53ce6a3ba79c,12/18/2026 13:30:00,Core Personal Consumption Expenditures - Price Index (YoY),HIGH,USD
6a6e300e-c9d5-4c20-98f0-d54eb04eec27,12/18/2026 13:30:00,Current Account,LOW,USD
aae3d45c-d716-42f0-8c67-463b2b45625a,12/18/2026 13:30:00,Personal Consumption Expenditures - Price Index (MoM),MEDIUM,USD
c6b0b6ab-4bc5-486c-8d1d-244c220d7aca,12/18/2026 13:30:00,Personal Consumption Expenditures - Price Index (YoY),MEDIUM,USD
04962c5f-cd9c-495b-8c2c-aca2f1afa8e4,12/18/2026 13:30:00,Personal Income (MoM),MEDIUM,USD
0ab24b97-55ed-45ff-92c4-d47e3a925b60,12/18/2026 13:30:00,Personal Spending,MEDIUM,USD
baa36f13-0bd7-49b3-a739-bcb7644b3e7b,12/18/2026 14:45:00,S&P Global Composite PMI,MEDIUM,USD
1d161402-f50b-4191-82f6-311755a0f8a1,12/18/2026 14:45:00,S&P Global Manufacturing PMI,HIGH,USD
25f3a260-7abe-480f-ba7e-709f2f19c9cc,12/18/2026 14:45:00,S&P Global Services PMI,HIGH,USD
2a67d3ce-b38a-4769-9ea7-cb15755b333e,12/18/2026 15:00:00,Michigan Consumer Expectations Index,MEDIUM,USD
9d9cbe3a-5dc8-4576-926d-29f3e5b823ae,12/18/2026 15:00:00,Michigan Consumer Sentiment Index,MEDIUM,USD
f77bac40-d21f-44e0-959f-c371a412e380,12/18/2026 15:00:00,UoM 1-year Consumer Inflation Expectations,MEDIUM,USD
e04eb2cf-57a3-47cd-b8cb-5fb075cda6bf,12/18/2026 18:00:00,Baker Hughes US Oil Rig Count,LOW,USD
b4c713ef-7d91-4778-81c2-025df72f8035,12/18/2026 20:30:00,CFTC AUD NC Net Positions,LOW,AUD
1c7b444f-4ec9-4b22-a6f1-70f17a40d491,12/18/2026 20:30:00,CFTC EUR NC Net Positions,LOW,EUR
681ff369-eb17-4b7c-b96c-180e789974d7,12/18/2026 20:30:00,CFTC JPY NC Net Positions,LOW,JPY
3aece348-f055-4719-83eb-68d7501a6fbb,12/18/2026 20:30:00,CFTC GBP NC Net Positions,LOW,GBP
5c6b6bcc-5a14-4655-907b-e40a84c6c880,12/18/2026 20:30:00,CFTC Gold NC Net Positions,LOW,USD
1b954fc7-963f-48b9-9eb7-739349cc2b1c,12/18/2026 20:30:00,CFTC Oil NC Net Positions,LOW,USD
54b2e191-4644-4b1e-9ba3-9196199b629d,12/18/2026 20:30:00,CFTC S&P 500 NC Net Positions,LOW,USD
26f0032d-25af-47c7-a8cf-2e4e68595cc1,12/21/2026 00:30:00,Jibun Bank Manufacturing PMI,LOW,JPY
ec968510-aabb-48a0-85f5-390f5cc91a6e,12/21/2026 00:30:00,Jibun Bank Services PMI,LOW,JPY
9932ed3a-d567-466b-98ba-82d505897049,12/21/2026 01:15:00,PBoC Interest Rate Decision,MEDIUM,CNY
a940a827-71dc-4b52-9436-12f280d58b41,12/21/2026 02:00:00,Credit Card Spending (YoY),LOW,NZD
1d239fd7-beba-4705-8906-bd67383903bd,12/21/2026 11:00:00,German Buba Monthly Report,MEDIUM,EUR
c98e6b06-fb71-4125-b00d-7f980e670aed,12/21/2026 15:00:00,Consumer Confidence,MEDIUM,EUR
2b16e8b0-dba5-4e21-bcd1-1fce1cc27b62,12/21/2026 16:30:00,3-Month Bill Auction,LOW,USD
483dd297-383a-47d8-93f4-41ecf39eff3d,12/21/2026 16:30:00,6-Month Bill Auction,LOW,USD
d77c6378-1c35-4fd9-aa36-3aeab21246c0,12/21/2026 20:00:00,Westpac Consumer Survey,MEDIUM,NZD
9c60847c-41ae-4f9f-8160-04ee3d7a4ea8,12/22/2026 00:30:00,RBA Meeting Minutes,HIGH,AUD
0703bf4e-976a-4c3e-bc0d-55e393911fb0,12/22/2026 07:00:00,Current Account,LOW,GBP
6f813c00-f5fe-4c23-812a-73b829921cfb,12/22/2026 07:00:00,Gross Domestic Product (QoQ),HIGH,GBP
f2f4f65e-e754-4561-a39e-632f02d21f2d,12/22/2026 07:00:00,Gross Domestic Product (YoY),HIGH,GBP
63681aba-ac7d-4ab4-9308-1dcac47647be,12/22/2026 07:00:00,Public Sector Net Borrowing,LOW,GBP
33719b1c-c48f-4da5-9461-1541bafff199,12/22/2026 07:00:00,Total Business Investment (QoQ),LOW,GBP
71034e77-9e24-4ee5-9b71-89935d79455a,12/22/2026 07:00:00,Total Business Investment (YoY),LOW,GBP
3af3f7b4-d802-4cfe-8b50-2b8f8fb1ab8e,12/22/2026 07:45:00,Producer Prices (MoM),LOW,EUR
5cf4e6e0-4bca-4f6b-b753-b60e950cfa8b,12/22/2026 08:15:00,HCOB Composite PMI,MEDIUM,EUR
d01c357b-d78d-4130-a01d-696a8dfdc384,12/22/2026 08:15:00,HCOB Manufacturing PMI,MEDIUM,EUR
ea6a2b48-e073-424b-be8e-267133a8f359,12/22/2026 08:15:00,HCOB Services PMI,MEDIUM,EUR
8044cfdc-4125-44d5-af15-c57abc3738da,12/22/2026 09:00:00,Business Confidence,LOW,EUR
4ecd5078-1240-475b-a8d1-483463092030,12/22/2026 09:00:00,Consumer Confidence,LOW,EUR
0b45a107-3e78-4a43-bbb3-e7d18dfd604e,12/22/2026 09:00:00,Industrial Sales n.s.a. (YoY),LOW,EUR
c1672ff4-ee10-49fe-9d67-eb1b56471c32,12/22/2026 09:00:00,Industrial Sales s.a. (MoM),LOW,EUR
49cd6500-a0f2-4266-929f-b12b8bb20af8,12/22/2026 09:00:00,Trade Balance non-EU,LOW,EUR
0b688deb-7311-47bf-96f3-3f472f9eaa07,12/22/2026 10:00:00,Producer Price Index (MoM),LOW,EUR
83647859-a56a-49e8-adb6-a9da7427bece,12/22/2026 10:00:00,Producer Price Index (YoY),LOW,EUR
c4f609ba-96bd-42c3-ba91-2888f6f6b777,12/22/2026 13:15:00,ADP Employment Change 4-week average,MEDIUM,USD
a4aa9f03-caf4-4269-ad61-f9029e5a966c,12/22/2026 13:30:00,New Housing Price Index (MoM),LOW,CAD
832c8066-2333-4b0a-993d-f222addc6e23,12/22/2026 13:30:00,New Housing Price Index (YoY),LOW,CAD
ea9bb4e7-88c9-4884-b022-a8b521961365,12/22/2026 13:30:00,"Chicago Fed National Activity Index ",LOW,USD
d535e2ae-4931-4332-8ff1-6b51025fc98d,12/22/2026 13:30:00,Durable Goods Orders,MEDIUM,USD
bce888bc-c6d4-45c8-8333-52d4674613e7,12/22/2026 13:30:00,Durable Goods Orders ex Defense,MEDIUM,USD
9786df41-2ce7-4775-86bf-bba1577eeed4,12/22/2026 13:30:00,Durable Goods Orders ex Transportation,MEDIUM,USD
91152470-fd35-419c-b663-4415c9548ef4,12/22/2026 13:30:00,Nondefense Capital Goods Orders ex Aircraft,MEDIUM,USD
fd67f8a6-001f-4fa8-a9f9-b200f40c026a,12/22/2026 13:55:00,Redbook Index (YoY),LOW,USD
f53c4fae-f230-42c9-9a4f-923634a9fa83,12/22/2026 15:00:00,Richmond Fed Manufacturing Index,LOW,USD
798d44fd-9461-401a-8bfb-30cb99bb533b,12/22/2026 21:00:00,ANZ – Roy Morgan Consumer Confidence,MEDIUM,NZD
f1746494-08b5-46af-a38b-1cac0fb09954,12/22/2026 21:30:00,API Weekly Crude Oil Stock,LOW,USD
4727258c-a848-4d35-b445-88f1a3f1c365,12/22/2026 23:50:00,BoJ Monetary Policy Meeting Minutes,MEDIUM,JPY
12f8f9dc-4210-45a9-ae48-4eb0ea7e1805,12/23/2026 08:00:00,Gross Domestic Product (QoQ),MEDIUM,EUR
75abb6a8-4354-4993-84e7-3b19d74e0f39,12/23/2026 08:00:00,Gross Domestic Product (YoY),LOW,EUR
8d6be8ff-ddc3-42e9-966c-de29d94a0a08,12/23/2026 12:00:00,MBA Mortgage Applications,LOW,USD
42fc0965-a8a0-42f1-84fc-0017bfd9627d,12/23/2026 13:30:00,Gross Domestic Product (MoM),MEDIUM,CAD
9d4f728e-3549-4cc4-9c64-a3abe7dcf231,12/23/2026 13:30:00,Continuing Jobless Claims,LOW,USD
c3bc9b8a-4219-458f-86c8-97d354b79904,12/23/2026 13:30:00,Core Personal Consumption Expenditures (QoQ),MEDIUM,USD
a35881ea-8f95-4f27-99d1-fd78893eeb66,12/23/2026 13:30:00,Gross Domestic Product Annualized,MEDIUM,USD
0016bbcc-9425-4899-a1be-efe70ea4ea15,12/23/2026 13:30:00,Gross Domestic Product Price Index,MEDIUM,USD
c4bcf9ed-5d44-499d-9d65-df4cc6d7857d,12/23/2026 13:30:00,Initial Jobless Claims,MEDIUM,USD
ab5b3a5b-c5b6-4bf5-8dfd-d610d9d81fb9,12/23/2026 13:30:00,Initial Jobless Claims 4-week average,LOW,USD
89ad942e-db7b-4982-a8d8-7ca656665e22,12/23/2026 13:30:00,Personal Consumption Expenditures Prices (QoQ),MEDIUM,USD
5c0d46a7-ee7f-4ba1-8995-7f04f92b8ef1,12/23/2026 15:00:00,New Home Sales (MoM),LOW,USD
eedbe494-c11f-478f-ba23-71b839182400,12/23/2026 15:00:00,New Home Sales Change (MoM),MEDIUM,USD
d38ffc7f-4385-43cd-9c52-86141a22f5af,12/23/2026 15:30:00,EIA Crude Oil Stocks Change,LOW,USD
cb4eae3a-6dfc-41f4-98b2-42bb28e2f663,12/23/2026 15:30:00,EIA Distillate Stocks Change,LOW,USD
f4a707b7-c87c-4b0a-b112-b21329dd2b05,12/23/2026 15:30:00,EIA Gasoline Stocks Change,LOW,USD
4eb0e847-d939-4fb5-95e6-d8e4f5147566,12/23/2026 15:30:00,EIA Heating Oil Stocks Change,LOW,USD
68296ca4-2eea-4505-ba99-f1021b927247,12/23/2026 16:30:00,4-Week Bill Auction,LOW,USD
cba09b8d-9c27-4cea-9c92-18fab5057394,12/23/2026 18:00:00,20-Year Bond Auction,LOW,USD
f2ebe0c2-0565-496a-b695-b28c6df00898,12/23/2026 18:30:00,BoC Summary of Deliberations,MEDIUM,CAD
9d93b22a-d793-4e55-9c1f-05b84a686972,12/23/2026 23:50:00,Foreign Bond Investment,LOW,JPY
fa3adea9-d5aa-4f22-b158-2f296f8a76a1,12/23/2026 23:50:00,Foreign Investment in Japan Stocks,LOW,JPY
0b711b20-d7da-44ac-a7b0-0abbc792087f,12/24/2026 12:00:00,Christmas Day,NONE,NZD
f2c1def9-88d6-4351-8a85-5a4c654e22c7,12/24/2026 14:00:00,Christmas Day,NONE,AUD
0cce440a-270e-44b4-8dd3-772e5cfa2d7d,12/24/2026 15:30:00,EIA Natural Gas Storage Change,LOW,USD
4208ea00-bbda-4540-9e25-13cbf8c4b088,12/24/2026 22:00:00,Christmas Day,NONE,CHF
95dd6506-bc3b-47a3-9b74-b509ef34437e,12/24/2026 22:00:00,Christmas Day,NONE,EUR
1c4b2a56-d6d5-4aac-8b80-72c62f0ad574,12/24/2026 22:00:00,Christmas Day,NONE,EUR
0b9af94b-06c6-42b4-ae44-298b199ce5be,12/24/2026 22:00:00,Christmas Day,NONE,EUR
97aa04d7-1cc3-44b1-ba8b-2590df8a4a7f,12/24/2026 22:00:00,"Christmas Day ",NONE,EUR
de55efe5-3210-4507-93ac-7d231db77db7,12/24/2026 23:00:00,Christmas Day,NONE,EUR
ec52750d-878b-403b-9c23-575d7f07b77c,12/24/2026 23:50:00,Corporate Service Price Index (YoY),LOW,JPY
39c80d9d-6afb-464b-8bc2-43673f11816f,12/25/2026 00:00:00,Christmas Day,NONE,GBP
c257da71-fab0-4e3b-8212-12f583549883,12/25/2026 05:00:00,Christmas Day,NONE,CAD
8cadaf39-18ea-450f-814a-a5190637d054,12/25/2026 05:00:00,Coincident Index,LOW,JPY
365d0dc0-318f-47a0-a5a2-74b3e98cec9c,12/25/2026 05:00:00,Leading Economic Index,LOW,JPY
2f471ca0-31f8-4029-82a8-26dd29e8179f,12/25/2026 05:00:00,Christmas Day,NONE,USD
e7d76193-9961-48e7-ae3a-48a15add45d2,12/25/2026 12:00:00,Boxing Day,NONE,NZD
1c772581-d6f5-45a5-a4c4-5837ffc9bca7,12/25/2026 14:00:00,"Boxing Day ",NONE,AUD
695bfaea-7a45-4204-89ff-aad50ec59eca,12/25/2026 15:00:00,UoM 5-year Consumer Inflation Expectation,MEDIUM,USD
d1e546be-0734-45f0-b9cb-e11a2bedc79c,12/25/2026 18:00:00,Baker Hughes US Oil Rig Count,LOW,USD
f7172829-8b51-4a7d-9300-fbcc8c30c5cf,12/25/2026 20:30:00,CFTC AUD NC Net Positions,LOW,AUD
15bb9970-c486-4ab8-8e7f-49a14f79580a,12/25/2026 20:30:00,CFTC EUR NC Net Positions,LOW,EUR
01c8da33-5e3a-4b8a-a91d-308ea6b73677,12/25/2026 20:30:00,CFTC JPY NC Net Positions,LOW,JPY
c2821aaf-7fd8-45fc-bd3f-cf2b78b38c82,12/25/2026 20:30:00,CFTC GBP NC Net Positions,LOW,GBP
db19dc43-ecbf-408e-993e-20b8bd110d14,12/25/2026 20:30:00,CFTC Gold NC Net Positions,LOW,USD
755de4ed-c75a-4270-843e-9813a9c8eed7,12/25/2026 20:30:00,CFTC Oil NC Net Positions,LOW,USD
67c320ce-9f47-4112-8c81-c25cfb5e58b1,12/25/2026 20:30:00,CFTC S&P 500 NC Net Positions,LOW,USD
fe6763f8-4ffb-4712-bd91-ba6a315afc77,12/25/2026 22:00:00,St Stephen's Day,NONE,CHF
83e59abf-d669-455b-ab79-e5af55d33ff0,12/25/2026 22:00:00,Boxing Day,NONE,EUR
0e8d3edf-a5d3-4b81-a075-ee20b25aadff,12/25/2026 22:00:00,Boxing Day,NONE,EUR
448298e3-a7ad-490c-9288-3762858ac1b0,12/25/2026 22:00:00,St Stephen's Day,NONE,EUR
79a91342-92eb-41c5-8c0f-5f420dbebe0b,12/26/2026 00:00:00,Boxing Day,NONE,GBP
5572b73e-7440-46b9-acaa-8cdbefbcdd05,12/26/2026 05:00:00,Boxing Day,NONE,CAD
dfa2e1d2-6585-4cec-99ea-2df20e9414ce,12/27/2026 23:50:00,BoJ Summary of Opinions,LOW,JPY
63f61a72-e9cc-44d7-8c91-9de4135281f3,12/27/2026 23:50:00,Industrial Production (MoM),LOW,JPY
2cad1088-1b19-4970-ba45-a1d2a9f7df94,12/27/2026 23:50:00,Industrial Production (YoY),LOW,JPY
f2dd832c-4a95-4777-9502-4f5a8cc032da,12/27/2026 23:50:00,Large Retailer Sales,MEDIUM,JPY
a4916511-a0ee-45a9-af95-b4b9e84133ef,12/27/2026 23:50:00,Retail Trade (YoY),MEDIUM,JPY
7468ae82-a627-47ad-a916-750dd8432bd4,12/27/2026 23:50:00,Retail Trade s.a (MoM),MEDIUM,JPY
b7b39695-8c2c-40e9-a9e9-8fe73561c3b2,12/28/2026 05:00:00,Annualized Housing Starts,LOW,JPY
d0a5cf7e-7b29-4dc4-8a58-606a671fadc1,12/28/2026 05:00:00,Construction Orders (YoY),LOW,JPY
fceea8be-2a86-4c39-b0a9-a658affaabb3,12/28/2026 05:00:00,Housing Starts (YoY),LOW,JPY
94893656-545f-479e-b475-1a36f05cd3c0,12/28/2026 13:30:00,Wholesale Inventories,LOW,USD
a3d052fb-2495-47fd-8775-871a121fa26f,12/28/2026 15:30:00,Dallas Fed Manufacturing Business Index,LOW,USD
5d241340-5500-4c6b-b933-0ac9023f5504,12/28/2026 16:30:00,3-Month Bill Auction,LOW,USD
7f1d8626-73c9-4ac7-abc5-3e9fb2d08c6a,12/28/2026 16:30:00,6-Month Bill Auction,LOW,USD
8edd5b5d-4593-4212-9938-8a2ebdba6d78,12/28/2026 18:00:00,2-Year Note Auction,LOW,USD
c6c4e68f-a915-4646-a3d1-a63bdfa5fe5d,12/28/2026 18:00:00,5-Year Note Auction,LOW,USD
e7bd1158-4dac-4d16-bb65-dcc2ce902794,12/28/2026 23:30:00,Jobs / Applicants Ratio,LOW,JPY
3053aaa5-7ec9-4ec4-98cd-b977fc9f8fb6,12/28/2026 23:30:00,Unemployment Rate,MEDIUM,JPY
3b1931e0-e98c-4383-850d-41d0b89b3207,12/29/2026 00:01:00,BRC Shop Price Index (YoY),LOW,GBP
90f77d6c-b275-4a23-a5e6-3c624ab8a679,12/29/2026 13:55:00,Redbook Index (YoY),LOW,USD
2cd9a1db-94c0-49cf-aa1c-75f2af145270,12/29/2026 14:00:00,Housing Price Index (MoM),MEDIUM,USD
3b3e4fe9-88bb-449b-90cf-d2b16cf2209e,12/29/2026 14:00:00,S&P/Case-Shiller Home Price Indices (YoY),LOW,USD
c284b768-1462-4025-bb2d-9c2408acc0e4,12/29/2026 15:00:00,Consumer Confidence,MEDIUM,USD
2a6ea0f4-3f81-4643-9dda-b5363c234a3d,12/29/2026 15:30:00,52-Week Bill Auction,LOW,USD
77bb9962-9137-4a9e-b0eb-20c745a0c548,12/29/2026 18:00:00,7-Year Note Auction,LOW,USD
4ff084fd-1814-4401-88c5-0def12e0d1a4,12/29/2026 21:30:00,API Weekly Crude Oil Stock,LOW,USD
eef195cf-c11f-400a-ac52-fac12793e23e,12/30/2026 07:00:00,Import Price Index (MoM),LOW,EUR
b2c3b888-b59e-404a-bb95-32bb68e1593e,12/30/2026 07:00:00,Import Price Index (YoY),LOW,EUR
3193a950-4378-4eaa-9273-12d730a888a6,12/30/2026 07:00:00,Nationwide Housing Prices n.s.a (YoY),LOW,GBP
2f8e2d61-6500-4aa4-b982-a80a83371709,12/30/2026 07:00:00,Nationwide Housing Prices s.a (MoM),LOW,GBP
20b42c51-0360-47e3-a2b7-f385e33eaa5b,12/30/2026 08:00:00,KOF Leading Indicator,LOW,CHF
7f93b600-a998-412b-96ea-ed2f65a8828b,12/30/2026 08:00:00,Consumer Price Index (MoM),LOW,EUR
847d07c8-c041-4d0d-9599-603010277191,12/30/2026 08:00:00,Consumer Price Index (YoY),LOW,EUR
744cb029-e08e-4cba-8f6d-ae170a890457,12/30/2026 08:00:00,Harmonized Index of Consumer Prices (MoM),LOW,EUR
a15c453e-4388-48ef-a31c-d6f672ef4b51,12/30/2026 08:00:00,Harmonized Index of Consumer Prices (YoY),MEDIUM,EUR
599ebfc3-b476-4caf-ac0a-ad79646f30b3,12/30/2026 08:00:00,Retail Sales (YoY),LOW,EUR
18d1046c-d5ee-499c-8b73-37d300b4a3ba,12/30/2026 09:00:00,ZEW Survey – Expectations,MEDIUM,CHF
0273a90e-c963-4cee-bd4c-398cb917eae9,12/30/2026 09:00:00,M3 Money Supply (3m),LOW,EUR
2483ea71-ca71-4865-8e22-c12a3a90a16e,12/30/2026 09:00:00,M3 Money Supply (YoY),LOW,EUR
a235a672-df64-4363-a0e7-9fcbc4104510,12/30/2026 09:00:00,Private Loans (YoY),LOW,EUR
00a99f70-ac9e-41b4-96a2-b2bf5e7fe357,12/30/2026 09:00:00,Current Account Balance,LOW,EUR
325856e3-fb8e-497b-ad9f-9afc9dbce72b,12/30/2026 12:00:00,MBA Mortgage Applications,LOW,USD
c0e1d088-3a3a-4f51-ae8e-40ac7bf9be65,12/30/2026 13:30:00,Continuing Jobless Claims,LOW,USD
61ada45f-92fc-479c-bec0-6a161ba472f9,12/30/2026 13:30:00,Goods Trade Balance,LOW,USD
0a3b2a6a-1eb0-45e7-b9eb-60b697859588,12/30/2026 13:30:00,Initial Jobless Claims,MEDIUM,USD
4385fefc-0eac-4653-b5c0-168033774ab7,12/30/2026 13:30:00,Initial Jobless Claims 4-week average,LOW,USD
f0a7521b-1a53-4ad1-a80c-0d3cad91d843,12/30/2026 14:00:00,New Year's holiday,NONE,AUD
80b60a6c-38b9-4479-a336-a8935ce75f3b,12/30/2026 14:45:00,Chicago PMI,MEDIUM,USD
3e5fe1b4-c1d6-4b28-bc48-1dafa309b994,12/30/2026 15:30:00,EIA Crude Oil Stocks Change,LOW,USD
b047c1fc-fba9-4594-a72f-2b0381b1f16c,12/30/2026 15:30:00,EIA Distillate Stocks Change,LOW,USD
cf674847-fd46-4acb-84d2-f85086648157,12/30/2026 15:30:00,EIA Gasoline Stocks Change,LOW,USD
26f8ae5c-d889-4d98-9700-b7b0b6738188,12/30/2026 15:30:00,EIA Heating Oil Stocks Change,LOW,USD
3a229598-1dd9-4d0a-9554-20731c26d9ff,12/30/2026 16:30:00,4-Week Bill Auction,LOW,USD
e60d10dd-3909-42e5-b09d-0ab7d2e4cb6c,12/30/2026 22:00:00,New Year's Eve,NONE,EUR
9a2a4091-6ec0-43b5-8255-dfa1725c8db1,12/30/2026 23:50:00,Foreign Bond Investment,LOW,JPY
5bf148fa-1b3d-4aae-ba2c-6d1117b56886,12/30/2026 23:50:00,Foreign Investment in Japan Stocks,LOW,JPY
3aae80e0-5503-44fc-b71a-4125c4bd4c4e,12/31/2026 01:30:00,NBS Manufacturing PMI,HIGH,CNY
aedc2caf-9ad9-495b-a890-b66792bcca55,12/31/2026 01:30:00,NBS Non-Manufacturing PMI,HIGH,CNY
b96ea996-dc0b-4226-a1af-8521c30d9a35,12/31/2026 12:00:00,"New Year's Day ",NONE,NZD
7fc73e79-9622-43e6-afa9-266301e98b49,12/31/2026 14:00:00,New Year's Day,NONE,AUD
99f681c0-ee03-4d00-b75c-b5930826f33d,12/31/2026 15:00:00,New Year's Day,NONE,JPY
e05a1327-3e9e-4beb-862b-fd71e5b569b9,12/31/2026 15:30:00,EIA Natural Gas Storage Change,LOW,USD
c1ff81bb-87c3-40bd-9aca-09ce3c9ece75,12/31/2026 16:00:00,New Year's Day,NONE,CNY
